/*
SQLyog Enterprise - MySQL GUI v7.02 
MySQL - 5.0.51b-community-nt : Database - rpmesregion1
*********************************************************************
*/

/*!40101 SET NAMES utf8 */;

/*!40101 SET SQL_MODE=''*/;

/*!40014 SET @OLD_FOREIGN_KEY_CHECKS=@@FOREIGN_KEY_CHECKS, FOREIGN_KEY_CHECKS=0 */;
/*!40101 SET @OLD_SQL_MODE=@@SQL_MODE, SQL_MODE='NO_AUTO_VALUE_ON_ZERO' */;

CREATE DATABASE /*!32312 IF NOT EXISTS*/`rpmesregion1` /*!40100 DEFAULT CHARACTER SET latin1 */;

USE `rpmesregion1`;

/*Table structure for table `acknowledgement` */

DROP TABLE IF EXISTS `acknowledgement`;

CREATE TABLE `acknowledgement` (
  `agency` int(11) NOT NULL,
  `quarter` int(11) default NULL,
  `findings` varchar(1000) default NULL,
  `action` varchar(1000) default NULL,
  `isRead` int(11) default NULL,
  `year` year(4) default NULL,
  KEY `FK_acknowledgement` (`agency`),
  CONSTRAINT `FK_acknowledgement` FOREIGN KEY (`agency`) REFERENCES `tblagency` (`agencyid`) ON DELETE NO ACTION ON UPDATE NO ACTION
) ENGINE=InnoDB DEFAULT CHARSET=latin1;

/*Data for the table `acknowledgement` */

LOCK TABLES `acknowledgement` WRITE;

insert  into `acknowledgement`(`agency`,`quarter`,`findings`,`action`,`isRead`,`year`) values (15979,1,NULL,NULL,0,2016),(9902,1,NULL,NULL,0,2016),(27463,1,NULL,NULL,0,2016),(23393,1,NULL,NULL,0,2016),(23393,2,NULL,NULL,0,2016),(16072,1,NULL,NULL,0,2016),(8497,1,NULL,NULL,0,2016);

UNLOCK TABLES;

/*Table structure for table `acknowledgementexc` */

DROP TABLE IF EXISTS `acknowledgementexc`;

CREATE TABLE `acknowledgementexc` (
  `agency` int(11) NOT NULL,
  `quarter` int(11) default NULL,
  `findings` text,
  `action` text,
  `isRead` int(11) default NULL,
  `year` year(4) default NULL,
  KEY `FK_acknowledgementexc` (`agency`),
  CONSTRAINT `FK_acknowledgementexc` FOREIGN KEY (`agency`) REFERENCES `tblagency` (`agencyid`) ON DELETE NO ACTION ON UPDATE NO ACTION
) ENGINE=InnoDB DEFAULT CHARSET=latin1;

/*Data for the table `acknowledgementexc` */

LOCK TABLES `acknowledgementexc` WRITE;

insert  into `acknowledgementexc`(`agency`,`quarter`,`findings`,`action`,`isRead`,`year`) values (27463,1,NULL,NULL,0,2016),(23393,1,NULL,NULL,0,2016),(23393,2,NULL,NULL,0,2016);

UNLOCK TABLES;

/*Table structure for table `acknowledgementmoni` */

DROP TABLE IF EXISTS `acknowledgementmoni`;

CREATE TABLE `acknowledgementmoni` (
  `agency` int(11) NOT NULL,
  `findings` text,
  `action` text,
  `isRead` int(11) default NULL,
  `year` int(4) default NULL,
  KEY `FK_acknowledgemoni` (`agency`),
  CONSTRAINT `FK_acknowledgemoni` FOREIGN KEY (`agency`) REFERENCES `tblagency` (`agencyid`) ON DELETE NO ACTION ON UPDATE NO ACTION
) ENGINE=InnoDB DEFAULT CHARSET=latin1;

/*Data for the table `acknowledgementmoni` */

LOCK TABLES `acknowledgementmoni` WRITE;

insert  into `acknowledgementmoni`(`agency`,`findings`,`action`,`isRead`,`year`) values (15979,NULL,NULL,0,2016),(23393,'For consideration in the preparation of the CY 2016 RPMES Monitoring PLan\r\n<br/>sdfsdfdsf\r\n<br/>sdfsdfdsfa\r\n<br/>sdfsdfdsf\r\n<br/>sdfsdfdsf\r\n<br/>sdfsdfdsf\r\n<br/>sdfsdfdsf','.For consideration in the preparation of the CY 2016 RPMES Monitoring PLan\r\n<br/>sdfsdfdsf\r\n<br/>sdfsdfdsfa\r\n<br/>sdfsdfdsf\r\n<br/>sdfsdfdsf\r\n<br/>sdfsdfdsf\r\n<br/>sdfsdfdsf',1,2016),(25988,NULL,NULL,0,2016),(27463,NULL,NULL,0,2016),(28499,NULL,NULL,0,2016),(9001,NULL,NULL,0,2016),(16072,NULL,NULL,0,2016),(8515,NULL,NULL,0,2016),(17344,NULL,NULL,0,2016),(8497,'asdfasdasdas sd f sdf s df sd f s df sd f sd fsdf sd f sd f sd f nsdf sd f sd f sdf s df sd asdfasdasdas sd f sdf s df sd f s df sd f sd fsdf sd f sd f sd f nsdf sd f sd f sdf s df sd asdfasdasdas sd f sdf s df sd f s df sd f sd fsdf sd f sd f sd f nsdf sd f sd f sdf s df sd asdfasdasdas sd f sdf s df sd f s df sd f sd fsdf sd f sd f sd f nsdf sd f sd f sdf s df sd asdfasdasdas sd f sdf s df sd f s df sd f sd fsdf sd f sd f sd f nsdf sd f sd f sdf s df sd ','dsfsdf',1,2016),(9902,NULL,NULL,0,2016),(7044,'For consideration in preparation for CY 2016 RPMES Monitoring Plan','.',1,2016),(23942,NULL,NULL,0,2016),(8156,'For consideration in the preparation of the CY 2016 RPMES Monitoring Plan','.',1,2016),(1,NULL,NULL,0,2016),(30155,NULL,NULL,0,2016),(242,NULL,NULL,0,2016),(17089,NULL,NULL,0,2016),(27238,NULL,NULL,0,2016);

UNLOCK TABLES;

/*Table structure for table `hits` */

DROP TABLE IF EXISTS `hits`;

CREATE TABLE `hits` (
  `id` varchar(100) NOT NULL,
  PRIMARY KEY  (`id`)
) ENGINE=InnoDB DEFAULT CHARSET=latin1;

/*Data for the table `hits` */

LOCK TABLES `hits` WRITE;

insert  into `hits`(`id`) values ('00srenfqsqg9l0qj0fki0a1hl3'),('018fqvpnnp5ijc6716pgouv4a0'),('05kmbt3aeip0s332ob6a42bhl7'),('07dfjpebcc83gdc2e7ivtvpq07'),('07gf4qofbqrfpsfa9uc84suh76'),('0848kurspv3aa7673ggp29cvl7'),('091k64v7u85jevkq82k0o2piu1'),('0d8ke68bu0dn6ph9lc3n7copm3'),('0e570i0q7vjcl48mf68o33n7c0'),('0hr8u5428250d9it01jqluj1e0'),('0i85udq8k06avtb9pkugko1kt3'),('0iri5mmun49ha2hlh62t7ii9r1'),('0kd1dgu3pm3qstljgip90ouj76'),('0n08bglofp015truhd696m55q6'),('0r836dgsvqquu7iemtp7nupq14'),('0t4oo1vppf22asr2t2138rvkk7'),('0ubdnsel0id0djpvj4fpi5jh63'),('100036'),('100586'),('100677'),('101288'),('101318'),('102539'),('103210'),('103241'),('103378'),('103531'),('103714'),('103836'),('103958'),('10406'),('104355'),('104644'),('104965'),('105194'),('105301'),('105316'),('106949'),('106994'),('107681'),('107834'),('107879'),('107956'),('108185'),('108368'),('108413'),('108459'),('10849'),('108810'),('10g3096svb42jqhu28lgj5qfc2'),('110550'),('110946'),('111740'),('112060'),('112594'),('112716'),('113189'),('114975'),('115188'),('115646'),('115875'),('116119'),('116623'),('116714'),('117340'),('118149'),('118606'),('11871'),('119522'),('119552'),('119629'),('120056'),('120163'),('120376'),('120529'),('120682'),('120956'),('12100'),('122162'),('122497'),('122711'),('122818'),('122894'),('123062'),('123153'),('123459'),('123611'),('123642'),('124481'),('124603'),('124649'),('12512'),('125274'),('126327'),('126373'),('126709'),('126831'),('126953'),('12756'),('127945'),('128982'),('129211'),('1296'),('13000'),('130432'),('130798'),('131012'),('131027'),('131058'),('131637'),('131714'),('131897'),('132019'),('132797'),('133438'),('134262'),('135071'),('135345'),('135788'),('13595'),('136398'),('137085'),('137451'),('137619'),('137893'),('138229'),('138504'),('138839'),('139572'),('14007'),('140930'),('141525'),('142975'),('143478'),('143509'),('143661'),('143677'),('144211'),('144821'),('144989'),('145279'),('145431'),('14633'),('146393'),('146652'),('146789'),('146850'),('147247'),('147384'),('14740'),('148208'),('148544'),('148620'),('148666'),('148681'),('148834'),('149246'),('149322'),('149338'),('149383'),('150284'),('151291'),('151703'),('151962'),('152084'),('152237'),('152557'),('152603'),('152649'),('152954'),('153244'),('153396'),('153457'),('153534'),('154342'),('15441'),('154968'),('15502'),('15548'),('155639'),('155655'),('156463'),('156631'),('156723'),('157348'),('157440'),('15792'),('158508'),('15914'),('159256'),('159958'),('160492'),('160599'),('161377'),('162826'),('162842'),('163559'),('163940'),('164337'),('164368'),('164657'),('164978'),('165298'),('165405'),('166565'),('167221'),('167572'),('168396'),('168609'),('168823'),('168838'),('169052'),('169235'),('169403'),('169510'),('16967'),('169876'),('16d24i01l9gngq7m1v1vl4ifn0'),('16rh5rj7bigjt6rafvvsp96857'),('170151'),('170227'),('170669'),('17074'),('170761'),('171020'),('171036'),('17135'),('171387'),('172363'),('17242'),('172439'),('17257'),('173294'),('173462'),('173889'),('174835'),('17501'),('175125'),('175445'),('175567'),('176086'),('176315'),('176742'),('178314'),('17837'),('178558'),('179718'),('17dg0679p912s7au3q35rn1330'),('1800'),('180298'),('181473'),('182525'),('182892'),('183288'),('186020'),('186310'),('187363'),('18737'),('187622'),('188171'),('188187'),('188232'),('188492'),('18859'),('188614'),('188660'),('188705'),('189194'),('189911'),('190002'),('190399'),('190857'),('191391'),('19149'),('19180'),('192215'),('192764'),('192856'),('19378'),('194366'),('194443'),('194504'),('19454'),('196091'),('196136'),('196335'),('196442'),('196609'),('197327'),('197922'),('198196'),('198639'),('199173'),('199249'),('199463'),('199936'),('1dc6idlksl44nkvftkg98lgud2'),('1dfglv3rpe3q8u6ls85na82096'),('1foqq6r4i9d8ng9pmsdicltcg6'),('1gm76b2gmdhrmcua3ftprigee7'),('1i5oos7j10jkttnqgdbd55lq84'),('1ivps3l50ll1ipql25ocfiuij4'),('1k1t0mq9qlt49oke0fnqomap01'),('1ks1387e32c6025eua8deim241'),('1lv44mktcm1p6foloko2icm1g2'),('1vs1cudk78hiv4m8idd0rhkoo1'),('200195'),('201050'),('201294'),('201462'),('201858'),('202148'),('202316'),('202743'),('203140'),('203644'),('20370'),('20385'),('205261'),('205734'),('206192'),('206589'),('208023'),('208832'),('20996'),('210113'),('210220'),('210541'),('211304'),('212158'),('212250'),('212662'),('213211'),('213409'),('213623'),('213898'),('21408'),('214416'),('214630'),('214889'),('214966'),('215240'),('215286'),('215317'),('215439'),('215530'),('216492'),('218094'),('218338'),('218780'),('219101'),('21972'),('21flvj33fmsc2bf51dbom3ffs5'),('220215'),('221039'),('221191'),('221268'),('221344'),('221795dl4hkpsgtcdhqr67lua1'),('221954'),('222153'),('222549'),('222595'),('222809'),('223175'),('223770'),('224411'),('224426'),('224518'),('225311'),('225418'),('225967'),('226410'),('226562'),('226639'),('226944'),('227066'),('227264'),('227600'),('22781'),('228180'),('228516'),('229050'),('229202'),('229217'),('229858'),('229935'),('23025'),('230514'),('231415'),('232498'),('232941'),('233215'),('233429'),('23361'),('23452'),('234695'),('235123'),('235336'),('236145'),('236542'),('236755'),('236832'),('237045'),('237167'),('237518'),('237854'),('238052'),('238159'),('238312'),('239014'),('240448'),('240845'),('241104'),('241348'),('241501'),('24231'),('242706'),('242874'),('243759'),('244369'),('244614'),('244675'),('244919'),('244934'),('245300'),('246429'),('246597'),('24719'),('247864'),('249985'),('25024'),('250244'),('251038'),('251053'),('251434'),('251450'),('25146'),('251602'),('252304'),('252472'),('252960'),('25314'),('253769'),('253860'),('253876'),('25390'),('25466'),('25512'),('255142'),('25543'),('255539'),('256180'),('25634'),('256454'),('256546'),('256653'),('256775'),('256882'),('256912'),('257645'),('257721'),('257843'),('258926'),('259216'),('25955'),('259583'),('260040'),('260391'),('260513'),('260544'),('260651'),('261292'),('261353'),('261887'),('261902'),('262238'),('262482'),('26260'),('262924'),('262939'),('263077'),('263351'),('263367'),('264053'),('264404'),('265854'),('267105'),('26718'),('267304'),('267517'),('268189'),('268250'),('268372'),('268387'),('269043'),('269257'),('269669'),('269699'),('270020'),('270096'),('270218'),('270905'),('270poi3gn5iika6j9e9l4lur93'),('271164'),('271210'),('271301'),('271927'),('271942'),('272003'),('272430'),('27267'),('272797'),('2731'),('27343'),('273727'),('273911'),('274078'),('274948'),('275269'),('276505'),('276871'),('277924'),('27969'),('280aik14u7hp4pmo7soh0a8p91'),('281357'),('281769'),('282074'),('282181'),('28259'),('283218'),('28335'),('283890'),('284409'),('284622'),('28518'),('285355'),('285507'),('285523'),('2863b52phfbeb8da3m78r9mls6'),('286636'),('286758'),('287247'),('287506'),('288101'),('288239'),('288864'),('290802'),('290924'),('291061'),('29129'),('292191'),('29220'),('29281'),('2929'),('293030'),('293228'),('293854'),('293930'),('294083'),('294540'),('294815'),('294891'),('295548'),('29571'),('296570'),('297409'),('297424'),('297562'),('298142'),('298187'),('299103'),('299652'),('2f9msda9nh6jgvna3invo64ct3'),('2hsp23uvbrrbt5j91bbgq689h2'),('2mn0ckpklqfpibcrvorogb21u7'),('2p0dapsv5gg1qkuf2fup1pvgs6'),('2q31onhfo97mkt4o6s873a7g52'),('2teeo53ralcbhvhhtpsof35md2'),('300064'),('30044'),('301025'),('301544'),('301590'),('301697'),('301758'),('301865'),('301911'),('301941'),('303208'),('303574'),('304077'),('304825'),('305115'),('30532'),('30578'),('306305'),('306381'),('306748'),('306976'),('308579'),('308777'),('309372'),('30a8lmfa091qvnrgh3a0a70qj6'),('310150'),('31051'),('311417'),('31204'),('312348'),('312378'),('312439'),('312698'),('31311'),('31326'),('313446'),('313721'),('314545'),('314606'),('316467'),('31677'),('316864'),('317063'),('317124'),('317429'),('317551'),('317658'),('31845'),('318710'),('318848'),('318924'),('319458'),('319534'),('31ije3kdokoqfegmljiougnqs4'),('31n6hqk90d4jn8e5309arahib7'),('31rsjlk6tjr4s1p7j416iq8a92'),('320023'),('32013'),('320175'),('320526'),('320862'),('320892'),('321152'),('321503'),('321777'),('321900'),('321915'),('322403'),('324295'),('324433'),('324875'),('325363'),('326172'),('326599'),('326615'),('326813'),('327057'),('327255'),('327576'),('327683'),('327713'),('327896'),('328125'),('328278'),('328736'),('32974'),('329865'),('329926'),('32q30pr4669q61gopjng3k8d73'),('330155'),('330368'),('330704'),('332138'),('33248'),('332504'),('332688'),('333130'),('333176'),('333389'),('333466'),('333527'),('333695'),('333817'),('334366'),('335556'),('335907'),('336029'),('336868'),('337753'),('337845'),('338150'),('339981'),('340042'),('34006sb38lmo9tcjvk8l64rc94'),('340073'),('341263'),('343170'),('343292'),('343491'),('344559'),('345276'),('346619'),('346741'),('346802'),('346878'),('347367'),('348252'),('348328'),('348953'),('34896'),('349243'),('349732'),('349976'),('34nfl0u4pn12l1h6eg2btnjoo0'),('350357'),('351608'),('351807'),('351914'),('352524'),('352646'),('353058'),('353119'),('353317'),('35339'),('353501'),('353974'),('354233'),('354462'),('354569'),('354782'),('355744'),('356079'),('356720'),('356858'),('35705'),('357071'),('357514'),('357559'),('358582'),('358734'),('359040'),('359741'),('359772'),('359787'),('360703'),('360764'),('361038'),('361557'),('361801'),('36224'),('36239'),('362824'),('363297'),('363404'),('363693'),('363861'),('36438'),('364502'),('364670'),('365128'),('365418'),('365769'),('365860'),('366165'),('367386'),('367523'),('367600'),('368180'),('368531'),('368576'),('368714'),('368927'),('36972'),('36nrqoq688kr6qfqf0dul2les3'),('370178'),('370407'),('370438'),('370499'),('370606'),('371506'),('371582'),('371948'),('3723'),('372483'),('372589'),('373474'),('373825'),('374222'),('374710'),('375138'),('376541'),('376648'),('376923'),('377075'),('377716'),('377976'),('378296'),('378388'),('378998'),('380112'),('380600'),('381531'),('382355'),('382492'),('383072'),('383255'),('38330'),('383683'),('384934'),('385117'),('385590'),('38665'),('387009'),('387039'),('387223'),('387558'),('388382'),('390305'),('391098'),('391342'),('39184'),('391922'),('392121'),('392533'),('392716'),('392746'),('392914'),('393280'),('393708'),('393906'),('394730'),('394806'),('394959'),('395233'),('395478'),('395935'),('395951'),('396042'),('396088'),('396988'),('397187'),('397446'),('398896'),('3ag4ns8ve8m29728q01cedu5c5'),('3av65pjakogrl85e7ps82eqtt6'),('3cllfvimbdkd4n9am4deee5g20'),('3euqgptuig1r2cr0pv9mqmcda2'),('3ghb6d9c8hfiskp1mg2jhlrs95'),('3hqbuvdeqpgn1bd0cokpu463d5'),('3knm5u8ck19omtrahd1vucigq4'),('3oe0kk8n80sb4o9is0oa07fvj5'),('3rg5d0s5n8dm78gqjhb0aidhu6'),('400482'),('401367'),('401886'),('402054'),('402146'),('402253'),('402634'),('403168'),('403321'),('404160'),('404236'),('404511'),('404679'),('404847'),('404938'),('405487'),('406754'),('406830'),('407379'),('408524'),('409058'),('40954'),('409790'),('40985'),('409851'),('409989'),('410294'),('411652'),('411774'),('412094'),('412155'),('412171'),('413361'),('415222'),('415436'),('415497'),('415726'),('415863'),('416626'),('416779'),('41687'),('417420'),('417740'),('417771'),('417939'),('418320'),('418503'),('419281'),('419434'),('41mj0iqa2eaef7nkt3mrkhtdq3'),('420075'),('420410'),('420731'),('420853'),('421967'),('422058'),('42297'),('423584'),('424073'),('424195'),('42450'),('425370'),('425782'),('427048'),('427109'),('427262'),('427353'),('427735'),('427811'),('427994'),('428284'),('428299'),('429398'),('42984'),('430008'),('4302'),('432038'),('433670'),('433747'),('433869'),('434601'),('435273'),('435456'),('435608'),('436005'),('436493'),('436768'),('437027'),('437134'),('437226'),('437394'),('437943'),('438279'),('438385'),('438416'),('438523'),('439057'),('439179'),('439484'),('439560'),('440049'),('440201'),('440689'),('440812'),('441788'),('44265'),('442749'),('443131'),('443375'),('443451'),('444016'),('444672'),('445099'),('446167'),('446793'),('448258'),('448410'),('448777'),('448975'),('449158'),('449799'),('450287'),('450upj313jhv9f9vhbrqe0d8u3'),('451523'),('4516'),('451722'),('451828'),('452225'),('452424'),('452591'),('453461'),('453965'),('453995'),('454132'),('455948'),('456040'),('456223'),('45639'),('456krmde7cg6vcg7559ssbn124'),('457261'),('457673'),('458085'),('458954'),('459015'),('459275'),('460312'),('460419'),('460679'),('461609'),('462098'),('462906'),('463318'),('46371'),('464295'),('464402'),('464508'),('464936'),('464951'),('465592'),('465882'),('466599'),('468659'),('469239'),('470566'),('470688'),('471589'),('471772'),('472168'),('472702'),('472916'),('473664'),('474198'),('474366'),('474854'),('475541'),('475815'),('476136'),('476517'),('477128'),('477356'),('477921'),('478547'),('47866'),('478699'),('4791'),('480286'),('480927'),('481064'),('48126'),('48156'),('481568'),('481843'),('48233'),('483277'),('483338'),('483689'),('4837'),('484025'),('484162'),('484726'),('485459'),('485566'),('485611'),('485779'),('486161'),('486420'),('486863'),('487549'),('487702'),('488495'),('489075'),('489106'),('489319'),('489472'),('489930'),('49026'),('490342'),('490510'),('491486'),('492005'),('49209'),('49270'),('492814'),('492951'),('493195'),('493256'),('493516'),('49408'),('494080'),('494584'),('4946shpceraf8re5eqeamsmc55'),('494813'),('495240'),('496903'),('497300'),('497681'),('497788'),('498078'),('498414'),('49881'),('499070'),('499177'),('499573'),('499756'),('499970'),('4amfr8cg25n466d8nen7lnkmj2'),('4eeqrthnhbquvuc088qusai964'),('4iusoif81kkiaeqsfpi6019p21'),('4ooi19577e1qogfd1uo2r811c6'),('4p4fdf3tna2hme5oe2ec9o9f74'),('4pa1ut6453big6us3e524hdn53'),('4q7llvvrescbofptvq46oglu05'),('4qr67aoa54dto3catgp8cccft4'),('4rngocakaujjq60c3dv5ivhsq2'),('4tslkt8q3t8jk0q6girbrc9en2'),('50537'),('5218'),('52612'),('52856'),('52963'),('52jlq0c8nj6iddcpuj7ltcddd0'),('52rcr75k552joma7dmqq2oh222'),('54016'),('54107'),('54138'),('54336'),('54748'),('55221'),('55435'),('55740'),('55862'),('55954'),('55de0uf4fasb72b56sob24rqi4'),('57144'),('57495'),('57708'),('59143'),('59295'),('59524'),('5955ftusat7ujsfkpguh354181'),('59616'),('59921'),('59967'),('5a5puvuk853a62l3jksf6ui6k5'),('5acirhlrlnjumsdg2c8bcfn991'),('5akceknsb57apm4qcgnojbm7f1'),('5d1i1grn1o71b9geqe78s3m9b3'),('5dleilgtjoujc8qn6t4gmkkob0'),('5i8cd8t846kfp3hmnk1i8goqo2'),('5k6fvbeggacsm8j6euabsoobd1'),('5nna06vmcudl5d646tdjjc0ig2'),('5qs6mjgjk2gthe4s8mp37rmit1'),('5rdmg7dohiku64im7ser8easp0'),('5sudl0m7l0gjfgvomtgjspu091'),('60165'),('60333'),('60501'),('60867'),('609jg6l2cd07tuehc7fed56m50'),('61248'),('61279'),('61litd7sccblkm3t3j72s931q2'),('62332'),('62759'),('62957'),('63125'),('63140'),('63202'),('63919'),('63bmjsmmlej8km99ddeptb0g80'),('65765'),('66909'),('67184'),('67et9qm15nbtjrurlrqft6ljg2'),('69549'),('69824'),('69976'),('6gjtnvjef17hoifejd016abvv0'),('6jlioaji9ts6k8adkc4en7pt83'),('6nnc660o1qvvs7eghjiadt7070'),('6ola0ug6etu7mgi8jf550g8vf6'),('6p475ote4efrvrprrtvl7o7sl4'),('6qcm5jlls010m9d463d4ii98c2'),('6qtkhrlnbe0q5nksv7va1iu654'),('6s0ft48odgrj9engr6vriqlkp1'),('6s675nuel6tahvslnph08edfv3'),('6temqsrpd0f5mda9seohkhk001'),('6tn4916gv6ouioiskdqmb04hv4'),('6un22da4dvlt3jda06s88mdie5'),('70007'),('70709'),('70800'),('708np8j8ja9et2lea6jb75ek30'),('70968'),('7141'),('71457'),('71518'),('71853'),('72479'),('72631'),('7278'),('72860'),('73074'),('73227'),('73455'),('73pilra2lu6caktaadsaur5u25'),('74447'),('74783'),('74890'),('75042'),('75134'),('75378'),('75454'),('75668'),('7583'),('75927'),('75tmshm367l5k5d4o3hshrajg1'),('76370'),('76416'),('76568'),('76675'),('7705'),('779275vvl94cmv25o4uo35mp34'),('77bl8h4qug54ust31erfj9hkq0'),('77kfc48hphma9ev4bth29a9qs1'),('78186'),('78781'),('79193'),('79269'),('793'),('7980'),('79971'),('79986'),('7a18i42tsvr6130stro2c39hi4'),('7anjctk2917t7174fg3n4olae7'),('7dbo5ging7irc1sb45o7ff49h4'),('7die1o9323d6mnv7c8lkgml4o6'),('7ilegglf7mqbbi6dsfsnfgjnc4'),('7o8evnf2q89bkf5nm06ouv1aj7'),('7qdaaddg47g3a4eb07lmlt4ca5'),('7qe6emuhjk6ij0nq9kuq7tus54'),('7rk74jshjnea39i7eiv1jvqso5'),('7s65l1nnmc8nior4bn45qjona7'),('7tr8pj08e6ciuivo1r2ipehia7'),('7vgb6sudca0kaq8minu7og37e2'),('7vknui6ot6sqoak1i0g9i9e5h7'),('80e60k9lodtvjsiv5j5ojtf514'),('80ph3e4q63jm3k8mgqe2lshmh0'),('80uoc21ugptapbj5et51khmi05'),('81634'),('81ibf0plgl73ll9nhi45gdsc64'),('82000'),('82351'),('82748'),('82apruse4nuuqqant9tgub40t6'),('83206'),('83r1mmvep3epg8419vu8hd9uq7'),('8529'),('85342'),('85495'),('85571'),('85876'),('86670'),('86776'),('87188'),('87372'),('87875'),('88180'),('8911'),('89111'),('89492'),('89721'),('8bfao3n0ch5tur0nlk34srsjj3'),('8c2n6ls5evo1c58o19bjrq5t65'),('8c3qhu92c73euauclbqii56126'),('8cv59bnsa2qhglgk3r9umm6th1'),('8efkrbk8meneqjvjo5b1kltnj4'),('8ekc89jrmhgbb6s223ehsq5o94'),('8g9qka63ivjj61cb3pu27834n4'),('8gk0goqg8oubju7nf9eaiclbq0'),('8gl70n2350sivp1kkjst7rtvr2'),('8hj0vfbjutevdeg3qqjd7fifd5'),('8mudc3tvnh7tlnftqtvld5jmj2'),('8mvmlbhlj7lfo387gsbq0bn6o0'),('8si83q3mr2kjp4innkh23340l1'),('90973'),('90qad93fosehp35hgvr0beaku3'),('91186'),('91980'),('92376'),('92407'),('92621'),('93002'),('93124'),('93795'),('9445'),('94604'),('95504'),('96573'),('9658'),('96d2e6152mp1ppj21ar71hmmm1'),('96mqlimekhk51kdtil1e9mcek5'),('97183'),('976'),('97763'),('97n7000gfe2u9g2fsmtfos7kl0'),('98282'),('983t7bfi0390j0phscrr7p0gs6'),('98526'),('99395'),('99945'),('9b35usigco17cq9al27qr63un3'),('9cp76usp2j1rp2khjgai2bs2s0'),('9ilrqcuvci1jgkpgmkff7rh8i6'),('9msermgqvn815k4tas3gaq64c7'),('9sk60rhnt4nc4rjv0cnnmn9j64'),('9spo696pm6i4gcja9kmki2o1r7'),('9tffdj87a0hk05ugr6af23gv94'),('a012fq34o6hhvtdo9fbgrtl0j2'),('a1bevabqsvddkce3tnbq11v9g6'),('a2g2gksk2msajjle1sht1flii1'),('a36onrhidboqk4gq2t7iuufmk5'),('a3lnja1205nvrnqg46sqvdp0o2'),('a3qa5dks9o05orlkar8akkggl4'),('a7dbudab4pica072ov8nj25200'),('aehnhf1rhq8e5jifofpvgkcqq1'),('af6biu36pr5lsqj7seug8l73s5'),('afc42oeeks7b6ucd99837h9av4'),('agrdqfvo1u1le85c2q9eucrkh6'),('ah5phbbc3more0u5madml6kl14'),('aiq0g7h5p1c17ufogbh8jsrrb3'),('ajto4aupt87cfnns71pa4uanj4'),('akmaj93huhvincq4p975qb3ho4'),('aph4nif85skg29i0hd8gkfb8q1'),('aqbae5q6hjp1g8c3sgk5s1mtu3'),('aspc2f3edu27b7kh3odeabdpb7'),('at8g7ijtvnd9aam35r5vglmrg4'),('atjqf7meaprlopvhe6dfmohom5'),('auheoo10p0s3j9a61qe4evqg75'),('auhivvl292f7eqpa3c4goc9r36'),('aui3lpjamaj2jup9iim3v17om2'),('auk9h2u1adk92f80u62dhfu131'),('b2kslmavq3dva3qih47fhkgps1'),('b2ub5oog4hpd7q7v91b290ui05'),('b4qhusm2bqhf5nafl2t2rnrkq6'),('b4r9lgjc3ibg54tha3pr8ughk5'),('b68kpu4coo777rjmba6v61beq7'),('b6br9a99ff63sd71a8695uh8l5'),('b96llvks9oe8d4go0s7kmco0f3'),('b9h4r8ur4fp4cjonuce1j18bs1'),('bb5asaps7gffiov33adotigio2'),('bersd0aop9eqa9v1gek1pdc5o0'),('bjpfvkefs6i1ogtdnhdr66fdt0'),('bl5sm12hdlh6hihgshm9ke1et4'),('bmrd97iok07cjmdacv24j5rs03'),('bnmjvi0fqdluh5ldrihpp48l71'),('bofh4dtbiqmpo6prbor1u2fks1'),('bsuh7sm089qqkhdfej1jag21k2'),('bv92hl57navu9maqjghh5ac7m1'),('bvqog6jgp1ur6ocshirp5npok3'),('c13s99qh282pamrk4mfcerffg2'),('c4gnk4o5bfv1immafh61ucd41'),('c4gnk4o5bfvc1imfh61ucd41'),('c4gnk4o5bfvc1immafgjh61ucd41'),('c4gnk4o5bfvc1immafh61uc'),('c4gnk4o5bfvc1immafh61ucd4'),('c4gnk4o5bfvc1immafh61ucd41'),('c4gnk4o5bfvc1immafh61ugcd41'),('c4gnk4o5bfvc1immdafh61ucd41'),('c4gno5bfvc1immafh61ucd41'),('c5i9tkvrtv2ite6rqvhf9qobs0'),('c8avr306mog9ip3ve5ga8h34t3'),('c8uihdj3bfspr6qi8j2feu3tq0'),('cd5hcn3btne3hq5n16e2sshlh5'),('cd9c2qhf16ghss2puc5bq25p43'),('cds8s0ouv8aq349qj6k25ui9b5'),('cf8k3p9u11fuv105lnkh0ko3l7'),('cgjtbnp4b3199nc3pbc2kbijs0'),('cj489rtkcdonsnesjvlmbnroq4'),('cr4i5gt5mp20m536af80om7hc0'),('d01d8db3pn9c61gciup2ujdq96'),('d01jb9aaulpbhjknkpenhmvuo2'),('d2tbqo1c83t6osj185m8f6b582'),('d7du98gnafcufki0cdud6r04h0'),('dbj6nen5fm1j194a0t6gitaj97'),('dbk2lpjf9cf7lgl1fdm2hrmlc2'),('dcvbtkqebr7jj11skh64lcq8s0'),('ddhri98s6h12etnufu7lan2386'),('ddtrj79ikvhsoos8t2qv8ks7g7'),('deuil17122fcpvot9sq93nm233'),('dhnri3e1nluvpk66jl7sst0co4'),('dkopc4b3kqeqnq32a7rl0k7md7'),('dmgvgsfr5jm2gnfjhs6lmvaai7'),('do1bq25onm9stuvpadpqpafkv4'),('dq7rt4n1lvdr4nmmt7s1gggcm5'),('ds6m3d8i23c491anqoddibcsp1'),('ds9r9h8h3c8i7364ucdvcp9847'),('du71clarv3l7l5cnscbg8kj1f0'),('e4h5r9sltft1947rt0kuro6vg0'),('e4m1dr5094en67ijlhicr5t922'),('e682t82lr2cnth3pnca2d651j4'),('e6ueib6svelir7qh28f07tu2r7'),('eairpskk2787780tj8i4jp4cg1'),('ebqlpdga1uudibbb0h99dam1s5'),('ebti7h16qqqi1fbp05tl8ppis0'),('ecgdo1scu5kpe0kuljp5rl7ha2'),('egke5ijl501gtjadf0oid960v3'),('ehome2fpr6qd0tksltc3sgbn77'),('ekr6rqujq0i36uelc7a1dsjch3'),('eng0mdg0s9v3v7u5arvddhjpb7'),('eq0o1q5e4qb8rmu94mu369dol5'),('eqs7plm1rlllu7plqrqrh6gnl0'),('erv4jvbaf2esu238k0lklamtq0'),('f0esbl88bos1b7edu5idp6hdc5'),('f4hbv9nc3f6j8vipnt9d040jr0'),('fag0hl6nqkshkhb44fm4ss3gj3'),('fgeini8lem5d712cupsthvjrf7'),('fkhcect24ra53mpm2kph205ql3'),('fkpbl6f80g0ec26a8bifghqii5'),('fon7p9q3517972lehald5c3k52'),('fpmlat8qr66o3i3lv1t1ge8r94'),('fto55ag9rfuih6ee6khb6k6ge3'),('fvj3umpurv3aamq8jpqgkbd3n0'),('g19dav9ikflm6r2podj7h2ckp1'),('g2pmtoi8slgu41tsugv3pr7lj4'),('g3mbqoi28ss5o133ei44f84c46'),('g4n6b8i7nc56qfuufpp3i4hsp5'),('g74lh7h6u2btq7d26rrsjja4d2'),('g7pcbvm774naeb7n83cp6ntt24'),('gd88i0n4nn7j15escbqhha7ei4'),('gejlg9l76g8qdlgodrc5j82vf7'),('gigvfh8at3fh0n9m5f56fltm56'),('gmu2herqpq2kj9fe32n01glgd6'),('gq9om5oklqpjftafj3erqnh9f2'),('gqocdlstssbvfvpebu4kv5qem4'),('gsltqvsg4a408smgqs1665d716'),('gt8qnq16ep4pegubitcb5i0hj3'),('gv7s5222tf7pimfq2gj7ls9rc0'),('h09ui2opp94t521st07t6t56t1'),('h26me7shodlhf94j2dbqve7ar5'),('h4fb4avbudihe7fa8vgctnbiv7'),('h5g0vhpe5l51p6eprvc5vhf852'),('h697shgo3e6iou7u8kcanhpvu3'),('h7dpd0scqdrlv2h75dot458rv7'),('ham75af10lbra8echceull67i3'),('he5h0t714cer4qorujbns0a995'),('hhtod8j0nm5s0gom6bj6datk84'),('hmcdqo4v0n30c3dv4o5n71o634'),('hp7hgv0ea4qrvcqsvi4jt09ar5'),('hq9ruq8jq4v8maotea4nvqgiu5'),('huuufgun6r6ghc8ctn2hs1jaf3'),('i2b8p09r7t4mj004s7hmsosfh1'),('i2iuapfirgl43jlsehsnkgpu50'),('i2p1339usk3ld9d0f8v001jci0'),('i6gcludpuqu814u28gom28t9q0'),('iao8mjd1fott8f7gtoqglc2id7'),('ifhugm92kqte0ijah58pu6k6h6'),('ig01j353notfouaksg18lhhfl4'),('iiib0a9soj3e91ngbe9vnqe253'),('ikmors7g6gj6bi8eism6f8uc37'),('ilttagrv91aq72v1aqisfod6o6'),('ilurm7u2rgkdvvind9g33dj7e7'),('iouf4j7f5eif3f9563e7nblol5'),('jbnl7i52umvhv2sk8phgoia436'),('jdee3vvrss6qsegiohl6417s72'),('jdrv6qd0auiungguj5b2odiid1'),('jjpaue4o150dgs2vcpc8h5g4f4'),('joj0pmrqqsl46lme08ii1eal06'),('jpd6ggrpdjlt68dldcd2tdagi6'),('jq6b5kah75j81sp2b6tkrh4tp7'),('js9ramrtgde7dk1mdjt51r3231'),('jsrj7tdliulbliqaqro182qd46'),('jueopjj02cg6bkfb2vs8t1o5p4'),('jvfjb3pgd4b3bscrlh6ruifl67'),('k0c0umn2ridol7fb6er0b08lk6'),('k20me405mcg4qqcvbnsqfoim82'),('k4ri1nqei2oqn5eu01ho1guve0'),('k4t10kvbpbs7h57n5iqgpm5ip5'),('k70k7hq93tvnicpiu8gtm2t6v5'),('k7bio0rc3blq19oik8k089aq83'),('k8b9rg7136pdu86gqt5j91t2s1'),('k8rbseii6btaqbc27o75f1tb81'),('kajg7gudlbdkpg451nodm5pls7'),('kb2kr3oagvlrevur31gdi4r732'),('kharlg7dk9ibhp14h709qvuk86'),('kl3upmadmptfeloto699gk7hj2'),('kqi71up0dqv3lns4vl4t7b9t57'),('kr9ev5m3soiadnmfkqgglgpk44'),('ks1dqurnj1ovvnp6sip7frb5u6'),('ks28qtapmiaovmhmi8gdi1t475'),('kvfpsqhukobhguj673h13k3c73'),('lcj0e0ec6rfk46tq68f49jve55'),('ldmnbfu6anad5sfgfjsqi0g5e7'),('lfg9lf19nqfl34s305obptd854'),('lqp4s01qmgc275mrge14nf8f54'),('lr5eo8fafvuqq4f79qrffstah3'),('lrf678b0l24uthu4cc3veo1iu3'),('ltmcb889kmbpaofo6rvplm9u65'),('lu2342eppn3r7a9v25mrhvieu3'),('lv8iir4fg235qhphgqglfi1fq0'),('m0fu16l4nk43f5c59atah69965'),('m0gunv8ao407dumr6m1fc7tnt1'),('m0htm2l52rkmv1jvtvgdq9hma2'),('m40lpp9dgr2cvsb068o0kh0724'),('m4u052v0sfhdkoc46tek8ik4i6'),('m6df8lji0otqnth103d2k5uml7'),('m911754lqkor8m9afl3a0ipcj1'),('mollldmt6k1jvbkfohiuuhaf06'),('monjmeck9rusi3uddf01qqkvk6'),('mp97di8v6bmobkpaskbpcrnf07'),('mpff24c4ltfincgubetmc5ksq2'),('mpqs5ig2lprpshqntalbfuru51'),('mq6vgm01gbv5hf941u6vm6bft2'),('mqdsjmam3lmr2p48lrtrd5e1l7'),('mtc4hqt4phlu9krhn3du94dap0'),('mvgmoabltuo3a93k6v6s5nrov1'),('n1j0cn3nnn872doij6p7dk1c17'),('n1rknu38qb6ihsbufgom8oobk6'),('n21s7oidmhu8fjnfukuhp6ak30'),('n2mls35kb0cd9han7o11lcrd25'),('n2ogam5k14ag2ve6i217bbdip1'),('n5jjdied153dk71nh2san6mgf1'),('n6alsb56hd5ganf35f5122onp2'),('n6dlf86p9ermkufttfs2e3jak3'),('n6qcjlcdkj87tr903jj21k75a6'),('n7h245mst2hihl2ivdb0354vf4'),('na0kj01mkpm7u0dcorhbq177j6'),('nagadtfcvvrh99m9vhrasu3bp5'),('nakua0mfpl98qplcdkq206nj82'),('nbk1l2u2gok4cd3j0qbrkv8aq5'),('nc1ad4ohujt2qvpnfin76tfjm4'),('nd5edmco5b3iihqhm8ccdlmeo5'),('ndvpnkkf6ek3k8vudd08aa7f92'),('nfatargasbt79hhgehl16o22s4'),('nfi6dkaojl9hgos6e5qf3gadh3'),('nfk0celjekgs3ihn3e87vbk627'),('nm13m8844mbqt6oa3qg637ok41'),('nmb0apflsagdo0idbfu5uj7cf0'),('npees2mrpkhtrrfqg8bi1jq315'),('nq5qg6536lq22ke3259pb6tvn7'),('num9hl16bt24rr2viune2gltf0'),('o0nf6pocs5rhnt1d040u9saan4'),('o47e0dl0vsbbl9jk0qs2og1413'),('o540rgi98ketj4tq99jiv98rh3'),('o8g4bvgd295ql88iabpiptlpq5'),('obehpd5h2gfirsg0qoooc3rbl1'),('obvm7l88ria7fpoe1lpjgh8j76'),('odheocnmdrjvo31f8h36j7j1g3'),('ojrom9b070tufqvber5t5idsl5'),('oopb9436li8uvh9li085oalas6'),('or5buemvr0sa3tsu023ahl84h5'),('osot7tvrrhi6sft1blslqlgpp6'),('ovlp4e99bjdhbnetvo36jcnbj0'),('p1no10u1v43qoj5l6f788utpa2'),('p7s03i2m61hue4vtbb6ceildc7'),('p83fvrt020mgf9m75j3cqlv4n1'),('p85rulddr3m09vhtj2221p46d4'),('p94t1e2kn9qcogrf3kgn4cjd25'),('pa3se29lvhpphk79udddnq7np7'),('pbnnq4ddhb6n687et63bk15ka6'),('pcst6qfp29fjl0r0iduvksp5d2'),('peibk2r9jeb4qnkh2pmmmpf0c0'),('pequpq3fmd1bggktmroejd7tv7'),('pfijrk0u26299rl26s5d6pqnu0'),('pg2t5ak4pg1ipla2qt8onkoii5'),('pi2etnl4hb1i25fvfqsoh1tgg5'),('pstkp42dgu88nvps9r5kek1bd2'),('pu589pp65gpqb2qlhmbch3s0a2'),('q0q0so0g49b24dd8lpl40q5162'),('q236u11k4o9ao0sp0n1rtb8ed4'),('q4j1ib8063jgb16te9tofj7pn3'),('q4jiv69kvvnm40rapospu2h0i0'),('q96p591uih37u9oau6pik90aq4'),('q9ts8ut7vr93ga8l88mbpct0u2'),('q9v6l7l4s61rnuqt6bo6l1nff7'),('qc8uruqj046c0p3uaq6too8ri3'),('qeatpni007andj8opr433fl1k7'),('qhmkqh26lo816jchpm0mm08sh6'),('qjmu4m9t3br8828oudnlt8ceq2'),('qk7l8qbobh8a5pchff8iv35ek6'),('qmkmcqrj0gkubdjsnnm95rua42'),('qmolj0dlntbbvo0ig1k37lld55'),('qo8q5adar7qa7p9n22h6cih5c4'),('qrbmp9m5gm8jf49q9flueao5e4'),('qrcgr3ug4ds840mp5v1v7g8gc2'),('qshbd0n1h4pau21n0vrva5pb24'),('qstj46k2hu4e8far0d3mamr7i7'),('r19j3oc9fgksn349rpqtraip51'),('r2c6p5e8vepnjn0u2850d65p57'),('r2fmifrl6eg5crqddknq2b6u80'),('r3bg2r1jugai139bfufhndrqj2'),('r5hfe30je6uejel6ki5l6vtik1'),('r7dqncls3pnvbrio11cdl80im6'),('rda9a237b26ic4creipqsfa0c0'),('ren59g91vk07n1qruednvt8o27'),('rfsb81dpm559pleup7vdbc3u63'),('rh81qh0s2nrj6u96von565me00'),('rlfi4qn23ftqht760j0o7952a2'),('rlg1qme0aorln0kdmd87f3i696'),('rm787q9stk9go85sc2olehog02'),('roceoebnljud68b1v1coucq4i7'),('rpiq3qr2p3ad996q6rg5adac85'),('rr3vegupijtqeq5kdqerrnlmp1'),('rrr1rqq5o1lt7fo47j42jpahs5'),('s0ecgsa94p5huhaefognfm12u4'),('s4qiooomt7bpbka6iq5bo7bh62'),('s88ameg9ih7enin562f00ikia5'),('sbio5b5gu60odn97estc5am3k5'),('seg5s0mapa36al74dh6vduo437'),('sfdcrse3496gkgf7tmckdvuv96'),('sj3d0mnvoitvq9bijf2o9cdqq1'),('sjdhctj15cpobn25ng8o1lpgm4'),('sso7kf16l1ujs1ar79sefn2544'),('stufus1gd775ttgm8294l8d5o5'),('suuhpifhahs17ug3bhbtvi6cn0'),('svdihm8s60sseflbf1qsi92q21'),('t11k9gtl4u5t8k2g4pfrui5f52'),('t258kojegunq4tbfklpraldjo5'),('t31jn523sdv7a4npl6qh7fjl94'),('t3mphn4r6uc7o8dfbbru3ebgu7'),('t4g1rgei81fc3s3n16c8amjm31'),('t5cg951sorif4b017racih1t13'),('t7mpmc4tch8mv9skrdqop5mot4'),('t9urcjtpinv0mmc845if5533p6'),('ta8lnm7d1sql2qj4j9q1h2sku1'),('tb6j4hv7ed1mif5ahd63rso256'),('tfq7q4rrc0oeol7n625qkm75h3'),('thf2iebcos4p8f5vbm831ma9j6'),('tmspn3glmvc5ej1g4dl334fc20'),('tnn1t01ut8b2uh4ol7f4mg1s92'),('tp090p83af0igk78d9k23nff76'),('tqj5usem6l69qfetimglu5of96'),('trik4l4lspmahcd0qdhts3t434'),('u1sjvndob209vcu33ccdqucj25'),('u2jsoh8mv2o4c4t5c3rhrhdus6'),('u3974mtjuc7r8rc8rne5sekvr7'),('u42tg2h4ra8akns86arbta3082'),('uap3rt8hgr2sp34hp4cfsqdr80'),('ucp5aujjgr282irphurqh9ff75'),('ud4fkqt7h9cjaq94obh658n165'),('udf5316f030ebdsliqn7gbb083'),('uggojucbfk4dmfqeet1uouro47'),('ugsqc1rpk2tblrn3ai5falp3d7'),('ui5da7too0hsm72g1sn236k737'),('umi3pd4j46kashea2m4eb4m627'),('uno39ne39v9uvc9qtsfvb2t6p2'),('upbuv963tktkk4fhnio4d0m940'),('uu84mo7oeogu4hjrndrv23v8g4'),('uuh7oek1vplg8s4hqdh4004e75'),('v19nhgdddmrsg2111eh318eb70'),('v2a1faar6ugvlournurvii9sv3'),('v3fj5f1r7jlnvold9e6s7j8fm3'),('v4phcqg5v6vqsp1bl5s7c29m46'),('v8c58eglojdo1e8d26f4tdago0'),('v977er03kqo4hr0c1cq4k944j0'),('v9fjatl1a853dqjqte2q819jg0'),('vc7h4mta265uleqgh0talfc6i3'),('vekqje10t3qul3tua1k18dkqm0'),('vg16hieco02fqnu3ka33307l27'),('vgd7vo01spu0ludfe82mcq2f40'),('vhv8i2s4ijnd6ihvpagmmqel92'),('vjnmc95b3mr0q79gqj3ssqiqs1'),('vl4k6iecoacf83fcmhke8ub0a0'),('vlqs9hviar0p83n6te1jve8he0'),('vn44gl8n5m1iadaovl7phbnra2'),('vq8qfgfn9lppb24lnc0cl69f44'),('vrt1p8308krh2ojbh2ok8ev4a6'),('vu346tlfk2tf37o8kdinsel5g7'),('vui452p1ae5j863bcmm94vobu2');

UNLOCK TABLES;

/*Table structure for table `projectexception` */

DROP TABLE IF EXISTS `projectexception`;

CREATE TABLE `projectexception` (
  `projid` int(11) default NULL,
  `q1reason` text,
  `q1datesub` datetime default NULL,
  `q1datesave` datetime default NULL,
  `q1savior` varchar(1000) default NULL,
  `q1submittor` varchar(1000) default NULL,
  `q2reason` text,
  `q2datesub` datetime default NULL,
  `q2datesave` datetime default NULL,
  `q2savior` varchar(1000) default NULL,
  `q2submittor` varchar(1000) default NULL,
  `q3reason` text,
  `q3datesub` datetime default NULL,
  `q3datesave` datetime default NULL,
  `q3savior` varchar(1000) default NULL,
  `q3submittor` varchar(1000) default NULL,
  `q4reason` text,
  `q4datesub` datetime default NULL,
  `q4datesave` datetime default NULL,
  `q4savior` varchar(1000) default NULL,
  `q4submittor` varchar(1000) default NULL,
  `q1recomendation` text,
  `q2recomendation` text,
  `q3recomendation` text,
  `q4recomendation` text,
  KEY `FK_projectexception` (`projid`),
  CONSTRAINT `FK_projectexception` FOREIGN KEY (`projid`) REFERENCES `tblprojects` (`projid`) ON DELETE NO ACTION ON UPDATE NO ACTION
) ENGINE=InnoDB DEFAULT CHARSET=latin1;

/*Data for the table `projectexception` */

LOCK TABLES `projectexception` WRITE;

insert  into `projectexception`(`projid`,`q1reason`,`q1datesub`,`q1datesave`,`q1savior`,`q1submittor`,`q2reason`,`q2datesub`,`q2datesave`,`q2savior`,`q2submittor`,`q3reason`,`q3datesub`,`q3datesave`,`q3savior`,`q3submittor`,`q4reason`,`q4datesub`,`q4datesave`,`q4savior`,`q4submittor`,`q1recomendation`,`q2recomendation`,`q3recomendation`,`q4recomendation`) values (214,NULL,NULL,NULL,NULL,NULL,NULL,NULL,NULL,NULL,NULL,NULL,NULL,NULL,NULL,NULL,NULL,NULL,NULL,NULL,NULL,NULL,NULL,NULL,NULL),(8133,NULL,NULL,NULL,NULL,NULL,NULL,NULL,NULL,NULL,NULL,NULL,NULL,NULL,NULL,NULL,NULL,NULL,NULL,NULL,NULL,NULL,NULL,NULL,NULL),(8267,NULL,NULL,NULL,NULL,NULL,NULL,NULL,NULL,NULL,NULL,NULL,NULL,NULL,NULL,NULL,NULL,NULL,NULL,NULL,NULL,NULL,NULL,NULL,NULL),(10512,NULL,NULL,NULL,NULL,NULL,NULL,NULL,NULL,NULL,NULL,NULL,NULL,NULL,NULL,NULL,NULL,NULL,NULL,NULL,NULL,NULL,NULL,NULL,NULL),(12645,NULL,NULL,NULL,NULL,NULL,NULL,NULL,NULL,NULL,NULL,NULL,NULL,NULL,NULL,NULL,NULL,NULL,NULL,NULL,NULL,NULL,NULL,NULL,NULL),(15642,NULL,NULL,NULL,NULL,NULL,NULL,NULL,NULL,NULL,NULL,NULL,NULL,NULL,NULL,NULL,NULL,NULL,NULL,NULL,NULL,NULL,NULL,NULL,NULL),(16591,NULL,NULL,NULL,NULL,NULL,NULL,NULL,NULL,NULL,NULL,NULL,NULL,NULL,NULL,NULL,NULL,NULL,NULL,NULL,NULL,NULL,NULL,NULL,NULL),(23132,NULL,NULL,NULL,NULL,NULL,NULL,NULL,NULL,NULL,NULL,NULL,NULL,NULL,NULL,NULL,NULL,NULL,NULL,NULL,NULL,NULL,NULL,NULL,NULL),(171,NULL,NULL,NULL,NULL,NULL,NULL,NULL,NULL,NULL,NULL,NULL,NULL,NULL,NULL,NULL,NULL,NULL,NULL,NULL,NULL,NULL,NULL,NULL,NULL),(726,NULL,NULL,NULL,NULL,NULL,NULL,NULL,NULL,NULL,NULL,NULL,NULL,NULL,NULL,NULL,NULL,NULL,NULL,NULL,NULL,NULL,NULL,NULL,NULL),(2165,NULL,NULL,NULL,NULL,NULL,NULL,NULL,NULL,NULL,NULL,NULL,NULL,NULL,NULL,NULL,NULL,NULL,NULL,NULL,NULL,NULL,NULL,NULL,NULL),(2489,NULL,NULL,NULL,NULL,NULL,NULL,NULL,NULL,NULL,NULL,NULL,NULL,NULL,NULL,NULL,NULL,NULL,NULL,NULL,NULL,NULL,NULL,NULL,NULL),(3736,NULL,NULL,NULL,NULL,NULL,NULL,NULL,NULL,NULL,NULL,NULL,NULL,NULL,NULL,NULL,NULL,NULL,NULL,NULL,NULL,NULL,NULL,NULL,NULL),(6487,NULL,NULL,NULL,NULL,NULL,NULL,NULL,NULL,NULL,NULL,NULL,NULL,NULL,NULL,NULL,NULL,NULL,NULL,NULL,NULL,NULL,NULL,NULL,NULL),(6951,NULL,NULL,NULL,NULL,NULL,NULL,NULL,NULL,NULL,NULL,NULL,NULL,NULL,NULL,NULL,NULL,NULL,NULL,NULL,NULL,NULL,NULL,NULL,NULL),(8660,NULL,NULL,NULL,NULL,NULL,NULL,NULL,NULL,NULL,NULL,NULL,NULL,NULL,NULL,NULL,NULL,NULL,NULL,NULL,NULL,NULL,NULL,NULL,NULL),(10044,NULL,NULL,NULL,NULL,NULL,NULL,NULL,NULL,NULL,NULL,NULL,NULL,NULL,NULL,NULL,NULL,NULL,NULL,NULL,NULL,NULL,NULL,NULL,NULL),(10726,NULL,NULL,NULL,NULL,NULL,NULL,NULL,NULL,NULL,NULL,NULL,NULL,NULL,NULL,NULL,NULL,NULL,NULL,NULL,NULL,NULL,NULL,NULL,NULL),(11461,'','0000-00-00 00:00:00',NULL,NULL,'',NULL,NULL,NULL,NULL,NULL,NULL,NULL,NULL,NULL,NULL,NULL,NULL,NULL,NULL,NULL,'',NULL,NULL,NULL),(12157,NULL,NULL,NULL,NULL,NULL,NULL,NULL,NULL,NULL,NULL,NULL,NULL,NULL,NULL,NULL,NULL,NULL,NULL,NULL,NULL,NULL,NULL,NULL,NULL),(12798,NULL,NULL,NULL,NULL,NULL,NULL,NULL,NULL,NULL,NULL,NULL,NULL,NULL,NULL,NULL,NULL,NULL,NULL,NULL,NULL,NULL,NULL,NULL,NULL),(13615,NULL,NULL,NULL,NULL,NULL,NULL,NULL,NULL,NULL,NULL,NULL,NULL,NULL,NULL,NULL,NULL,NULL,NULL,NULL,NULL,NULL,NULL,NULL,NULL),(14065,NULL,NULL,NULL,NULL,NULL,NULL,NULL,NULL,NULL,NULL,NULL,NULL,NULL,NULL,NULL,NULL,NULL,NULL,NULL,NULL,NULL,NULL,NULL,NULL),(18190,NULL,NULL,NULL,NULL,NULL,NULL,NULL,NULL,NULL,NULL,NULL,NULL,NULL,NULL,NULL,NULL,NULL,NULL,NULL,NULL,NULL,NULL,NULL,NULL),(20352,NULL,NULL,NULL,NULL,NULL,NULL,NULL,NULL,NULL,NULL,NULL,NULL,NULL,NULL,NULL,NULL,NULL,NULL,NULL,NULL,NULL,NULL,NULL,NULL),(20545,NULL,NULL,NULL,NULL,NULL,NULL,NULL,NULL,NULL,NULL,NULL,NULL,NULL,NULL,NULL,NULL,NULL,NULL,NULL,NULL,NULL,NULL,NULL,NULL),(20862,NULL,NULL,NULL,NULL,NULL,NULL,NULL,NULL,NULL,NULL,NULL,NULL,NULL,NULL,NULL,NULL,NULL,NULL,NULL,NULL,NULL,NULL,NULL,NULL),(23903,NULL,NULL,NULL,NULL,NULL,NULL,NULL,NULL,NULL,NULL,NULL,NULL,NULL,NULL,NULL,NULL,NULL,NULL,NULL,NULL,NULL,NULL,NULL,NULL),(25516,NULL,NULL,NULL,NULL,NULL,NULL,NULL,NULL,NULL,NULL,NULL,NULL,NULL,NULL,NULL,NULL,NULL,NULL,NULL,NULL,NULL,NULL,NULL,NULL),(28682,NULL,NULL,NULL,NULL,NULL,NULL,NULL,NULL,NULL,NULL,NULL,NULL,NULL,NULL,NULL,NULL,NULL,NULL,NULL,NULL,NULL,NULL,NULL,NULL),(28795,NULL,NULL,NULL,NULL,NULL,NULL,NULL,NULL,NULL,NULL,NULL,NULL,NULL,NULL,NULL,NULL,NULL,NULL,NULL,NULL,NULL,NULL,NULL,NULL),(30027,NULL,NULL,NULL,NULL,NULL,NULL,NULL,NULL,NULL,NULL,NULL,NULL,NULL,NULL,NULL,NULL,NULL,NULL,NULL,NULL,NULL,NULL,NULL,NULL),(30521,NULL,NULL,NULL,NULL,NULL,NULL,NULL,NULL,NULL,NULL,NULL,NULL,NULL,NULL,NULL,NULL,NULL,NULL,NULL,NULL,NULL,NULL,NULL,NULL),(31528,NULL,NULL,NULL,NULL,NULL,NULL,NULL,NULL,NULL,NULL,NULL,NULL,NULL,NULL,NULL,NULL,NULL,NULL,NULL,NULL,NULL,NULL,NULL,NULL),(32370,NULL,NULL,NULL,NULL,NULL,NULL,NULL,NULL,NULL,NULL,NULL,NULL,NULL,NULL,NULL,NULL,NULL,NULL,NULL,NULL,NULL,NULL,NULL,NULL),(390,NULL,NULL,NULL,NULL,NULL,NULL,NULL,NULL,NULL,NULL,NULL,NULL,NULL,NULL,NULL,NULL,NULL,NULL,NULL,NULL,NULL,NULL,NULL,NULL),(3823,NULL,NULL,NULL,NULL,NULL,'','2016-04-15 08:54:00',NULL,NULL,'Donnie Rocapor Gallocanta, Programmer',NULL,NULL,NULL,NULL,NULL,NULL,NULL,NULL,NULL,NULL,NULL,'',NULL,NULL),(4134,'dsfsd','2016-04-14 15:10:00',NULL,NULL,'Donnie Rocapor Gallocanta, Programmer','','2016-04-15 08:54:00',NULL,NULL,'Donnie Rocapor Gallocanta, Programmer',NULL,NULL,NULL,NULL,NULL,NULL,NULL,NULL,NULL,NULL,'fsdf','',NULL,NULL),(4970,NULL,NULL,NULL,NULL,NULL,NULL,NULL,NULL,NULL,NULL,NULL,NULL,NULL,NULL,NULL,NULL,NULL,NULL,NULL,NULL,NULL,NULL,NULL,NULL),(5031,NULL,NULL,NULL,NULL,NULL,'','2016-04-15 08:54:00',NULL,NULL,'Donnie Rocapor Gallocanta, Programmer',NULL,NULL,NULL,NULL,NULL,NULL,NULL,NULL,NULL,NULL,NULL,'',NULL,NULL),(6906,NULL,NULL,NULL,NULL,NULL,'','2016-04-15 08:54:00',NULL,NULL,'Donnie Rocapor Gallocanta, Programmer',NULL,NULL,NULL,NULL,NULL,NULL,NULL,NULL,NULL,NULL,NULL,'',NULL,NULL),(7368,NULL,NULL,NULL,NULL,NULL,NULL,NULL,NULL,NULL,NULL,NULL,NULL,NULL,NULL,NULL,NULL,NULL,NULL,NULL,NULL,NULL,NULL,NULL,NULL),(7509,NULL,NULL,NULL,NULL,NULL,'','2016-04-15 08:54:00',NULL,NULL,'Donnie Rocapor Gallocanta, Programmer',NULL,NULL,NULL,NULL,NULL,NULL,NULL,NULL,NULL,NULL,NULL,'',NULL,NULL),(11811,NULL,NULL,NULL,NULL,NULL,'','2016-04-15 08:54:00',NULL,NULL,'Donnie Rocapor Gallocanta, Programmer',NULL,NULL,NULL,NULL,NULL,NULL,NULL,NULL,NULL,NULL,NULL,'',NULL,NULL),(13414,NULL,NULL,NULL,NULL,NULL,NULL,NULL,NULL,NULL,NULL,NULL,NULL,NULL,NULL,NULL,NULL,NULL,NULL,NULL,NULL,NULL,NULL,NULL,NULL),(13446,NULL,NULL,NULL,NULL,NULL,'','2016-04-15 08:54:00',NULL,NULL,'Donnie Rocapor Gallocanta, Programmer',NULL,NULL,NULL,NULL,NULL,NULL,NULL,NULL,NULL,NULL,NULL,'',NULL,NULL),(15732,NULL,NULL,NULL,NULL,NULL,'','2016-04-15 08:54:00',NULL,NULL,'Donnie Rocapor Gallocanta, Programmer',NULL,NULL,NULL,NULL,NULL,NULL,NULL,NULL,NULL,NULL,NULL,'',NULL,NULL),(16475,NULL,NULL,NULL,NULL,NULL,'','2016-04-15 08:54:00',NULL,NULL,'Donnie Rocapor Gallocanta, Programmer',NULL,NULL,NULL,NULL,NULL,NULL,NULL,NULL,NULL,NULL,NULL,'',NULL,NULL),(16993,NULL,NULL,NULL,NULL,NULL,NULL,NULL,NULL,NULL,NULL,NULL,NULL,NULL,NULL,NULL,NULL,NULL,NULL,NULL,NULL,NULL,NULL,NULL,NULL),(18725,NULL,NULL,NULL,NULL,NULL,'','2016-04-15 08:54:00',NULL,NULL,'Donnie Rocapor Gallocanta, Programmer',NULL,NULL,NULL,NULL,NULL,NULL,NULL,NULL,NULL,NULL,NULL,'',NULL,NULL),(20488,NULL,NULL,NULL,NULL,NULL,'','2016-04-15 08:54:00',NULL,NULL,'Donnie Rocapor Gallocanta, Programmer',NULL,NULL,NULL,NULL,NULL,NULL,NULL,NULL,NULL,NULL,NULL,'',NULL,NULL),(20728,NULL,NULL,NULL,NULL,NULL,'','2016-04-15 08:54:00',NULL,NULL,'Donnie Rocapor Gallocanta, Programmer',NULL,NULL,NULL,NULL,NULL,NULL,NULL,NULL,NULL,NULL,NULL,'',NULL,NULL),(21195,NULL,NULL,NULL,NULL,NULL,'','2016-04-15 08:54:00',NULL,NULL,'Donnie Rocapor Gallocanta, Programmer',NULL,NULL,NULL,NULL,NULL,NULL,NULL,NULL,NULL,NULL,NULL,'',NULL,NULL),(22493,NULL,NULL,NULL,NULL,NULL,NULL,NULL,NULL,NULL,NULL,NULL,NULL,NULL,NULL,NULL,NULL,NULL,NULL,NULL,NULL,NULL,NULL,NULL,NULL),(23396,NULL,NULL,NULL,NULL,NULL,NULL,NULL,NULL,NULL,NULL,NULL,NULL,NULL,NULL,NULL,NULL,NULL,NULL,NULL,NULL,NULL,NULL,NULL,NULL),(24060,NULL,NULL,NULL,NULL,NULL,'','2016-04-15 08:54:00',NULL,NULL,'Donnie Rocapor Gallocanta, Programmer',NULL,NULL,NULL,NULL,NULL,NULL,NULL,NULL,NULL,NULL,NULL,'',NULL,NULL),(24903,NULL,NULL,NULL,NULL,NULL,'','2016-04-15 08:54:00',NULL,NULL,'Donnie Rocapor Gallocanta, Programmer',NULL,NULL,NULL,NULL,NULL,NULL,NULL,NULL,NULL,NULL,NULL,'',NULL,NULL),(24929,NULL,NULL,NULL,NULL,NULL,NULL,NULL,NULL,NULL,NULL,NULL,NULL,NULL,NULL,NULL,NULL,NULL,NULL,NULL,NULL,NULL,NULL,NULL,NULL),(25000,NULL,NULL,NULL,NULL,NULL,'','2016-04-15 08:54:00',NULL,NULL,'Donnie Rocapor Gallocanta, Programmer',NULL,NULL,NULL,NULL,NULL,NULL,NULL,NULL,NULL,NULL,NULL,'',NULL,NULL),(26059,NULL,NULL,NULL,NULL,NULL,'','2016-04-15 08:54:00',NULL,NULL,'Donnie Rocapor Gallocanta, Programmer',NULL,NULL,NULL,NULL,NULL,NULL,NULL,NULL,NULL,NULL,NULL,'',NULL,NULL),(29889,NULL,NULL,NULL,NULL,NULL,'','2016-04-15 08:54:00',NULL,NULL,'Donnie Rocapor Gallocanta, Programmer',NULL,NULL,NULL,NULL,NULL,NULL,NULL,NULL,NULL,NULL,NULL,'',NULL,NULL),(32544,NULL,NULL,NULL,NULL,NULL,'','2016-04-15 08:54:00',NULL,NULL,'Donnie Rocapor Gallocanta, Programmer',NULL,NULL,NULL,NULL,NULL,NULL,NULL,NULL,NULL,NULL,NULL,'',NULL,NULL),(664,NULL,NULL,NULL,NULL,NULL,NULL,NULL,NULL,NULL,NULL,NULL,NULL,NULL,NULL,NULL,NULL,NULL,NULL,NULL,NULL,NULL,NULL,NULL,NULL),(1746,NULL,NULL,NULL,NULL,NULL,NULL,NULL,NULL,NULL,NULL,NULL,NULL,NULL,NULL,NULL,NULL,NULL,NULL,NULL,NULL,NULL,NULL,NULL,NULL),(1941,NULL,NULL,NULL,NULL,NULL,NULL,NULL,NULL,NULL,NULL,NULL,NULL,NULL,NULL,NULL,NULL,NULL,NULL,NULL,NULL,NULL,NULL,NULL,NULL),(2306,NULL,NULL,NULL,NULL,NULL,NULL,NULL,NULL,NULL,NULL,NULL,NULL,NULL,NULL,NULL,NULL,NULL,NULL,NULL,NULL,NULL,NULL,NULL,NULL),(5346,NULL,NULL,NULL,NULL,NULL,NULL,NULL,NULL,NULL,NULL,NULL,NULL,NULL,NULL,NULL,NULL,NULL,NULL,NULL,NULL,NULL,NULL,NULL,NULL),(5574,NULL,NULL,NULL,NULL,NULL,NULL,NULL,NULL,NULL,NULL,NULL,NULL,NULL,NULL,NULL,NULL,NULL,NULL,NULL,NULL,NULL,NULL,NULL,NULL),(8650,NULL,NULL,NULL,NULL,NULL,NULL,NULL,NULL,NULL,NULL,NULL,NULL,NULL,NULL,NULL,NULL,NULL,NULL,NULL,NULL,NULL,NULL,NULL,NULL),(8748,NULL,NULL,NULL,NULL,NULL,NULL,NULL,NULL,NULL,NULL,NULL,NULL,NULL,NULL,NULL,NULL,NULL,NULL,NULL,NULL,NULL,NULL,NULL,NULL),(9591,NULL,NULL,NULL,NULL,NULL,NULL,NULL,NULL,NULL,NULL,NULL,NULL,NULL,NULL,NULL,NULL,NULL,NULL,NULL,NULL,NULL,NULL,NULL,NULL),(14022,NULL,NULL,NULL,NULL,NULL,NULL,NULL,NULL,NULL,NULL,NULL,NULL,NULL,NULL,NULL,NULL,NULL,NULL,NULL,NULL,NULL,NULL,NULL,NULL),(16664,NULL,NULL,NULL,NULL,NULL,NULL,NULL,NULL,NULL,NULL,NULL,NULL,NULL,NULL,NULL,NULL,NULL,NULL,NULL,NULL,NULL,NULL,NULL,NULL),(17672,NULL,NULL,NULL,NULL,NULL,NULL,NULL,NULL,NULL,NULL,NULL,NULL,NULL,NULL,NULL,NULL,NULL,NULL,NULL,NULL,NULL,NULL,NULL,NULL),(18590,NULL,NULL,NULL,NULL,NULL,NULL,NULL,NULL,NULL,NULL,NULL,NULL,NULL,NULL,NULL,NULL,NULL,NULL,NULL,NULL,NULL,NULL,NULL,NULL),(21304,NULL,NULL,NULL,NULL,NULL,NULL,NULL,NULL,NULL,NULL,NULL,NULL,NULL,NULL,NULL,NULL,NULL,NULL,NULL,NULL,NULL,NULL,NULL,NULL),(21659,NULL,NULL,NULL,NULL,NULL,NULL,NULL,NULL,NULL,NULL,NULL,NULL,NULL,NULL,NULL,NULL,NULL,NULL,NULL,NULL,NULL,NULL,NULL,NULL),(22957,NULL,NULL,NULL,NULL,NULL,NULL,NULL,NULL,NULL,NULL,NULL,NULL,NULL,NULL,NULL,NULL,NULL,NULL,NULL,NULL,NULL,NULL,NULL,NULL),(26084,NULL,NULL,NULL,NULL,NULL,NULL,NULL,NULL,NULL,NULL,NULL,NULL,NULL,NULL,NULL,NULL,NULL,NULL,NULL,NULL,NULL,NULL,NULL,NULL),(26691,NULL,NULL,NULL,NULL,NULL,NULL,NULL,NULL,NULL,NULL,NULL,NULL,NULL,NULL,NULL,NULL,NULL,NULL,NULL,NULL,NULL,NULL,NULL,NULL),(26933,NULL,NULL,NULL,NULL,NULL,NULL,NULL,NULL,NULL,NULL,NULL,NULL,NULL,NULL,NULL,NULL,NULL,NULL,NULL,NULL,NULL,NULL,NULL,NULL),(27733,NULL,NULL,NULL,NULL,NULL,NULL,NULL,NULL,NULL,NULL,NULL,NULL,NULL,NULL,NULL,NULL,NULL,NULL,NULL,NULL,NULL,NULL,NULL,NULL),(30296,NULL,NULL,NULL,NULL,NULL,NULL,NULL,NULL,NULL,NULL,NULL,NULL,NULL,NULL,NULL,NULL,NULL,NULL,NULL,NULL,NULL,NULL,NULL,NULL),(3248,NULL,NULL,NULL,NULL,NULL,NULL,NULL,NULL,NULL,NULL,NULL,NULL,NULL,NULL,NULL,NULL,NULL,NULL,NULL,NULL,NULL,NULL,NULL,NULL),(10926,NULL,NULL,NULL,NULL,NULL,NULL,NULL,NULL,NULL,NULL,NULL,NULL,NULL,NULL,NULL,NULL,NULL,NULL,NULL,NULL,NULL,NULL,NULL,NULL),(17372,NULL,NULL,NULL,NULL,NULL,NULL,NULL,NULL,NULL,NULL,NULL,NULL,NULL,NULL,NULL,NULL,NULL,NULL,NULL,NULL,NULL,NULL,NULL,NULL),(25743,NULL,NULL,NULL,NULL,NULL,NULL,NULL,NULL,NULL,NULL,NULL,NULL,NULL,NULL,NULL,NULL,NULL,NULL,NULL,NULL,NULL,NULL,NULL,NULL),(128,NULL,NULL,NULL,NULL,NULL,NULL,NULL,NULL,NULL,NULL,NULL,NULL,NULL,NULL,NULL,NULL,NULL,NULL,NULL,NULL,NULL,NULL,NULL,NULL),(154,NULL,NULL,NULL,NULL,NULL,NULL,NULL,NULL,NULL,NULL,NULL,NULL,NULL,NULL,NULL,NULL,NULL,NULL,NULL,NULL,NULL,NULL,NULL,NULL),(29671,NULL,NULL,NULL,NULL,NULL,NULL,NULL,NULL,NULL,NULL,NULL,NULL,NULL,NULL,NULL,NULL,NULL,NULL,NULL,NULL,NULL,NULL,NULL,NULL),(245,NULL,NULL,NULL,NULL,NULL,NULL,NULL,NULL,NULL,NULL,NULL,NULL,NULL,NULL,NULL,NULL,NULL,NULL,NULL,NULL,NULL,NULL,NULL,NULL),(504,NULL,NULL,NULL,NULL,NULL,NULL,NULL,NULL,NULL,NULL,NULL,NULL,NULL,NULL,NULL,NULL,NULL,NULL,NULL,NULL,NULL,NULL,NULL,NULL),(656,NULL,NULL,NULL,NULL,NULL,NULL,NULL,NULL,NULL,NULL,NULL,NULL,NULL,NULL,NULL,NULL,NULL,NULL,NULL,NULL,NULL,NULL,NULL,NULL),(895,NULL,NULL,NULL,NULL,NULL,NULL,NULL,NULL,NULL,NULL,NULL,NULL,NULL,NULL,NULL,NULL,NULL,NULL,NULL,NULL,NULL,NULL,NULL,NULL),(942,NULL,NULL,NULL,NULL,NULL,NULL,NULL,NULL,NULL,NULL,NULL,NULL,NULL,NULL,NULL,NULL,NULL,NULL,NULL,NULL,NULL,NULL,NULL,NULL),(1631,NULL,NULL,NULL,NULL,NULL,NULL,NULL,NULL,NULL,NULL,NULL,NULL,NULL,NULL,NULL,NULL,NULL,NULL,NULL,NULL,NULL,NULL,NULL,NULL),(2009,NULL,NULL,NULL,NULL,NULL,NULL,NULL,NULL,NULL,NULL,NULL,NULL,NULL,NULL,NULL,NULL,NULL,NULL,NULL,NULL,NULL,NULL,NULL,NULL),(2083,NULL,NULL,NULL,NULL,NULL,NULL,NULL,NULL,NULL,NULL,NULL,NULL,NULL,NULL,NULL,NULL,NULL,NULL,NULL,NULL,NULL,NULL,NULL,NULL),(2084,NULL,NULL,NULL,NULL,NULL,NULL,NULL,NULL,NULL,NULL,NULL,NULL,NULL,NULL,NULL,NULL,NULL,NULL,NULL,NULL,NULL,NULL,NULL,NULL),(2523,NULL,NULL,NULL,NULL,NULL,NULL,NULL,NULL,NULL,NULL,NULL,NULL,NULL,NULL,NULL,NULL,NULL,NULL,NULL,NULL,NULL,NULL,NULL,NULL),(2533,NULL,NULL,NULL,NULL,NULL,NULL,NULL,NULL,NULL,NULL,NULL,NULL,NULL,NULL,NULL,NULL,NULL,NULL,NULL,NULL,NULL,NULL,NULL,NULL),(2688,NULL,NULL,NULL,NULL,NULL,NULL,NULL,NULL,NULL,NULL,NULL,NULL,NULL,NULL,NULL,NULL,NULL,NULL,NULL,NULL,NULL,NULL,NULL,NULL),(2734,NULL,NULL,NULL,NULL,NULL,NULL,NULL,NULL,NULL,NULL,NULL,NULL,NULL,NULL,NULL,NULL,NULL,NULL,NULL,NULL,NULL,NULL,NULL,NULL),(3174,NULL,NULL,NULL,NULL,NULL,NULL,NULL,NULL,NULL,NULL,NULL,NULL,NULL,NULL,NULL,NULL,NULL,NULL,NULL,NULL,NULL,NULL,NULL,NULL),(3363,NULL,NULL,NULL,NULL,NULL,NULL,NULL,NULL,NULL,NULL,NULL,NULL,NULL,NULL,NULL,NULL,NULL,NULL,NULL,NULL,NULL,NULL,NULL,NULL),(3546,NULL,NULL,NULL,NULL,NULL,NULL,NULL,NULL,NULL,NULL,NULL,NULL,NULL,NULL,NULL,NULL,NULL,NULL,NULL,NULL,NULL,NULL,NULL,NULL),(4358,NULL,NULL,NULL,NULL,NULL,NULL,NULL,NULL,NULL,NULL,NULL,NULL,NULL,NULL,NULL,NULL,NULL,NULL,NULL,NULL,NULL,NULL,NULL,NULL),(4420,NULL,NULL,NULL,NULL,NULL,NULL,NULL,NULL,NULL,NULL,NULL,NULL,NULL,NULL,NULL,NULL,NULL,NULL,NULL,NULL,NULL,NULL,NULL,NULL),(4814,NULL,NULL,NULL,NULL,NULL,NULL,NULL,NULL,NULL,NULL,NULL,NULL,NULL,NULL,NULL,NULL,NULL,NULL,NULL,NULL,NULL,NULL,NULL,NULL),(4842,NULL,NULL,NULL,NULL,NULL,NULL,NULL,NULL,NULL,NULL,NULL,NULL,NULL,NULL,NULL,NULL,NULL,NULL,NULL,NULL,NULL,NULL,NULL,NULL),(4962,NULL,NULL,NULL,NULL,NULL,NULL,NULL,NULL,NULL,NULL,NULL,NULL,NULL,NULL,NULL,NULL,NULL,NULL,NULL,NULL,NULL,NULL,NULL,NULL),(5390,NULL,NULL,NULL,NULL,NULL,NULL,NULL,NULL,NULL,NULL,NULL,NULL,NULL,NULL,NULL,NULL,NULL,NULL,NULL,NULL,NULL,NULL,NULL,NULL),(5442,NULL,NULL,NULL,NULL,NULL,NULL,NULL,NULL,NULL,NULL,NULL,NULL,NULL,NULL,NULL,NULL,NULL,NULL,NULL,NULL,NULL,NULL,NULL,NULL),(5841,NULL,NULL,NULL,NULL,NULL,NULL,NULL,NULL,NULL,NULL,NULL,NULL,NULL,NULL,NULL,NULL,NULL,NULL,NULL,NULL,NULL,NULL,NULL,NULL),(6129,NULL,NULL,NULL,NULL,NULL,NULL,NULL,NULL,NULL,NULL,NULL,NULL,NULL,NULL,NULL,NULL,NULL,NULL,NULL,NULL,NULL,NULL,NULL,NULL),(6160,NULL,NULL,NULL,NULL,NULL,NULL,NULL,NULL,NULL,NULL,NULL,NULL,NULL,NULL,NULL,NULL,NULL,NULL,NULL,NULL,NULL,NULL,NULL,NULL),(6877,NULL,NULL,NULL,NULL,NULL,NULL,NULL,NULL,NULL,NULL,NULL,NULL,NULL,NULL,NULL,NULL,NULL,NULL,NULL,NULL,NULL,NULL,NULL,NULL),(6902,NULL,NULL,NULL,NULL,NULL,NULL,NULL,NULL,NULL,NULL,NULL,NULL,NULL,NULL,NULL,NULL,NULL,NULL,NULL,NULL,NULL,NULL,NULL,NULL),(7288,NULL,NULL,NULL,NULL,NULL,NULL,NULL,NULL,NULL,NULL,NULL,NULL,NULL,NULL,NULL,NULL,NULL,NULL,NULL,NULL,NULL,NULL,NULL,NULL),(7326,NULL,NULL,NULL,NULL,NULL,NULL,NULL,NULL,NULL,NULL,NULL,NULL,NULL,NULL,NULL,NULL,NULL,NULL,NULL,NULL,NULL,NULL,NULL,NULL),(7860,NULL,NULL,NULL,NULL,NULL,NULL,NULL,NULL,NULL,NULL,NULL,NULL,NULL,NULL,NULL,NULL,NULL,NULL,NULL,NULL,NULL,NULL,NULL,NULL),(7927,NULL,NULL,NULL,NULL,NULL,NULL,NULL,NULL,NULL,NULL,NULL,NULL,NULL,NULL,NULL,NULL,NULL,NULL,NULL,NULL,NULL,NULL,NULL,NULL),(8077,NULL,NULL,NULL,NULL,NULL,NULL,NULL,NULL,NULL,NULL,NULL,NULL,NULL,NULL,NULL,NULL,NULL,NULL,NULL,NULL,NULL,NULL,NULL,NULL),(8548,NULL,NULL,NULL,NULL,NULL,NULL,NULL,NULL,NULL,NULL,NULL,NULL,NULL,NULL,NULL,NULL,NULL,NULL,NULL,NULL,NULL,NULL,NULL,NULL),(8632,NULL,NULL,NULL,NULL,NULL,NULL,NULL,NULL,NULL,NULL,NULL,NULL,NULL,NULL,NULL,NULL,NULL,NULL,NULL,NULL,NULL,NULL,NULL,NULL),(8674,NULL,NULL,NULL,NULL,NULL,NULL,NULL,NULL,NULL,NULL,NULL,NULL,NULL,NULL,NULL,NULL,NULL,NULL,NULL,NULL,NULL,NULL,NULL,NULL),(8723,NULL,NULL,NULL,NULL,NULL,NULL,NULL,NULL,NULL,NULL,NULL,NULL,NULL,NULL,NULL,NULL,NULL,NULL,NULL,NULL,NULL,NULL,NULL,NULL),(9180,NULL,NULL,NULL,NULL,NULL,NULL,NULL,NULL,NULL,NULL,NULL,NULL,NULL,NULL,NULL,NULL,NULL,NULL,NULL,NULL,NULL,NULL,NULL,NULL),(9229,NULL,NULL,NULL,NULL,NULL,NULL,NULL,NULL,NULL,NULL,NULL,NULL,NULL,NULL,NULL,NULL,NULL,NULL,NULL,NULL,NULL,NULL,NULL,NULL),(10121,NULL,NULL,NULL,NULL,NULL,NULL,NULL,NULL,NULL,NULL,NULL,NULL,NULL,NULL,NULL,NULL,NULL,NULL,NULL,NULL,NULL,NULL,NULL,NULL),(11209,NULL,NULL,NULL,NULL,NULL,NULL,NULL,NULL,NULL,NULL,NULL,NULL,NULL,NULL,NULL,NULL,NULL,NULL,NULL,NULL,NULL,NULL,NULL,NULL),(11319,NULL,NULL,NULL,NULL,NULL,NULL,NULL,NULL,NULL,NULL,NULL,NULL,NULL,NULL,NULL,NULL,NULL,NULL,NULL,NULL,NULL,NULL,NULL,NULL),(11450,NULL,NULL,NULL,NULL,NULL,NULL,NULL,NULL,NULL,NULL,NULL,NULL,NULL,NULL,NULL,NULL,NULL,NULL,NULL,NULL,NULL,NULL,NULL,NULL),(11457,NULL,NULL,NULL,NULL,NULL,NULL,NULL,NULL,NULL,NULL,NULL,NULL,NULL,NULL,NULL,NULL,NULL,NULL,NULL,NULL,NULL,NULL,NULL,NULL),(13125,NULL,NULL,NULL,NULL,NULL,NULL,NULL,NULL,NULL,NULL,NULL,NULL,NULL,NULL,NULL,NULL,NULL,NULL,NULL,NULL,NULL,NULL,NULL,NULL),(13203,NULL,NULL,NULL,NULL,NULL,NULL,NULL,NULL,NULL,NULL,NULL,NULL,NULL,NULL,NULL,NULL,NULL,NULL,NULL,NULL,NULL,NULL,NULL,NULL),(14255,NULL,NULL,NULL,NULL,NULL,NULL,NULL,NULL,NULL,NULL,NULL,NULL,NULL,NULL,NULL,NULL,NULL,NULL,NULL,NULL,NULL,NULL,NULL,NULL),(14268,NULL,NULL,NULL,NULL,NULL,NULL,NULL,NULL,NULL,NULL,NULL,NULL,NULL,NULL,NULL,NULL,NULL,NULL,NULL,NULL,NULL,NULL,NULL,NULL),(14588,NULL,NULL,NULL,NULL,NULL,NULL,NULL,NULL,NULL,NULL,NULL,NULL,NULL,NULL,NULL,NULL,NULL,NULL,NULL,NULL,NULL,NULL,NULL,NULL),(15237,NULL,NULL,NULL,NULL,NULL,NULL,NULL,NULL,NULL,NULL,NULL,NULL,NULL,NULL,NULL,NULL,NULL,NULL,NULL,NULL,NULL,NULL,NULL,NULL),(15930,NULL,NULL,NULL,NULL,NULL,NULL,NULL,NULL,NULL,NULL,NULL,NULL,NULL,NULL,NULL,NULL,NULL,NULL,NULL,NULL,NULL,NULL,NULL,NULL),(16463,NULL,NULL,NULL,NULL,NULL,NULL,NULL,NULL,NULL,NULL,NULL,NULL,NULL,NULL,NULL,NULL,NULL,NULL,NULL,NULL,NULL,NULL,NULL,NULL),(16941,NULL,NULL,NULL,NULL,NULL,NULL,NULL,NULL,NULL,NULL,NULL,NULL,NULL,NULL,NULL,NULL,NULL,NULL,NULL,NULL,NULL,NULL,NULL,NULL),(17294,NULL,NULL,NULL,NULL,NULL,NULL,NULL,NULL,NULL,NULL,NULL,NULL,NULL,NULL,NULL,NULL,NULL,NULL,NULL,NULL,NULL,NULL,NULL,NULL),(17296,NULL,NULL,NULL,NULL,NULL,NULL,NULL,NULL,NULL,NULL,NULL,NULL,NULL,NULL,NULL,NULL,NULL,NULL,NULL,NULL,NULL,NULL,NULL,NULL),(17628,NULL,NULL,NULL,NULL,NULL,NULL,NULL,NULL,NULL,NULL,NULL,NULL,NULL,NULL,NULL,NULL,NULL,NULL,NULL,NULL,NULL,NULL,NULL,NULL),(17743,NULL,NULL,NULL,NULL,NULL,NULL,NULL,NULL,NULL,NULL,NULL,NULL,NULL,NULL,NULL,NULL,NULL,NULL,NULL,NULL,NULL,NULL,NULL,NULL),(17828,NULL,NULL,NULL,NULL,NULL,NULL,NULL,NULL,NULL,NULL,NULL,NULL,NULL,NULL,NULL,NULL,NULL,NULL,NULL,NULL,NULL,NULL,NULL,NULL),(17962,NULL,NULL,NULL,NULL,NULL,NULL,NULL,NULL,NULL,NULL,NULL,NULL,NULL,NULL,NULL,NULL,NULL,NULL,NULL,NULL,NULL,NULL,NULL,NULL),(19358,NULL,NULL,NULL,NULL,NULL,NULL,NULL,NULL,NULL,NULL,NULL,NULL,NULL,NULL,NULL,NULL,NULL,NULL,NULL,NULL,NULL,NULL,NULL,NULL),(19471,NULL,NULL,NULL,NULL,NULL,NULL,NULL,NULL,NULL,NULL,NULL,NULL,NULL,NULL,NULL,NULL,NULL,NULL,NULL,NULL,NULL,NULL,NULL,NULL),(19699,NULL,NULL,NULL,NULL,NULL,NULL,NULL,NULL,NULL,NULL,NULL,NULL,NULL,NULL,NULL,NULL,NULL,NULL,NULL,NULL,NULL,NULL,NULL,NULL),(20132,NULL,NULL,NULL,NULL,NULL,NULL,NULL,NULL,NULL,NULL,NULL,NULL,NULL,NULL,NULL,NULL,NULL,NULL,NULL,NULL,NULL,NULL,NULL,NULL),(20162,NULL,NULL,NULL,NULL,NULL,NULL,NULL,NULL,NULL,NULL,NULL,NULL,NULL,NULL,NULL,NULL,NULL,NULL,NULL,NULL,NULL,NULL,NULL,NULL),(20233,NULL,NULL,NULL,NULL,NULL,NULL,NULL,NULL,NULL,NULL,NULL,NULL,NULL,NULL,NULL,NULL,NULL,NULL,NULL,NULL,NULL,NULL,NULL,NULL),(20237,NULL,NULL,NULL,NULL,NULL,NULL,NULL,NULL,NULL,NULL,NULL,NULL,NULL,NULL,NULL,NULL,NULL,NULL,NULL,NULL,NULL,NULL,NULL,NULL),(20438,NULL,NULL,NULL,NULL,NULL,NULL,NULL,NULL,NULL,NULL,NULL,NULL,NULL,NULL,NULL,NULL,NULL,NULL,NULL,NULL,NULL,NULL,NULL,NULL),(20768,NULL,NULL,NULL,NULL,NULL,NULL,NULL,NULL,NULL,NULL,NULL,NULL,NULL,NULL,NULL,NULL,NULL,NULL,NULL,NULL,NULL,NULL,NULL,NULL),(21278,NULL,NULL,NULL,NULL,NULL,NULL,NULL,NULL,NULL,NULL,NULL,NULL,NULL,NULL,NULL,NULL,NULL,NULL,NULL,NULL,NULL,NULL,NULL,NULL),(21400,NULL,NULL,NULL,NULL,NULL,NULL,NULL,NULL,NULL,NULL,NULL,NULL,NULL,NULL,NULL,NULL,NULL,NULL,NULL,NULL,NULL,NULL,NULL,NULL),(21419,NULL,NULL,NULL,NULL,NULL,NULL,NULL,NULL,NULL,NULL,NULL,NULL,NULL,NULL,NULL,NULL,NULL,NULL,NULL,NULL,NULL,NULL,NULL,NULL),(21545,NULL,NULL,NULL,NULL,NULL,NULL,NULL,NULL,NULL,NULL,NULL,NULL,NULL,NULL,NULL,NULL,NULL,NULL,NULL,NULL,NULL,NULL,NULL,NULL),(21715,NULL,NULL,NULL,NULL,NULL,NULL,NULL,NULL,NULL,NULL,NULL,NULL,NULL,NULL,NULL,NULL,NULL,NULL,NULL,NULL,NULL,NULL,NULL,NULL),(22151,NULL,NULL,NULL,NULL,NULL,NULL,NULL,NULL,NULL,NULL,NULL,NULL,NULL,NULL,NULL,NULL,NULL,NULL,NULL,NULL,NULL,NULL,NULL,NULL),(22699,NULL,NULL,NULL,NULL,NULL,NULL,NULL,NULL,NULL,NULL,NULL,NULL,NULL,NULL,NULL,NULL,NULL,NULL,NULL,NULL,NULL,NULL,NULL,NULL),(22700,NULL,NULL,NULL,NULL,NULL,NULL,NULL,NULL,NULL,NULL,NULL,NULL,NULL,NULL,NULL,NULL,NULL,NULL,NULL,NULL,NULL,NULL,NULL,NULL),(22867,NULL,NULL,NULL,NULL,NULL,NULL,NULL,NULL,NULL,NULL,NULL,NULL,NULL,NULL,NULL,NULL,NULL,NULL,NULL,NULL,NULL,NULL,NULL,NULL),(22901,NULL,NULL,NULL,NULL,NULL,NULL,NULL,NULL,NULL,NULL,NULL,NULL,NULL,NULL,NULL,NULL,NULL,NULL,NULL,NULL,NULL,NULL,NULL,NULL),(23275,NULL,NULL,NULL,NULL,NULL,NULL,NULL,NULL,NULL,NULL,NULL,NULL,NULL,NULL,NULL,NULL,NULL,NULL,NULL,NULL,NULL,NULL,NULL,NULL),(23492,NULL,NULL,NULL,NULL,NULL,NULL,NULL,NULL,NULL,NULL,NULL,NULL,NULL,NULL,NULL,NULL,NULL,NULL,NULL,NULL,NULL,NULL,NULL,NULL),(23579,NULL,NULL,NULL,NULL,NULL,NULL,NULL,NULL,NULL,NULL,NULL,NULL,NULL,NULL,NULL,NULL,NULL,NULL,NULL,NULL,NULL,NULL,NULL,NULL),(24011,NULL,NULL,NULL,NULL,NULL,NULL,NULL,NULL,NULL,NULL,NULL,NULL,NULL,NULL,NULL,NULL,NULL,NULL,NULL,NULL,NULL,NULL,NULL,NULL),(24158,NULL,NULL,NULL,NULL,NULL,NULL,NULL,NULL,NULL,NULL,NULL,NULL,NULL,NULL,NULL,NULL,NULL,NULL,NULL,NULL,NULL,NULL,NULL,NULL),(24396,NULL,NULL,NULL,NULL,NULL,NULL,NULL,NULL,NULL,NULL,NULL,NULL,NULL,NULL,NULL,NULL,NULL,NULL,NULL,NULL,NULL,NULL,NULL,NULL),(24401,NULL,NULL,NULL,NULL,NULL,NULL,NULL,NULL,NULL,NULL,NULL,NULL,NULL,NULL,NULL,NULL,NULL,NULL,NULL,NULL,NULL,NULL,NULL,NULL),(24412,NULL,NULL,NULL,NULL,NULL,NULL,NULL,NULL,NULL,NULL,NULL,NULL,NULL,NULL,NULL,NULL,NULL,NULL,NULL,NULL,NULL,NULL,NULL,NULL),(25175,NULL,NULL,NULL,NULL,NULL,NULL,NULL,NULL,NULL,NULL,NULL,NULL,NULL,NULL,NULL,NULL,NULL,NULL,NULL,NULL,NULL,NULL,NULL,NULL),(25277,NULL,NULL,NULL,NULL,NULL,NULL,NULL,NULL,NULL,NULL,NULL,NULL,NULL,NULL,NULL,NULL,NULL,NULL,NULL,NULL,NULL,NULL,NULL,NULL),(25365,NULL,NULL,NULL,NULL,NULL,NULL,NULL,NULL,NULL,NULL,NULL,NULL,NULL,NULL,NULL,NULL,NULL,NULL,NULL,NULL,NULL,NULL,NULL,NULL),(25542,NULL,NULL,NULL,NULL,NULL,NULL,NULL,NULL,NULL,NULL,NULL,NULL,NULL,NULL,NULL,NULL,NULL,NULL,NULL,NULL,NULL,NULL,NULL,NULL),(25670,NULL,NULL,NULL,NULL,NULL,NULL,NULL,NULL,NULL,NULL,NULL,NULL,NULL,NULL,NULL,NULL,NULL,NULL,NULL,NULL,NULL,NULL,NULL,NULL),(26807,NULL,NULL,NULL,NULL,NULL,NULL,NULL,NULL,NULL,NULL,NULL,NULL,NULL,NULL,NULL,NULL,NULL,NULL,NULL,NULL,NULL,NULL,NULL,NULL),(27144,NULL,NULL,NULL,NULL,NULL,NULL,NULL,NULL,NULL,NULL,NULL,NULL,NULL,NULL,NULL,NULL,NULL,NULL,NULL,NULL,NULL,NULL,NULL,NULL),(27378,NULL,NULL,NULL,NULL,NULL,NULL,NULL,NULL,NULL,NULL,NULL,NULL,NULL,NULL,NULL,NULL,NULL,NULL,NULL,NULL,NULL,NULL,NULL,NULL),(27914,NULL,NULL,NULL,NULL,NULL,NULL,NULL,NULL,NULL,NULL,NULL,NULL,NULL,NULL,NULL,NULL,NULL,NULL,NULL,NULL,NULL,NULL,NULL,NULL),(28624,NULL,NULL,NULL,NULL,NULL,NULL,NULL,NULL,NULL,NULL,NULL,NULL,NULL,NULL,NULL,NULL,NULL,NULL,NULL,NULL,NULL,NULL,NULL,NULL),(28802,NULL,NULL,NULL,NULL,NULL,NULL,NULL,NULL,NULL,NULL,NULL,NULL,NULL,NULL,NULL,NULL,NULL,NULL,NULL,NULL,NULL,NULL,NULL,NULL),(29216,NULL,NULL,NULL,NULL,NULL,NULL,NULL,NULL,NULL,NULL,NULL,NULL,NULL,NULL,NULL,NULL,NULL,NULL,NULL,NULL,NULL,NULL,NULL,NULL),(29622,NULL,NULL,NULL,NULL,NULL,NULL,NULL,NULL,NULL,NULL,NULL,NULL,NULL,NULL,NULL,NULL,NULL,NULL,NULL,NULL,NULL,NULL,NULL,NULL),(29964,NULL,NULL,NULL,NULL,NULL,NULL,NULL,NULL,NULL,NULL,NULL,NULL,NULL,NULL,NULL,NULL,NULL,NULL,NULL,NULL,NULL,NULL,NULL,NULL),(30191,NULL,NULL,NULL,NULL,NULL,NULL,NULL,NULL,NULL,NULL,NULL,NULL,NULL,NULL,NULL,NULL,NULL,NULL,NULL,NULL,NULL,NULL,NULL,NULL),(30290,NULL,NULL,NULL,NULL,NULL,NULL,NULL,NULL,NULL,NULL,NULL,NULL,NULL,NULL,NULL,NULL,NULL,NULL,NULL,NULL,NULL,NULL,NULL,NULL),(30929,NULL,NULL,NULL,NULL,NULL,NULL,NULL,NULL,NULL,NULL,NULL,NULL,NULL,NULL,NULL,NULL,NULL,NULL,NULL,NULL,NULL,NULL,NULL,NULL),(31091,NULL,NULL,NULL,NULL,NULL,NULL,NULL,NULL,NULL,NULL,NULL,NULL,NULL,NULL,NULL,NULL,NULL,NULL,NULL,NULL,NULL,NULL,NULL,NULL),(31144,NULL,NULL,NULL,NULL,NULL,NULL,NULL,NULL,NULL,NULL,NULL,NULL,NULL,NULL,NULL,NULL,NULL,NULL,NULL,NULL,NULL,NULL,NULL,NULL),(31405,NULL,NULL,NULL,NULL,NULL,NULL,NULL,NULL,NULL,NULL,NULL,NULL,NULL,NULL,NULL,NULL,NULL,NULL,NULL,NULL,NULL,NULL,NULL,NULL),(31449,NULL,NULL,NULL,NULL,NULL,NULL,NULL,NULL,NULL,NULL,NULL,NULL,NULL,NULL,NULL,NULL,NULL,NULL,NULL,NULL,NULL,NULL,NULL,NULL),(32082,NULL,NULL,NULL,NULL,NULL,NULL,NULL,NULL,NULL,NULL,NULL,NULL,NULL,NULL,NULL,NULL,NULL,NULL,NULL,NULL,NULL,NULL,NULL,NULL),(32176,NULL,NULL,NULL,NULL,NULL,NULL,NULL,NULL,NULL,NULL,NULL,NULL,NULL,NULL,NULL,NULL,NULL,NULL,NULL,NULL,NULL,NULL,NULL,NULL),(32253,NULL,NULL,NULL,NULL,NULL,NULL,NULL,NULL,NULL,NULL,NULL,NULL,NULL,NULL,NULL,NULL,NULL,NULL,NULL,NULL,NULL,NULL,NULL,NULL),(32647,NULL,NULL,NULL,NULL,NULL,NULL,NULL,NULL,NULL,NULL,NULL,NULL,NULL,NULL,NULL,NULL,NULL,NULL,NULL,NULL,NULL,NULL,NULL,NULL);

UNLOCK TABLES;

/*Table structure for table `tblagency` */

DROP TABLE IF EXISTS `tblagency`;

CREATE TABLE `tblagency` (
  `agencyid` int(11) NOT NULL auto_increment,
  `agencytype` int(11) default NULL,
  `agencycode` varchar(20) default NULL,
  `agencyhead` varchar(50) default NULL,
  `designation` varchar(50) default NULL,
  `agencyname` varchar(200) default NULL,
  `agencyloc` varchar(500) default NULL,
  PRIMARY KEY  (`agencyid`),
  KEY `agencytype` (`agencytype`),
  CONSTRAINT `tblagency_ibfk_1` FOREIGN KEY (`agencytype`) REFERENCES `tblagencytype` (`agencytypeid`)
) ENGINE=InnoDB AUTO_INCREMENT=32411 DEFAULT CHARSET=latin1;

/*Data for the table `tblagency` */

LOCK TABLES `tblagency` WRITE;

insert  into `tblagency`(`agencyid`,`agencytype`,`agencycode`,`agencyhead`,`designation`,`agencyname`,`agencyloc`) values (1,1,'DSWD','Director Marcelo Nicomedes J. Castillo','Regional Director',NULL,NULL),(2,1,'NEDA','Director Nestor G. Rillon','Regional Director','National Economic and Development Authority','Guerrero Road, San Fernando City ,La Union'),(242,1,'TESDA','Director Cenon M. Querubin ','Regional Director',NULL,NULL),(817,1,'DILG','Director Julie J. Daquioag','OIC-Regional Director',NULL,NULL),(875,1,'PCIC','Ms. Florentina O. Puga','OIC-Regional Director',NULL,NULL),(1126,1,'OWWA','Mr. Sergio B. Borgueta, Jr. ','OIC-Regional Director',NULL,NULL),(3681,1,'PHIC','Dr. Leo Douglas V. Cardona, Jr.','Regional Vice President',NULL,NULL),(7044,1,'DOST','Dr. Armando Q. Ganal','Regional Director',NULL,NULL),(8034,1,'DOH','Dr. Myrna C. Cabotaje ','Regional Director',NULL,NULL),(8156,1,'DPWH','Director Melanio C. Briosos','Regional Director',NULL,NULL),(8497,1,'DA','Director Valentino C. Perdido','OIC-Regional Executive Director',NULL,NULL),(8515,3,'PSU','President Dexter R. Buted ','University President',NULL,NULL),(8527,1,'NHA','Mr. Eduardo G. Leao','Regional Manager',NULL,NULL),(8557,1,'PPA','Engr. Marieta G. Odicta ','Acting Port Manager',NULL,NULL),(9001,1,'DENR','Director Paquito T. Moreno, Jr. ','OIC-Regional Director',NULL,NULL),(9127,1,'PMS','Mr. Cesar V. Tuliao','Team Leader',NULL,NULL),(9862,2,'PG-IS','Honorable Ryan Luis V. Singson','Governor',NULL,NULL),(9902,1,'DepEd','Dr. Alma Ruby C. Torio ','Regional Director','Department of Education','ns'),(11261,1,'R1MC','Dr. Joseph Roland O. Mejia','Medical Center Chief',NULL,NULL),(11343,1,'DOT','Director Martin S. Valera ','Regional Director',NULL,NULL),(11657,1,'HDMF','Ms. Rosalina S. Delos Reyes ','OIC-Branch Head',NULL,NULL),(11671,1,'DOLE','Dir. Grace Y. Ursua','Regional Director',NULL,NULL),(12712,1,'NIA','Engr. John N. Celeste ','Regional Irrigation Manager',NULL,NULL),(14808,1,'CHR','Atty. Romel P. Daguimol','OIC-Regional Director',NULL,NULL),(15684,1,'CAAP','Mr. Demetrio I. Apolinar','Airport Manager',NULL,NULL),(15959,1,'BFAR','Director Nestor D. Domenden','Regional Director',NULL,NULL),(15979,1,'NCIP','Director Felinor B. Sajonia','OIC-Director',NULL,NULL),(16072,2,'PG-LU','Honorable Manuel C. Ortega ','Governor',NULL,NULL),(16346,1,'DAR','Director Homer Tobias','Regional Director',NULL,NULL),(16406,1,'DBM','Director Nenita A. Failon','OIC-Regional Director',NULL,NULL),(16468,1,'PPMC','Honorable Florante S. Gerdan ','President/CEO',NULL,NULL),(17089,3,'NLPSC','Dr. Elizabeth Gacusana','President',NULL,NULL),(17344,3,'UNP','Dr. Gilbert R. Arce ','University President',NULL,NULL),(18162,1,'PIA','Director Jennilyne C. Role ','Regional Director',NULL,NULL),(18941,2,'PG-IN','Honorable Imee R. Marcos ','Governor',NULL,NULL),(23393,2,'PG-PANG','Honorable Amado T. Espino, Jr. ','Governor',NULL,NULL),(23942,1,'PNP','PCSupt. Ericson T. Velasquez ','Regional Director',NULL,NULL),(24008,1,'NFA','Manager Carlito G. Co','Regional Manager II',NULL,NULL),(24720,1,'DTI','Director Florante O. Leal ','Regional Director',NULL,NULL),(25560,1,'ALBA','Ms. Hilaria J. Claveria','President',NULL,NULL),(25988,1,'PCA','Mr. Domingo Frugal','OIC- Regional Manager',NULL,NULL),(26867,1,'ISPSC','President Francisco D. Lopez','University President','Ilocos Sur Polytechnic State College',NULL),(27056,1,'ITRMC','Dr. Manuel F. Quirino,MD,PMPA,FPCOM,FPAMS','OIC',NULL,NULL),(27238,1,'NTA','Dr. Giovanni B. Palabay','Department Manager',NULL,NULL),(27463,1,'POPCOM','Director Erma R. Yapit ','OIC-Regional Director',NULL,NULL),(27632,1,'POEA','Ms. Delfina M. Camarillo','OIC',NULL,NULL),(28499,3,'DMMMSU','Dr. Benjamin P. Sapitula ','University President',NULL,NULL),(28892,1,'NNC','Ms. Ma. Eileen B. Blanco ','Nutrition Program Coordinator',NULL,NULL),(30155,1,'MMSU','Dr. Prima Fe Franco','OIC-President','completo','addresshere'),(32301,1,'CHED','Dr. Cherrie Melanie Ancheta-Diego','Regional Director','Commission on Higher Education',NULL),(32410,1,'LBP-LU','Manager Joel K. Peredo ','Branch Head',NULL,NULL);

UNLOCK TABLES;

/*Table structure for table `tblagencytype` */

DROP TABLE IF EXISTS `tblagencytype`;

CREATE TABLE `tblagencytype` (
  `agencytypeid` int(11) NOT NULL default '0',
  `agencytypecode` varchar(20) default NULL,
  `agencytypedesc` varchar(50) default NULL,
  PRIMARY KEY  (`agencytypeid`)
) ENGINE=InnoDB DEFAULT CHARSET=latin1;

/*Data for the table `tblagencytype` */

LOCK TABLES `tblagencytype` WRITE;

insert  into `tblagencytype`(`agencytypeid`,`agencytypecode`,`agencytypedesc`) values (1,'RLA','Regional Line Agencies'),(2,'LGU','Local Government Unit'),(3,'SUC','State Universities and Colleges'),(4,'CD','Congressional Districts'),(5,'RPMC','Regional Project Monitoring Committee');

UNLOCK TABLES;

/*Table structure for table `tblduedates` */

DROP TABLE IF EXISTS `tblduedates`;

CREATE TABLE `tblduedates` (
  `duedateId` int(11) NOT NULL,
  `duedate` date default NULL,
  `name` varchar(32) default NULL,
  PRIMARY KEY  (`duedateId`)
) ENGINE=InnoDB DEFAULT CHARSET=latin1;

/*Data for the table `tblduedates` */

LOCK TABLES `tblduedates` WRITE;

insert  into `tblduedates`(`duedateId`,`duedate`,`name`) values (123456,'2016-04-15','Monitoring Plan'),(428456,'2016-04-15','Q1 Accomplishment'),(545652,'2016-01-01','Q2 Accomplishment'),(562856,'2016-01-01','Q3 Accomplishment'),(851254,'2016-01-01','Q4 Accomplishment'),(867423,'2016-01-01','Q1 Project Exception'),(875858,'2016-01-01','Q2 Project Exception'),(899079,'2016-01-01','Q3 Project Exception'),(987898,'2016-01-01','Q4 Project Exception');

UNLOCK TABLES;

/*Table structure for table `tblfundsrc` */

DROP TABLE IF EXISTS `tblfundsrc`;

CREATE TABLE `tblfundsrc` (
  `fundid` int(11) NOT NULL default '0',
  `fundtypeid` int(11) default NULL,
  `fundcode` varchar(20) default NULL,
  `funddesc` varchar(1000) default NULL,
  PRIMARY KEY  (`fundid`),
  KEY `fundtypeid` (`fundtypeid`),
  CONSTRAINT `tblfundsrc_ibfk_1` FOREIGN KEY (`fundtypeid`) REFERENCES `tblfundsrctype` (`fundtypeid`)
) ENGINE=InnoDB DEFAULT CHARSET=latin1;

/*Data for the table `tblfundsrc` */

LOCK TABLES `tblfundsrc` WRITE;

insert  into `tblfundsrc`(`fundid`,`fundtypeid`,`fundcode`,`funddesc`) values (1,1,'20% Dev\'t Fund','20% Development Fund'),(2,1,'GAD','GAD Budget - 5% of Agency Fund'),(3,NULL,'ACO GAA','Agency Central Office General Appropriation Act'),(4,1,'AHMP-PGN','Accelerated Hunger Mitigation Program-Practices on Good Nutrition'),(5,NULL,'ARO GAA','Agency Regional Office General Appropriation Act'),(6,NULL,'AusAID','Australia Agency for International Development'),(7,NULL,'Calamity Fund','Calamity Fund'),(8,NULL,'ER 1-94','Energy Regulation No. 1-94'),(9,NULL,'IGP','Income Generating Projects'),(10,NULL,'IRA','Internal Revenue Allotment'),(11,NULL,'JICA','Japan International Cooperation Agency'),(12,NULL,'KOICA','Korea International Cooperation Agency'),(13,NULL,'RA 7171','RA 7171'),(14,NULL,'SEF','Special Education Fund'),(15,NULL,'Trust Fund','Trust Fund'),(16,1,'UNDP','United Nations Development Programme'),(768,1,'RA 4155','RA 4155'),(7676,1,'SIP','Small Irrigation Project'),(10394,1,'Kalsada Program','Kalsada Program'),(13753,1,'SLRF','SPECIAL LOCAL ROAD FUND'),(15493,1,'EEIS','Expansion/ Extension of Existing Irrigation System'),(17823,1,'WB + DA + LGU','World Bank + DA + LGU'),(21891,1,'Corp Fund','Corporate Fund'),(22476,1,'RRREIS','Restoratio/ Rehab/ Repair of Existing Irrigation System'),(28720,2,'WB + LGU','World Bank + LGU');

UNLOCK TABLES;

/*Table structure for table `tblfundsrctype` */

DROP TABLE IF EXISTS `tblfundsrctype`;

CREATE TABLE `tblfundsrctype` (
  `fundtypeid` int(11) NOT NULL default '0',
  `funddesc` varchar(100) default NULL,
  PRIMARY KEY  (`fundtypeid`)
) ENGINE=InnoDB DEFAULT CHARSET=latin1;

/*Data for the table `tblfundsrctype` */

LOCK TABLES `tblfundsrctype` WRITE;

insert  into `tblfundsrctype`(`fundtypeid`,`funddesc`) values (1,'Local Funds'),(2,'Foreign Assistance');

UNLOCK TABLES;

/*Table structure for table `tbllocation` */

DROP TABLE IF EXISTS `tbllocation`;

CREATE TABLE `tbllocation` (
  `locid` int(11) NOT NULL default '0',
  `provincename` varchar(50) default NULL,
  `district` varchar(50) default NULL,
  `city` varchar(50) default NULL,
  PRIMARY KEY  (`locid`)
) ENGINE=InnoDB DEFAULT CHARSET=latin1;

/*Data for the table `tbllocation` */

LOCK TABLES `tbllocation` WRITE;

insert  into `tbllocation`(`locid`,`provincename`,`district`,`city`) values (1,'Regionwide',NULL,NULL),(2,'Ilocos Norte',NULL,NULL),(3,'Ilocos Norte','District 1',NULL),(4,'Ilocos Norte','District 1','Laoag'),(5,'Ilocos Norte','District 2',NULL),(6,'Ilocos Norte','District 2','Batac'),(7,'Ilocos Sur',NULL,NULL),(8,'Ilocos Sur','District 1',NULL),(9,'Ilocos Sur','District 1','Vigan'),(10,'Ilocos Sur','District 2',NULL),(11,'Ilocos Sur','District 2','Candon'),(12,'La Union',NULL,NULL),(13,'La Union','District 1',NULL),(14,'La Union','District 1','San Fernando'),(15,'La Union','District 2',NULL),(17,'Pangasinan',NULL,NULL),(18,'Pangasinan','District 1',NULL),(19,'Pangasinan','District 1','Alaminos'),(20,'Pangasinan','District 2',NULL),(21,'Pangasinan','District 3',NULL),(22,'Pangasinan','District 3','San Carlos'),(23,'Pangasinan','District 4',NULL),(24,'Pangasinan','District 4','Dagupan'),(25,'Pangasinan','District 5',NULL),(26,'Pangasinan','District 5','Urdaneta'),(27,'Pangasinan','District 6','');

UNLOCK TABLES;

/*Table structure for table `tblperiod` */

DROP TABLE IF EXISTS `tblperiod`;

CREATE TABLE `tblperiod` (
  `periodId` int(11) NOT NULL,
  `periodname` varchar(32) default NULL,
  PRIMARY KEY  (`periodId`)
) ENGINE=InnoDB DEFAULT CHARSET=latin1;

/*Data for the table `tblperiod` */

LOCK TABLES `tblperiod` WRITE;

insert  into `tblperiod`(`periodId`,`periodname`) values (1,'Carry Over'),(2,'Current Year');

UNLOCK TABLES;

/*Table structure for table `tblprojaccomplishment` */

DROP TABLE IF EXISTS `tblprojaccomplishment`;

CREATE TABLE `tblprojaccomplishment` (
  `projid` int(11) NOT NULL,
  `agencyid` int(11) default NULL,
  `q1Paccomp` double default '0',
  `q1Faccomp` double default '0',
  `q1Maccomp` double default '0',
  `q1datesub` datetime default NULL,
  `q1datesave` datetime default NULL,
  `q1savior` varchar(100) default NULL,
  `q1submittor` varchar(100) default NULL,
  `q1CashDis` double default '0',
  `q1AccPayable` double default '0',
  `q1Remarks` varchar(500) default NULL,
  `q1Expenditure` double default '0',
  `q1Releases` double default '0',
  `q1Obligations` double default '0',
  `q2Paccomp` double default '0',
  `q2Faccomp` double default '0',
  `q2Maccomp` double default '0',
  `q2datesub` datetime default NULL,
  `q2datesave` datetime default NULL,
  `q2savior` varchar(100) default NULL,
  `q2submittor` varchar(100) default NULL,
  `q2CashDis` double default '0',
  `q2AccPayable` double default '0',
  `q2Remarks` varchar(500) default NULL,
  `q2Expenditure` double default '0',
  `q2Releases` double default '0',
  `q2Obligations` double default '0',
  `q3Paccomp` double default '0',
  `q3Faccomp` double default '0',
  `q3Maccomp` double default '0',
  `q3datesub` datetime default NULL,
  `q3datesave` datetime default NULL,
  `q3savior` varchar(100) default NULL,
  `q3submittor` varchar(100) default NULL,
  `q3CashDis` double default '0',
  `q3AccPayable` double default '0',
  `q3Remarks` varchar(500) default NULL,
  `q3Expenditure` double default '0',
  `q3Releases` double default '0',
  `q3Obligations` double default '0',
  `q4Paccomp` double default '0',
  `q4Faccomp` double default '0',
  `q4Maccomp` double default '0',
  `q4datesub` datetime default NULL,
  `q4datesave` datetime default NULL,
  `q4savior` varchar(100) default NULL,
  `q4submittor` varchar(100) default NULL,
  `q4CashDis` double default '0',
  `q4AccPayable` double default '0',
  `q4Remarks` varchar(500) default NULL,
  `q4Expenditure` double default '0',
  `q4Releases` double default '0',
  `q4Obligations` double default '0',
  PRIMARY KEY  (`projid`),
  KEY `projid` (`projid`),
  KEY `agencyid` (`agencyid`),
  CONSTRAINT `FK_tblprojaccomplishment` FOREIGN KEY (`projid`) REFERENCES `tblprojects` (`projid`) ON DELETE NO ACTION ON UPDATE NO ACTION,
  CONSTRAINT `tblprojaccomplishment_ibfk_2` FOREIGN KEY (`agencyid`) REFERENCES `tblagency` (`agencyid`)
) ENGINE=InnoDB DEFAULT CHARSET=latin1;

/*Data for the table `tblprojaccomplishment` */

LOCK TABLES `tblprojaccomplishment` WRITE;

insert  into `tblprojaccomplishment`(`projid`,`agencyid`,`q1Paccomp`,`q1Faccomp`,`q1Maccomp`,`q1datesub`,`q1datesave`,`q1savior`,`q1submittor`,`q1CashDis`,`q1AccPayable`,`q1Remarks`,`q1Expenditure`,`q1Releases`,`q1Obligations`,`q2Paccomp`,`q2Faccomp`,`q2Maccomp`,`q2datesub`,`q2datesave`,`q2savior`,`q2submittor`,`q2CashDis`,`q2AccPayable`,`q2Remarks`,`q2Expenditure`,`q2Releases`,`q2Obligations`,`q3Paccomp`,`q3Faccomp`,`q3Maccomp`,`q3datesub`,`q3datesave`,`q3savior`,`q3submittor`,`q3CashDis`,`q3AccPayable`,`q3Remarks`,`q3Expenditure`,`q3Releases`,`q3Obligations`,`q4Paccomp`,`q4Faccomp`,`q4Maccomp`,`q4datesub`,`q4datesave`,`q4savior`,`q4submittor`,`q4CashDis`,`q4AccPayable`,`q4Remarks`,`q4Expenditure`,`q4Releases`,`q4Obligations`) values (128,8497,0,0,0,'2016-04-19 09:18:00',NULL,NULL,'Donnie Rocapor Gallocanta, Programmer',0,0,'0null',0,0,0,0,0,0,NULL,NULL,NULL,NULL,0,0,NULL,0,0,0,0,0,0,NULL,NULL,NULL,NULL,0,0,NULL,0,0,0,0,0,0,NULL,NULL,NULL,NULL,0,0,NULL,0,0,0),(154,8497,0,0,0,'2016-04-19 09:18:00',NULL,NULL,'Donnie Rocapor Gallocanta, Programmer',0,0,'0null',0,0,0,0,0,0,NULL,NULL,NULL,NULL,0,0,NULL,0,0,0,0,0,0,NULL,NULL,NULL,NULL,0,0,NULL,0,0,0,0,0,0,NULL,NULL,NULL,NULL,0,0,NULL,0,0,0),(171,9902,0,0,0,'2016-04-08 09:53:00',NULL,NULL,'Corazon Quintal Luquingan, EPS',0,0,'null',0,0,0,0,0,0,NULL,NULL,NULL,NULL,0,0,NULL,0,0,0,0,0,0,NULL,NULL,NULL,NULL,0,0,NULL,0,0,0,0,0,0,NULL,NULL,NULL,NULL,0,0,NULL,0,0,0),(214,15979,0,0,0,'2016-04-06 09:23:00','2016-04-06 09:21:00','rosemary madriaga abenes, Planning Officer II','rosemary madriaga abenes, Planning Officer II',0,0,'null',0,0,0,0,0,0,NULL,NULL,NULL,NULL,0,0,NULL,0,0,0,0,0,0,NULL,NULL,NULL,NULL,0,0,NULL,0,0,0,0,0,0,NULL,NULL,NULL,NULL,0,0,NULL,0,0,0),(245,8497,0,0,0,'2016-04-19 09:18:00',NULL,NULL,'Donnie Rocapor Gallocanta, Programmer',0,0,'0null',0,0,0,0,0,0,NULL,NULL,NULL,NULL,0,0,NULL,0,0,0,0,0,0,NULL,NULL,NULL,NULL,0,0,NULL,0,0,0,0,0,0,NULL,NULL,NULL,NULL,0,0,NULL,0,0,0),(353,28499,0,0,0,NULL,NULL,NULL,NULL,0,0,NULL,0,0,0,0,0,0,NULL,NULL,NULL,NULL,0,0,NULL,0,0,0,0,0,0,NULL,NULL,NULL,NULL,0,0,NULL,0,0,0,0,0,0,NULL,NULL,NULL,NULL,0,0,NULL,0,0,0),(390,23393,0,0,0,'2016-04-19 17:23:00','2016-04-11 16:41:00','  , ','Donnie Rocapor Gallocanta, Programmer',0,0,'null',0,0,0,0,0,0,'2016-04-18 11:35:00',NULL,NULL,'Donnie Rocapor Gallocanta, Programmer',0,0,'null',NULL,0,0,0,0,0,NULL,NULL,NULL,NULL,0,0,NULL,0,0,0,0,0,0,NULL,NULL,NULL,NULL,0,0,NULL,0,0,0),(414,15959,0,0,0,NULL,NULL,NULL,NULL,0,0,NULL,0,0,0,0,0,0,NULL,NULL,NULL,NULL,0,0,NULL,0,0,0,0,0,0,NULL,NULL,NULL,NULL,0,0,NULL,0,0,0,0,0,0,NULL,NULL,NULL,NULL,0,0,NULL,0,0,0),(425,30155,2.97,0,206,NULL,'2016-04-11 08:58:00','Aris Reynold V. Cajigal, Extension Director',NULL,0,717525.58,'null',717525.58,717525.58,717525.58,0,0,0,NULL,NULL,NULL,NULL,0,0,NULL,0,0,0,0,0,0,NULL,NULL,NULL,NULL,0,0,NULL,0,0,0,0,0,0,NULL,NULL,NULL,NULL,0,0,NULL,0,0,0),(479,30155,0,0,0,NULL,'2016-04-11 08:58:00','Aris Reynold V. Cajigal, Extension Director',NULL,0,0,'null',0,0,0,0,0,0,NULL,NULL,NULL,NULL,0,0,NULL,0,0,0,0,0,0,NULL,NULL,NULL,NULL,0,0,NULL,0,0,0,0,0,0,NULL,NULL,NULL,NULL,0,0,NULL,0,0,0),(482,23942,0,0,0,NULL,NULL,NULL,NULL,0,0,NULL,0,0,0,0,0,0,NULL,NULL,NULL,NULL,0,0,NULL,0,0,0,0,0,0,NULL,NULL,NULL,NULL,0,0,NULL,0,0,0,0,0,0,NULL,NULL,NULL,NULL,0,0,NULL,0,0,0),(504,8497,0,0,0,'2016-04-19 09:18:00',NULL,NULL,'Donnie Rocapor Gallocanta, Programmer',0,0,'0null',0,0,0,0,0,0,NULL,NULL,NULL,NULL,0,0,NULL,0,0,0,0,0,0,NULL,NULL,NULL,NULL,0,0,NULL,0,0,0,0,0,0,NULL,NULL,NULL,NULL,0,0,NULL,0,0,0),(618,23942,0,0,0,NULL,NULL,NULL,NULL,0,0,NULL,0,0,0,0,0,0,NULL,NULL,NULL,NULL,0,0,NULL,0,0,0,0,0,0,NULL,NULL,NULL,NULL,0,0,NULL,0,0,0,0,0,0,NULL,NULL,NULL,NULL,0,0,NULL,0,0,0),(656,8497,0,0,0,'2016-04-19 09:18:00',NULL,NULL,'Donnie Rocapor Gallocanta, Programmer',0,0,'0null',0,0,0,0,0,0,NULL,NULL,NULL,NULL,0,0,NULL,0,0,0,0,0,0,NULL,NULL,NULL,NULL,0,0,NULL,0,0,0,0,0,0,NULL,NULL,NULL,NULL,0,0,NULL,0,0,0),(664,16072,0,0,0,'2016-04-15 12:07:00','2016-04-15 12:05:00','Donnie Rocapor Gallocanta, Programmer','Donnie Rocapor Gallocanta, Programmer',0,0,'0null',0,0,0,0,0,0,NULL,NULL,NULL,NULL,0,0,NULL,0,0,0,0,0,0,NULL,NULL,NULL,NULL,0,0,NULL,0,0,0,0,0,0,NULL,NULL,NULL,NULL,0,0,NULL,0,0,0),(679,242,0,0,0,NULL,NULL,NULL,NULL,0,0,NULL,0,0,0,0,0,0,NULL,NULL,NULL,NULL,0,0,NULL,0,0,0,0,0,0,NULL,NULL,NULL,NULL,0,0,NULL,0,0,0,0,0,0,NULL,NULL,NULL,NULL,0,0,NULL,0,0,0),(726,27463,0,0,0,'2016-04-11 15:38:00','2016-04-08 14:33:00','Roy Gerson Balcita Torres, PEO 1','Roy Gerson Balcita Torres, PEO 1',0,0,'null',0,0,0,0,0,0,NULL,'2016-04-14 14:01:00','Donnie Rocapor Gallocanta, Programmer',NULL,0,0,'null',NULL,25000,0,0,0,0,NULL,NULL,NULL,NULL,0,0,NULL,0,0,0,0,0,0,NULL,NULL,NULL,NULL,0,0,NULL,0,0,0),(859,23942,0,0,0,NULL,NULL,NULL,NULL,0,0,NULL,0,0,0,0,0,0,NULL,NULL,NULL,NULL,0,0,NULL,0,0,0,0,0,0,NULL,NULL,NULL,NULL,0,0,NULL,0,0,0,0,0,0,NULL,NULL,NULL,NULL,0,0,NULL,0,0,0),(895,8497,0,0,0,'2016-04-19 09:18:00',NULL,NULL,'Donnie Rocapor Gallocanta, Programmer',0,0,'0null',0,0,0,0,0,0,NULL,NULL,NULL,NULL,0,0,NULL,0,0,0,0,0,0,NULL,NULL,NULL,NULL,0,0,NULL,0,0,0,0,0,0,NULL,NULL,NULL,NULL,0,0,NULL,0,0,0),(942,8497,0,0,0,'2016-04-19 09:18:00',NULL,NULL,'Donnie Rocapor Gallocanta, Programmer',0,0,'0null',0,0,0,0,0,0,NULL,NULL,NULL,NULL,0,0,NULL,0,0,0,0,0,0,NULL,NULL,NULL,NULL,0,0,NULL,0,0,0,0,0,0,NULL,NULL,NULL,NULL,0,0,NULL,0,0,0),(1185,30155,0,0,0,NULL,'2016-04-11 08:58:00','Aris Reynold V. Cajigal, Extension Director',NULL,0,0,'null',0,0,0,0,0,0,NULL,NULL,NULL,NULL,0,0,NULL,0,0,0,0,0,0,NULL,NULL,NULL,NULL,0,0,NULL,0,0,0,0,0,0,NULL,NULL,NULL,NULL,0,0,NULL,0,0,0),(1188,9001,0,0,0,NULL,NULL,NULL,NULL,0,0,NULL,0,0,0,0,0,0,NULL,NULL,NULL,NULL,0,0,NULL,0,0,0,0,0,0,NULL,NULL,NULL,NULL,0,0,NULL,0,0,0,0,0,0,NULL,NULL,NULL,NULL,0,0,NULL,0,0,0),(1509,15959,0,0,0,NULL,NULL,NULL,NULL,0,0,NULL,0,0,0,0,0,0,NULL,NULL,NULL,NULL,0,0,NULL,0,0,0,0,0,0,NULL,NULL,NULL,NULL,0,0,NULL,0,0,0,0,0,0,NULL,NULL,NULL,NULL,0,0,NULL,0,0,0),(1596,8034,0,0,0,NULL,NULL,NULL,NULL,0,0,NULL,0,0,0,0,0,0,NULL,NULL,NULL,NULL,0,0,NULL,0,0,0,0,0,0,NULL,NULL,NULL,NULL,0,0,NULL,0,0,0,0,0,0,NULL,NULL,NULL,NULL,0,0,NULL,0,0,0),(1631,8497,0,0,0,'2016-04-19 09:18:00',NULL,NULL,'Donnie Rocapor Gallocanta, Programmer',0,0,'0null',0,0,0,0,0,0,NULL,NULL,NULL,NULL,0,0,NULL,0,0,0,0,0,0,NULL,NULL,NULL,NULL,0,0,NULL,0,0,0,0,0,0,NULL,NULL,NULL,NULL,0,0,NULL,0,0,0),(1746,16072,0,0,0,'2016-04-15 12:07:00','2016-04-15 12:05:00','Donnie Rocapor Gallocanta, Programmer','Donnie Rocapor Gallocanta, Programmer',0,0,'0null',0,0,0,0,0,0,NULL,NULL,NULL,NULL,0,0,NULL,0,0,0,0,0,0,NULL,NULL,NULL,NULL,0,0,NULL,0,0,0,0,0,0,NULL,NULL,NULL,NULL,0,0,NULL,0,0,0),(1847,9001,0,0,0,NULL,NULL,NULL,NULL,0,0,NULL,0,0,0,0,0,0,NULL,NULL,NULL,NULL,0,0,NULL,0,0,0,0,0,0,NULL,NULL,NULL,NULL,0,0,NULL,0,0,0,0,0,0,NULL,NULL,NULL,NULL,0,0,NULL,0,0,0),(1941,16072,0,0,0,'2016-04-15 12:07:00','2016-04-15 12:05:00','Donnie Rocapor Gallocanta, Programmer','Donnie Rocapor Gallocanta, Programmer',0,0,'0null',0,0,0,0,0,0,NULL,NULL,NULL,NULL,0,0,NULL,0,0,0,0,0,0,NULL,NULL,NULL,NULL,0,0,NULL,0,0,0,0,0,0,NULL,NULL,NULL,NULL,0,0,NULL,0,0,0),(1950,8034,0,0,0,NULL,NULL,NULL,NULL,0,0,NULL,0,0,0,0,0,0,NULL,NULL,NULL,NULL,0,0,NULL,0,0,0,0,0,0,NULL,NULL,NULL,NULL,0,0,NULL,0,0,0,0,0,0,NULL,NULL,NULL,NULL,0,0,NULL,0,0,0),(2009,8497,0,0,0,'2016-04-19 09:18:00',NULL,NULL,'Donnie Rocapor Gallocanta, Programmer',0,0,'0null',0,0,0,0,0,0,NULL,NULL,NULL,NULL,0,0,NULL,0,0,0,0,0,0,NULL,NULL,NULL,NULL,0,0,NULL,0,0,0,0,0,0,NULL,NULL,NULL,NULL,0,0,NULL,0,0,0),(2065,8156,0,0,0,NULL,NULL,NULL,NULL,0,0,NULL,0,0,0,0,0,0,NULL,NULL,NULL,NULL,0,0,NULL,0,0,0,0,0,0,NULL,NULL,NULL,NULL,0,0,NULL,0,0,0,0,0,0,NULL,NULL,NULL,NULL,0,0,NULL,0,0,0),(2083,8497,0,0,0,'2016-04-19 09:18:00',NULL,NULL,'Donnie Rocapor Gallocanta, Programmer',0,0,'0null',0,0,0,0,0,0,NULL,NULL,NULL,NULL,0,0,NULL,0,0,0,0,0,0,NULL,NULL,NULL,NULL,0,0,NULL,0,0,0,0,0,0,NULL,NULL,NULL,NULL,0,0,NULL,0,0,0),(2084,8497,0,0,0,'2016-04-19 09:18:00',NULL,NULL,'Donnie Rocapor Gallocanta, Programmer',0,0,'0null',0,0,0,0,0,0,NULL,NULL,NULL,NULL,0,0,NULL,0,0,0,0,0,0,NULL,NULL,NULL,NULL,0,0,NULL,0,0,0,0,0,0,NULL,NULL,NULL,NULL,0,0,NULL,0,0,0),(2165,27463,0,0,0,'2016-04-11 15:38:00','2016-04-08 14:33:00','Roy Gerson Balcita Torres, PEO 1','Roy Gerson Balcita Torres, PEO 1',0,0,'null',0,0,0,0,0,0,NULL,'2016-04-14 14:01:00','Donnie Rocapor Gallocanta, Programmer',NULL,0,0,'null',NULL,0,0,0,0,0,NULL,NULL,NULL,NULL,0,0,NULL,0,0,0,0,0,0,NULL,NULL,NULL,NULL,0,0,NULL,0,0,0),(2236,8156,0,0,0,NULL,NULL,NULL,NULL,0,0,NULL,0,0,0,0,0,0,NULL,NULL,NULL,NULL,0,0,NULL,0,0,0,0,0,0,NULL,NULL,NULL,NULL,0,0,NULL,0,0,0,0,0,0,NULL,NULL,NULL,NULL,0,0,NULL,0,0,0),(2306,16072,0,0,0,'2016-04-15 12:07:00','2016-04-15 12:05:00','Donnie Rocapor Gallocanta, Programmer','Donnie Rocapor Gallocanta, Programmer',0,0,'0null',0,0,0,0,0,0,NULL,NULL,NULL,NULL,0,0,NULL,0,0,0,0,0,0,NULL,NULL,NULL,NULL,0,0,NULL,0,0,0,0,0,0,NULL,NULL,NULL,NULL,0,0,NULL,0,0,0),(2489,27463,13,0,0,'2016-04-11 15:38:00','2016-04-08 14:33:00','Roy Gerson Balcita Torres, PEO 1','Roy Gerson Balcita Torres, PEO 1',0,24520.9,'null',24520.9,89000,24520.9,0,0,0,NULL,'2016-04-14 14:01:00','Donnie Rocapor Gallocanta, Programmer',NULL,0,0,'null',NULL,0,0,0,0,0,NULL,NULL,NULL,NULL,0,0,NULL,0,0,0,0,0,0,NULL,NULL,NULL,NULL,0,0,NULL,0,0,0),(2523,8497,0,0,0,'2016-04-19 09:18:00',NULL,NULL,'Donnie Rocapor Gallocanta, Programmer',0,0,'00null',0,0,0,0,0,0,NULL,NULL,NULL,NULL,0,0,NULL,0,0,0,0,0,0,NULL,NULL,NULL,NULL,0,0,NULL,0,0,0,0,0,0,NULL,NULL,NULL,NULL,0,0,NULL,0,0,0),(2533,8497,0,0,0,'2016-04-19 09:18:00',NULL,NULL,'Donnie Rocapor Gallocanta, Programmer',0,0,'00null',0,0,0,0,0,0,NULL,NULL,NULL,NULL,0,0,NULL,0,0,0,0,0,0,NULL,NULL,NULL,NULL,0,0,NULL,0,0,0,0,0,0,NULL,NULL,NULL,NULL,0,0,NULL,0,0,0),(2637,30155,0,0,0,NULL,'2016-04-11 08:58:00','Aris Reynold V. Cajigal, Extension Director',NULL,0,0,'null',0,0,0,0,0,0,NULL,NULL,NULL,NULL,0,0,NULL,0,0,0,0,0,0,NULL,NULL,NULL,NULL,0,0,NULL,0,0,0,0,0,0,NULL,NULL,NULL,NULL,0,0,NULL,0,0,0),(2688,8497,0,0,0,'2016-04-19 09:18:00',NULL,NULL,'Donnie Rocapor Gallocanta, Programmer',0,0,'0null',0,0,0,0,0,0,NULL,NULL,NULL,NULL,0,0,NULL,0,0,0,0,0,0,NULL,NULL,NULL,NULL,0,0,NULL,0,0,0,0,0,0,NULL,NULL,NULL,NULL,0,0,NULL,0,0,0),(2734,8497,0,0,0,'2016-04-19 09:18:00',NULL,NULL,'Donnie Rocapor Gallocanta, Programmer',0,0,'00null',0,0,10,0,0,0,NULL,NULL,NULL,NULL,0,0,NULL,0,0,0,0,0,0,NULL,NULL,NULL,NULL,0,0,NULL,0,0,0,0,0,0,NULL,NULL,NULL,NULL,0,0,NULL,0,0,0),(2983,1,0,0,0,NULL,NULL,NULL,NULL,0,0,NULL,0,0,0,0,0,0,NULL,NULL,NULL,NULL,0,0,NULL,0,0,0,0,0,0,NULL,NULL,NULL,NULL,0,0,NULL,0,0,0,0,0,0,NULL,NULL,NULL,NULL,0,0,NULL,0,0,0),(3009,8156,0,0,0,NULL,NULL,NULL,NULL,0,0,NULL,0,0,0,0,0,0,NULL,NULL,NULL,NULL,0,0,NULL,0,0,0,0,0,0,NULL,NULL,NULL,NULL,0,0,NULL,0,0,0,0,0,0,NULL,NULL,NULL,NULL,0,0,NULL,0,0,0),(3174,8497,0,0,0,'2016-04-19 09:18:00',NULL,NULL,'Donnie Rocapor Gallocanta, Programmer',0,0,'00null',0,0,0,0,0,0,NULL,NULL,NULL,NULL,0,0,NULL,0,0,0,0,0,0,NULL,NULL,NULL,NULL,0,0,NULL,0,0,0,0,0,0,NULL,NULL,NULL,NULL,0,0,NULL,0,0,0),(3248,8497,0,0,0,'2016-04-19 09:18:00',NULL,NULL,'Donnie Rocapor Gallocanta, Programmer',0,0,'0null',0,0,0,0,0,0,NULL,NULL,NULL,NULL,0,0,NULL,0,0,0,0,0,0,NULL,NULL,NULL,NULL,0,0,NULL,0,0,0,0,0,0,NULL,NULL,NULL,NULL,0,0,NULL,0,0,0),(3363,8497,0,0,0,'2016-04-19 09:18:00',NULL,NULL,'Donnie Rocapor Gallocanta, Programmer',0,0,'0null',0,0,0,0,0,0,NULL,NULL,NULL,NULL,0,0,NULL,0,0,0,0,0,0,NULL,NULL,NULL,NULL,0,0,NULL,0,0,0,0,0,0,NULL,NULL,NULL,NULL,0,0,NULL,0,0,0),(3546,8497,0,0,0,'2016-04-19 09:18:00',NULL,NULL,'Donnie Rocapor Gallocanta, Programmer',0,0,'null',0,0,0,0,0,0,NULL,NULL,NULL,NULL,0,0,NULL,0,0,0,0,0,0,NULL,NULL,NULL,NULL,0,0,NULL,0,0,0,0,0,0,NULL,NULL,NULL,NULL,0,0,NULL,0,0,0),(3594,8034,0,0,0,NULL,NULL,NULL,NULL,0,0,NULL,0,0,0,0,0,0,NULL,NULL,NULL,NULL,0,0,NULL,0,0,0,0,0,0,NULL,NULL,NULL,NULL,0,0,NULL,0,0,0,0,0,0,NULL,NULL,NULL,NULL,0,0,NULL,0,0,0),(3622,17344,0,0,0,NULL,NULL,NULL,NULL,0,0,NULL,0,0,0,0,0,0,NULL,NULL,NULL,NULL,0,0,NULL,0,0,0,0,0,0,NULL,NULL,NULL,NULL,0,0,NULL,0,0,0,0,0,0,NULL,NULL,NULL,NULL,0,0,NULL,0,0,0),(3736,27463,2,0,0,'2016-04-11 15:38:00','2016-04-08 14:33:00','Roy Gerson Balcita Torres, PEO 1','Roy Gerson Balcita Torres, PEO 1',0,0,'POPCOM 47th Anniversary & ICV Training.  Implemented as needed, funded by POPCOM CO & DOH',0,0,0,0,0,0,NULL,'2016-04-14 14:01:00','Donnie Rocapor Gallocanta, Programmer',NULL,0,0,'null',NULL,0,0,0,0,0,NULL,NULL,NULL,NULL,0,0,NULL,0,0,0,0,0,0,NULL,NULL,NULL,NULL,0,0,NULL,0,0,0),(3823,23393,0,0,0,'2016-04-19 17:23:00','2016-04-11 16:41:00','  , ','Donnie Rocapor Gallocanta, Programmer',0,0,'null',0,0,0,0,0,0,'2016-04-18 11:35:00',NULL,NULL,'Donnie Rocapor Gallocanta, Programmer',0,0,'null',NULL,0,0,0,0,0,NULL,NULL,NULL,NULL,0,0,NULL,0,0,0,0,0,0,NULL,NULL,NULL,NULL,0,0,NULL,0,0,0),(3842,27238,0,0,0,NULL,NULL,NULL,NULL,0,0,NULL,0,0,0,0,0,0,NULL,NULL,NULL,NULL,0,0,NULL,0,0,0,0,0,0,NULL,NULL,NULL,NULL,0,0,NULL,0,0,0,0,0,0,NULL,NULL,NULL,NULL,0,0,NULL,0,0,0),(3911,9001,0,0,0,NULL,NULL,NULL,NULL,0,0,NULL,0,0,0,0,0,0,NULL,NULL,NULL,NULL,0,0,NULL,0,0,0,0,0,0,NULL,NULL,NULL,NULL,0,0,NULL,0,0,0,0,0,0,NULL,NULL,NULL,NULL,0,0,NULL,0,0,0),(4004,30155,0,0,0,NULL,'2016-04-11 08:58:00','Aris Reynold V. Cajigal, Extension Director',NULL,0,0,'null',0,0,0,0,0,0,NULL,NULL,NULL,NULL,0,0,NULL,0,0,0,0,0,0,NULL,NULL,NULL,NULL,0,0,NULL,0,0,0,0,0,0,NULL,NULL,NULL,NULL,0,0,NULL,0,0,0),(4134,23393,38,0,7200,'2016-04-19 17:23:00','2016-04-11 16:41:00','  , ','Donnie Rocapor Gallocanta, Programmer',0,4625600,'null',4625600,4625600,0,0,0,0,'2016-04-18 11:35:00',NULL,NULL,'Donnie Rocapor Gallocanta, Programmer',0,0,'null',NULL,0,0,0,0,0,NULL,NULL,NULL,NULL,0,0,NULL,0,0,0,0,0,0,NULL,NULL,NULL,NULL,0,0,NULL,0,0,0),(4358,8497,0,0,0,'2016-04-19 09:18:00',NULL,NULL,'Donnie Rocapor Gallocanta, Programmer',0,0,'0null',0,0,0,0,0,0,NULL,NULL,NULL,NULL,0,0,NULL,0,0,0,0,0,0,NULL,NULL,NULL,NULL,0,0,NULL,0,0,0,0,0,0,NULL,NULL,NULL,NULL,0,0,NULL,0,0,0),(4420,8497,0,0,0,'2016-04-19 09:18:00',NULL,NULL,'Donnie Rocapor Gallocanta, Programmer',0,0,'0null',0,0,0,0,0,0,NULL,NULL,NULL,NULL,0,0,NULL,0,0,0,0,0,0,NULL,NULL,NULL,NULL,0,0,NULL,0,0,0,0,0,0,NULL,NULL,NULL,NULL,0,0,NULL,0,0,0),(4521,17344,0,0,0,NULL,NULL,NULL,NULL,0,0,NULL,0,0,0,0,0,0,NULL,NULL,NULL,NULL,0,0,NULL,0,0,0,0,0,0,NULL,NULL,NULL,NULL,0,0,NULL,0,0,0,0,0,0,NULL,NULL,NULL,NULL,0,0,NULL,0,0,0),(4557,15959,0,0,0,NULL,NULL,NULL,NULL,0,0,NULL,0,0,0,0,0,0,NULL,NULL,NULL,NULL,0,0,NULL,0,0,0,0,0,0,NULL,NULL,NULL,NULL,0,0,NULL,0,0,0,0,0,0,NULL,NULL,NULL,NULL,0,0,NULL,0,0,0),(4628,15959,0,0,0,NULL,NULL,NULL,NULL,0,0,NULL,0,0,0,0,0,0,NULL,NULL,NULL,NULL,0,0,NULL,0,0,0,0,0,0,NULL,NULL,NULL,NULL,0,0,NULL,0,0,0,0,0,0,NULL,NULL,NULL,NULL,0,0,NULL,0,0,0),(4690,15959,0,0,0,NULL,NULL,NULL,NULL,0,0,NULL,0,0,0,0,0,0,NULL,NULL,NULL,NULL,0,0,NULL,0,0,0,0,0,0,NULL,NULL,NULL,NULL,0,0,NULL,0,0,0,0,0,0,NULL,NULL,NULL,NULL,0,0,NULL,0,0,0),(4746,8156,0,0,0,NULL,NULL,NULL,NULL,0,0,NULL,0,0,0,0,0,0,NULL,NULL,NULL,NULL,0,0,NULL,0,0,0,0,0,0,NULL,NULL,NULL,NULL,0,0,NULL,0,0,0,0,0,0,NULL,NULL,NULL,NULL,0,0,NULL,0,0,0),(4814,8497,0,0,0,'2016-04-19 09:18:00',NULL,NULL,'Donnie Rocapor Gallocanta, Programmer',0,0,'0null',0,0,0,0,0,0,NULL,NULL,NULL,NULL,0,0,NULL,0,0,0,0,0,0,NULL,NULL,NULL,NULL,0,0,NULL,0,0,0,0,0,0,NULL,NULL,NULL,NULL,0,0,NULL,0,0,0),(4842,8497,0,0,0,'2016-04-19 09:18:00',NULL,NULL,'Donnie Rocapor Gallocanta, Programmer',0,0,'0null',0,0,0,0,0,0,NULL,NULL,NULL,NULL,0,0,NULL,0,0,0,0,0,0,NULL,NULL,NULL,NULL,0,0,NULL,0,0,0,0,0,0,NULL,NULL,NULL,NULL,0,0,NULL,0,0,0),(4872,23942,0,0,0,NULL,NULL,NULL,NULL,0,0,NULL,0,0,0,0,0,0,NULL,NULL,NULL,NULL,0,0,NULL,0,0,0,0,0,0,NULL,NULL,NULL,NULL,0,0,NULL,0,0,0,0,0,0,NULL,NULL,NULL,NULL,0,0,NULL,0,0,0),(4892,30155,0,0,0,NULL,'2016-04-11 08:58:00','Aris Reynold V. Cajigal, Extension Director',NULL,0,0,'null',0,0,0,0,0,0,NULL,NULL,NULL,NULL,0,0,NULL,0,0,0,0,0,0,NULL,NULL,NULL,NULL,0,0,NULL,0,0,0,0,0,0,NULL,NULL,NULL,NULL,0,0,NULL,0,0,0),(4962,8497,0,0,0,'2016-04-19 09:18:00',NULL,NULL,'Donnie Rocapor Gallocanta, Programmer',0,0,'0null',0,0,0,0,0,0,NULL,NULL,NULL,NULL,0,0,NULL,0,0,0,0,0,0,NULL,NULL,NULL,NULL,0,0,NULL,0,0,0,0,0,0,NULL,NULL,NULL,NULL,0,0,NULL,0,0,0),(4970,23393,0,0,0,'2016-04-19 17:23:00','2016-04-11 16:41:00','  , ','Donnie Rocapor Gallocanta, Programmer',0,0,'null',0,0,0,0,0,0,'2016-04-18 11:35:00',NULL,NULL,'Donnie Rocapor Gallocanta, Programmer',0,0,'null',NULL,0,0,0,0,0,NULL,NULL,NULL,NULL,0,0,NULL,0,0,0,0,0,0,NULL,NULL,NULL,NULL,0,0,NULL,0,0,0),(5031,23393,7.2,0,1080,'2016-04-19 17:23:00','2016-04-11 16:41:00','  , ','Donnie Rocapor Gallocanta, Programmer',0,5175000,'null',5175000,5175000,0,0,0,0,'2016-04-18 11:35:00',NULL,NULL,'Donnie Rocapor Gallocanta, Programmer',0,0,'null',NULL,0,0,0,0,0,NULL,NULL,NULL,NULL,0,0,NULL,0,0,0,0,0,0,NULL,NULL,NULL,NULL,0,0,NULL,0,0,0),(5341,30155,0,0,0,NULL,'2016-04-11 08:58:00','Aris Reynold V. Cajigal, Extension Director',NULL,0,0,'null',0,0,0,0,0,0,NULL,NULL,NULL,NULL,0,0,NULL,0,0,0,0,0,0,NULL,NULL,NULL,NULL,0,0,NULL,0,0,0,0,0,0,NULL,NULL,NULL,NULL,0,0,NULL,0,0,0),(5346,16072,0,0,0,'2016-04-15 12:07:00','2016-04-15 12:05:00','Donnie Rocapor Gallocanta, Programmer','Donnie Rocapor Gallocanta, Programmer',0,0,'0null',0,0,0,0,0,0,NULL,NULL,NULL,NULL,0,0,NULL,0,0,0,0,0,0,NULL,NULL,NULL,NULL,0,0,NULL,0,0,0,0,0,0,NULL,NULL,NULL,NULL,0,0,NULL,0,0,0),(5390,8497,0,0,0,'2016-04-19 09:18:00',NULL,NULL,'Donnie Rocapor Gallocanta, Programmer',0,0,'0null',0,0,0,0,0,0,NULL,NULL,NULL,NULL,0,0,NULL,0,0,0,0,0,0,NULL,NULL,NULL,NULL,0,0,NULL,0,0,0,0,0,0,NULL,NULL,NULL,NULL,0,0,NULL,0,0,0),(5430,1,0,0,0,NULL,NULL,NULL,NULL,0,0,NULL,0,0,0,0,0,0,NULL,NULL,NULL,NULL,0,0,NULL,0,0,0,0,0,0,NULL,NULL,NULL,NULL,0,0,NULL,0,0,0,0,0,0,NULL,NULL,NULL,NULL,0,0,NULL,0,0,0),(5442,8497,0,0,0,'2016-04-19 09:18:00',NULL,NULL,'Donnie Rocapor Gallocanta, Programmer',0,0,'0null',0,0,0,0,0,0,NULL,NULL,NULL,NULL,0,0,NULL,0,0,0,0,0,0,NULL,NULL,NULL,NULL,0,0,NULL,0,0,0,0,0,0,NULL,NULL,NULL,NULL,0,0,NULL,0,0,0),(5574,16072,0,0,0,'2016-04-15 12:07:00','2016-04-15 12:05:00','Donnie Rocapor Gallocanta, Programmer','Donnie Rocapor Gallocanta, Programmer',0,0,'0null',0,0,0,0,0,0,NULL,NULL,NULL,NULL,0,0,NULL,0,0,0,0,0,0,NULL,NULL,NULL,NULL,0,0,NULL,0,0,0,0,0,0,NULL,NULL,NULL,NULL,0,0,NULL,0,0,0),(5841,8497,0,0,0,'2016-04-19 09:18:00',NULL,NULL,'Donnie Rocapor Gallocanta, Programmer',0,0,'0null',0,0,0,0,0,0,NULL,NULL,NULL,NULL,0,0,NULL,0,0,0,0,0,0,NULL,NULL,NULL,NULL,0,0,NULL,0,0,0,0,0,0,NULL,NULL,NULL,NULL,0,0,NULL,0,0,0),(5846,30155,0,0,0,NULL,'2016-04-11 08:58:00','Aris Reynold V. Cajigal, Extension Director',NULL,0,0,'null',0,0,0,0,0,0,NULL,NULL,NULL,NULL,0,0,NULL,0,0,0,0,0,0,NULL,NULL,NULL,NULL,0,0,NULL,0,0,0,0,0,0,NULL,NULL,NULL,NULL,0,0,NULL,0,0,0),(6060,30155,0,0,0,NULL,'2016-04-11 08:58:00','Aris Reynold V. Cajigal, Extension Director',NULL,0,0,'null',0,0,0,0,0,0,NULL,NULL,NULL,NULL,0,0,NULL,0,0,0,0,0,0,NULL,NULL,NULL,NULL,0,0,NULL,0,0,0,0,0,0,NULL,NULL,NULL,NULL,0,0,NULL,0,0,0),(6126,30155,0,0,0,NULL,'2016-04-11 08:58:00','Aris Reynold V. Cajigal, Extension Director',NULL,0,0,'null',0,0,0,0,0,0,NULL,NULL,NULL,NULL,0,0,NULL,0,0,0,0,0,0,NULL,NULL,NULL,NULL,0,0,NULL,0,0,0,0,0,0,NULL,NULL,NULL,NULL,0,0,NULL,0,0,0),(6129,8497,0,0,0,'2016-04-19 09:18:00',NULL,NULL,'Donnie Rocapor Gallocanta, Programmer',0,0,'0null',0,0,0,0,0,0,NULL,NULL,NULL,NULL,0,0,NULL,0,0,0,0,0,0,NULL,NULL,NULL,NULL,0,0,NULL,0,0,0,0,0,0,NULL,NULL,NULL,NULL,0,0,NULL,0,0,0),(6131,8034,0,0,0,NULL,NULL,NULL,NULL,0,0,NULL,0,0,0,0,0,0,NULL,NULL,NULL,NULL,0,0,NULL,0,0,0,0,0,0,NULL,NULL,NULL,NULL,0,0,NULL,0,0,0,0,0,0,NULL,NULL,NULL,NULL,0,0,NULL,0,0,0),(6160,8497,0,0,0,'2016-04-19 09:18:00',NULL,NULL,'Donnie Rocapor Gallocanta, Programmer',0,0,'0null',0,0,0,0,0,0,NULL,NULL,NULL,NULL,0,0,NULL,0,0,0,0,0,0,NULL,NULL,NULL,NULL,0,0,NULL,0,0,0,0,0,0,NULL,NULL,NULL,NULL,0,0,NULL,0,0,0),(6205,27238,0,0,0,NULL,NULL,NULL,NULL,0,0,NULL,0,0,0,0,0,0,NULL,NULL,NULL,NULL,0,0,NULL,0,0,0,0,0,0,NULL,NULL,NULL,NULL,0,0,NULL,0,0,0,0,0,0,NULL,NULL,NULL,NULL,0,0,NULL,0,0,0),(6270,23942,0,0,0,NULL,NULL,NULL,NULL,0,0,NULL,0,0,0,0,0,0,NULL,NULL,NULL,NULL,0,0,NULL,0,0,0,0,0,0,NULL,NULL,NULL,NULL,0,0,NULL,0,0,0,0,0,0,NULL,NULL,NULL,NULL,0,0,NULL,0,0,0),(6487,27463,1,0,0,'2016-04-11 15:38:00','2016-04-08 14:33:00','Roy Gerson Balcita Torres, PEO 1','Roy Gerson Balcita Torres, PEO 1',0,38696.48,'null',38696.48,50000,38696.48,0,0,0,NULL,'2016-04-14 14:01:00','Donnie Rocapor Gallocanta, Programmer',NULL,0,0,'null',NULL,0,0,0,0,0,NULL,NULL,NULL,NULL,0,0,NULL,0,0,0,0,0,0,NULL,NULL,NULL,NULL,0,0,NULL,0,0,0),(6740,27238,0,0,0,NULL,NULL,NULL,NULL,0,0,NULL,0,0,0,0,0,0,NULL,NULL,NULL,NULL,0,0,NULL,0,0,0,0,0,0,NULL,NULL,NULL,NULL,0,0,NULL,0,0,0,0,0,0,NULL,NULL,NULL,NULL,0,0,NULL,0,0,0),(6877,8497,0,0,0,'2016-04-19 09:18:00',NULL,NULL,'Donnie Rocapor Gallocanta, Programmer',0,0,'0null',0,0,0,0,0,0,NULL,NULL,NULL,NULL,0,0,NULL,0,0,0,0,0,0,NULL,NULL,NULL,NULL,0,0,NULL,0,0,0,0,0,0,NULL,NULL,NULL,NULL,0,0,NULL,0,0,0),(6897,30155,0,0,0,NULL,'2016-04-11 08:58:00','Aris Reynold V. Cajigal, Extension Director',NULL,0,0,'null',0,0,0,0,0,0,NULL,NULL,NULL,NULL,0,0,NULL,0,0,0,0,0,0,NULL,NULL,NULL,NULL,0,0,NULL,0,0,0,0,0,0,NULL,NULL,NULL,NULL,0,0,NULL,0,0,0),(6902,8497,0,0,0,'2016-04-19 09:18:00',NULL,NULL,'Donnie Rocapor Gallocanta, Programmer',0,0,'0null',0,0,0,0,0,0,NULL,NULL,NULL,NULL,0,0,NULL,0,0,0,0,0,0,NULL,NULL,NULL,NULL,0,0,NULL,0,0,0,0,0,0,NULL,NULL,NULL,NULL,0,0,NULL,0,0,0),(6906,23393,0.54,0,1074,'2016-04-19 17:23:00','2016-04-11 16:41:00','  , ','Donnie Rocapor Gallocanta, Programmer',0,3997000,'null',3997000,3997000,0,0,0,0,'2016-04-18 11:35:00',NULL,NULL,'Donnie Rocapor Gallocanta, Programmer',0,0,'null',NULL,0,0,0,0,0,NULL,NULL,NULL,NULL,0,0,NULL,0,0,0,0,0,0,NULL,NULL,NULL,NULL,0,0,NULL,0,0,0),(6933,30155,0,0,0,NULL,'2016-04-11 08:58:00','Aris Reynold V. Cajigal, Extension Director',NULL,0,0,'null',0,0,0,0,0,0,NULL,NULL,NULL,NULL,0,0,NULL,0,0,0,0,0,0,NULL,NULL,NULL,NULL,0,0,NULL,0,0,0,0,0,0,NULL,NULL,NULL,NULL,0,0,NULL,0,0,0),(6951,27463,0,0,0,'2016-04-11 15:38:00','2016-04-08 14:33:00','Roy Gerson Balcita Torres, PEO 1','Roy Gerson Balcita Torres, PEO 1',0,0,'null',0,0,0,0,0,0,NULL,'2016-04-14 14:01:00','Donnie Rocapor Gallocanta, Programmer',NULL,0,0,'null',NULL,0,0,0,0,0,NULL,NULL,NULL,NULL,0,0,NULL,0,0,0,0,0,0,NULL,NULL,NULL,NULL,0,0,NULL,0,0,0),(6960,242,0,0,0,NULL,NULL,NULL,NULL,0,0,NULL,0,0,0,0,0,0,NULL,NULL,NULL,NULL,0,0,NULL,0,0,0,0,0,0,NULL,NULL,NULL,NULL,0,0,NULL,0,0,0,0,0,0,NULL,NULL,NULL,NULL,0,0,NULL,0,0,0),(6964,8156,0,0,0,NULL,NULL,NULL,NULL,0,0,NULL,0,0,0,0,0,0,NULL,NULL,NULL,NULL,0,0,NULL,0,0,0,0,0,0,NULL,NULL,NULL,NULL,0,0,NULL,0,0,0,0,0,0,NULL,NULL,NULL,NULL,0,0,NULL,0,0,0),(7057,7044,0,0,0,NULL,NULL,NULL,NULL,0,0,NULL,0,0,0,0,0,0,NULL,NULL,NULL,NULL,0,0,NULL,0,0,0,0,0,0,NULL,NULL,NULL,NULL,0,0,NULL,0,0,0,0,0,0,NULL,NULL,NULL,NULL,0,0,NULL,0,0,0),(7165,15959,0,0,0,NULL,NULL,NULL,NULL,0,0,NULL,0,0,0,0,0,0,NULL,NULL,NULL,NULL,0,0,NULL,0,0,0,0,0,0,NULL,NULL,NULL,NULL,0,0,NULL,0,0,0,0,0,0,NULL,NULL,NULL,NULL,0,0,NULL,0,0,0),(7288,8497,0,0,0,'2016-04-19 09:18:00',NULL,NULL,'Donnie Rocapor Gallocanta, Programmer',0,0,'0null',0,0,0,0,0,0,NULL,NULL,NULL,NULL,0,0,NULL,0,0,0,0,0,0,NULL,NULL,NULL,NULL,0,0,NULL,0,0,0,0,0,0,NULL,NULL,NULL,NULL,0,0,NULL,0,0,0),(7326,8497,0,0,0,'2016-04-19 09:18:00',NULL,NULL,'Donnie Rocapor Gallocanta, Programmer',0,0,'0null',0,0,0,0,0,0,NULL,NULL,NULL,NULL,0,0,NULL,0,0,0,0,0,0,NULL,NULL,NULL,NULL,0,0,NULL,0,0,0,0,0,0,NULL,NULL,NULL,NULL,0,0,NULL,0,0,0),(7364,17344,0,0,0,NULL,NULL,NULL,NULL,0,0,NULL,0,0,0,0,0,0,NULL,NULL,NULL,NULL,0,0,NULL,0,0,0,0,0,0,NULL,NULL,NULL,NULL,0,0,NULL,0,0,0,0,0,0,NULL,NULL,NULL,NULL,0,0,NULL,0,0,0),(7368,23393,0,0,0,'2016-04-19 17:23:00','2016-04-11 16:41:00','  , ','Donnie Rocapor Gallocanta, Programmer',0,0,'null',0,0,0,0,0,0,'2016-04-18 11:35:00',NULL,NULL,'Donnie Rocapor Gallocanta, Programmer',0,0,'null',NULL,0,0,0,0,0,NULL,NULL,NULL,NULL,0,0,NULL,0,0,0,0,0,0,NULL,NULL,NULL,NULL,0,0,NULL,0,0,0),(7509,23393,1.2,0,540,'2016-04-19 17:23:00','2016-04-11 16:41:00','  , ','Donnie Rocapor Gallocanta, Programmer',0,1033200,'null',1033200,1033200,0,0,0,0,'2016-04-18 11:35:00',NULL,NULL,'Donnie Rocapor Gallocanta, Programmer',0,0,'null',NULL,0,0,0,0,0,NULL,NULL,NULL,NULL,0,0,NULL,0,0,0,0,0,0,NULL,NULL,NULL,NULL,0,0,NULL,0,0,0),(7511,30155,0,0,0,NULL,'2016-04-11 08:58:00','Aris Reynold V. Cajigal, Extension Director',NULL,0,0,'null',0,0,0,0,0,0,NULL,NULL,NULL,NULL,0,0,NULL,0,0,0,0,0,0,NULL,NULL,NULL,NULL,0,0,NULL,0,0,0,0,0,0,NULL,NULL,NULL,NULL,0,0,NULL,0,0,0),(7517,8156,0,0,0,NULL,NULL,NULL,NULL,0,0,NULL,0,0,0,0,0,0,NULL,NULL,NULL,NULL,0,0,NULL,0,0,0,0,0,0,NULL,NULL,NULL,NULL,0,0,NULL,0,0,0,0,0,0,NULL,NULL,NULL,NULL,0,0,NULL,0,0,0),(7559,9001,0,0,0,NULL,NULL,NULL,NULL,0,0,NULL,0,0,0,0,0,0,NULL,NULL,NULL,NULL,0,0,NULL,0,0,0,0,0,0,NULL,NULL,NULL,NULL,0,0,NULL,0,0,0,0,0,0,NULL,NULL,NULL,NULL,0,0,NULL,0,0,0),(7665,30155,0,0,0,NULL,'2016-04-11 08:58:00','Aris Reynold V. Cajigal, Extension Director',NULL,0,0,'null',0,0,0,0,0,0,NULL,NULL,NULL,NULL,0,0,NULL,0,0,0,0,0,0,NULL,NULL,NULL,NULL,0,0,NULL,0,0,0,0,0,0,NULL,NULL,NULL,NULL,0,0,NULL,0,0,0),(7687,8156,0,0,0,NULL,NULL,NULL,NULL,0,0,NULL,0,0,0,0,0,0,NULL,NULL,NULL,NULL,0,0,NULL,0,0,0,0,0,0,NULL,NULL,NULL,NULL,0,0,NULL,0,0,0,0,0,0,NULL,NULL,NULL,NULL,0,0,NULL,0,0,0),(7697,30155,0,0,0,NULL,'2016-04-11 08:58:00','Aris Reynold V. Cajigal, Extension Director',NULL,0,0,'null',0,0,0,0,0,0,NULL,NULL,NULL,NULL,0,0,NULL,0,0,0,0,0,0,NULL,NULL,NULL,NULL,0,0,NULL,0,0,0,0,0,0,NULL,NULL,NULL,NULL,0,0,NULL,0,0,0),(7722,30155,0,0,0,NULL,'2016-04-11 08:58:00','Aris Reynold V. Cajigal, Extension Director',NULL,0,0,'null',0,0,0,0,0,0,NULL,NULL,NULL,NULL,0,0,NULL,0,0,0,0,0,0,NULL,NULL,NULL,NULL,0,0,NULL,0,0,0,0,0,0,NULL,NULL,NULL,NULL,0,0,NULL,0,0,0),(7736,27238,0,0,0,NULL,NULL,NULL,NULL,0,0,NULL,0,0,0,0,0,0,NULL,NULL,NULL,NULL,0,0,NULL,0,0,0,0,0,0,NULL,NULL,NULL,NULL,0,0,NULL,0,0,0,0,0,0,NULL,NULL,NULL,NULL,0,0,NULL,0,0,0),(7799,30155,0,0,0,NULL,'2016-04-11 08:58:00','Aris Reynold V. Cajigal, Extension Director',NULL,0,0,'null',0,0,0,0,0,0,NULL,NULL,NULL,NULL,0,0,NULL,0,0,0,0,0,0,NULL,NULL,NULL,NULL,0,0,NULL,0,0,0,0,0,0,NULL,NULL,NULL,NULL,0,0,NULL,0,0,0),(7816,8156,0,0,0,NULL,NULL,NULL,NULL,0,0,NULL,0,0,0,0,0,0,NULL,NULL,NULL,NULL,0,0,NULL,0,0,0,0,0,0,NULL,NULL,NULL,NULL,0,0,NULL,0,0,0,0,0,0,NULL,NULL,NULL,NULL,0,0,NULL,0,0,0),(7860,8497,0,0,0,'2016-04-19 09:18:00',NULL,NULL,'Donnie Rocapor Gallocanta, Programmer',0,0,'0null',0,0,0,0,0,0,NULL,NULL,NULL,NULL,0,0,NULL,0,0,0,0,0,0,NULL,NULL,NULL,NULL,0,0,NULL,0,0,0,0,0,0,NULL,NULL,NULL,NULL,0,0,NULL,0,0,0),(7927,8497,0,0,0,'2016-04-19 09:18:00',NULL,NULL,'Donnie Rocapor Gallocanta, Programmer',0,0,'0null',0,0,0,0,0,0,NULL,NULL,NULL,NULL,0,0,NULL,0,0,0,0,0,0,NULL,NULL,NULL,NULL,0,0,NULL,0,0,0,0,0,0,NULL,NULL,NULL,NULL,0,0,NULL,0,0,0),(7995,8156,0,0,0,NULL,NULL,NULL,NULL,0,0,NULL,0,0,0,0,0,0,NULL,NULL,NULL,NULL,0,0,NULL,0,0,0,0,0,0,NULL,NULL,NULL,NULL,0,0,NULL,0,0,0,0,0,0,NULL,NULL,NULL,NULL,0,0,NULL,0,0,0),(8055,30155,0,0,0,NULL,'2016-04-11 08:58:00','Aris Reynold V. Cajigal, Extension Director',NULL,0,0,'null',0,0,0,0,0,0,NULL,NULL,NULL,NULL,0,0,NULL,0,0,0,0,0,0,NULL,NULL,NULL,NULL,0,0,NULL,0,0,0,0,0,0,NULL,NULL,NULL,NULL,0,0,NULL,0,0,0),(8077,8497,0,0,0,'2016-04-19 09:18:00',NULL,NULL,'Donnie Rocapor Gallocanta, Programmer',0,0,'0null',0,0,0,0,0,0,NULL,NULL,NULL,NULL,0,0,NULL,0,0,0,0,0,0,NULL,NULL,NULL,NULL,0,0,NULL,0,0,0,0,0,0,NULL,NULL,NULL,NULL,0,0,NULL,0,0,0),(8133,15979,0,0,0,'2016-04-06 09:23:00','2016-04-06 09:21:00','rosemary madriaga abenes, Planning Officer II','rosemary madriaga abenes, Planning Officer II',0,0,'null',0,0,0,0,0,0,NULL,NULL,NULL,NULL,0,0,NULL,0,0,0,0,0,0,NULL,NULL,NULL,NULL,0,0,NULL,0,0,0,0,0,0,NULL,NULL,NULL,NULL,0,0,NULL,0,0,0),(8225,8156,0,0,0,NULL,NULL,NULL,NULL,0,0,NULL,0,0,0,0,0,0,NULL,NULL,NULL,NULL,0,0,NULL,0,0,0,0,0,0,NULL,NULL,NULL,NULL,0,0,NULL,0,0,0,0,0,0,NULL,NULL,NULL,NULL,0,0,NULL,0,0,0),(8267,15979,0,0,0,'2016-04-06 09:23:00','2016-04-06 09:21:00','rosemary madriaga abenes, Planning Officer II','rosemary madriaga abenes, Planning Officer II',0,0,'null',0,0,0,0,0,0,NULL,NULL,NULL,NULL,0,0,NULL,0,0,0,0,0,0,NULL,NULL,NULL,NULL,0,0,NULL,0,0,0,0,0,0,NULL,NULL,NULL,NULL,0,0,NULL,0,0,0),(8532,30155,0,0,0,NULL,'2016-04-11 08:58:00','Aris Reynold V. Cajigal, Extension Director',NULL,0,0,'null',0,0,0,0,0,0,NULL,NULL,NULL,NULL,0,0,NULL,0,0,0,0,0,0,NULL,NULL,NULL,NULL,0,0,NULL,0,0,0,0,0,0,NULL,NULL,NULL,NULL,0,0,NULL,0,0,0),(8548,8497,0,0,0,'2016-04-19 09:18:00',NULL,NULL,'Donnie Rocapor Gallocanta, Programmer',0,0,'0null',0,0,0,0,0,0,NULL,NULL,NULL,NULL,0,0,NULL,0,0,0,0,0,0,NULL,NULL,NULL,NULL,0,0,NULL,0,0,0,0,0,0,NULL,NULL,NULL,NULL,0,0,NULL,0,0,0),(8632,8497,0,0,0,'2016-04-19 09:18:00',NULL,NULL,'Donnie Rocapor Gallocanta, Programmer',0,0,'0null',0,0,0,0,0,0,NULL,NULL,NULL,NULL,0,0,NULL,0,0,0,0,0,0,NULL,NULL,NULL,NULL,0,0,NULL,0,0,0,0,0,0,NULL,NULL,NULL,NULL,0,0,NULL,0,0,0),(8650,16072,0,0,0,'2016-04-15 12:07:00','2016-04-15 12:05:00','Donnie Rocapor Gallocanta, Programmer','Donnie Rocapor Gallocanta, Programmer',0,0,'0null',0,0,0,0,0,0,NULL,NULL,NULL,NULL,0,0,NULL,0,0,0,0,0,0,NULL,NULL,NULL,NULL,0,0,NULL,0,0,0,0,0,0,NULL,NULL,NULL,NULL,0,0,NULL,0,0,0),(8660,27463,0,0,0,'2016-04-11 15:38:00','2016-04-08 14:33:00','Roy Gerson Balcita Torres, PEO 1','Roy Gerson Balcita Torres, PEO 1',0,0,'null',0,0,0,0,0,0,NULL,'2016-04-14 14:01:00','Donnie Rocapor Gallocanta, Programmer',NULL,0,0,'null',NULL,0,0,0,0,0,NULL,NULL,NULL,NULL,0,0,NULL,0,0,0,0,0,0,NULL,NULL,NULL,NULL,0,0,NULL,0,0,0),(8674,8497,0,0,0,'2016-04-19 09:18:00',NULL,NULL,'Donnie Rocapor Gallocanta, Programmer',0,0,'0null',0,0,0,0,0,0,NULL,NULL,NULL,NULL,0,0,NULL,0,0,0,0,0,0,NULL,NULL,NULL,NULL,0,0,NULL,0,0,0,0,0,0,NULL,NULL,NULL,NULL,0,0,NULL,0,0,0),(8717,9001,0,0,0,NULL,NULL,NULL,NULL,0,0,NULL,0,0,0,0,0,0,NULL,NULL,NULL,NULL,0,0,NULL,0,0,0,0,0,0,NULL,NULL,NULL,NULL,0,0,NULL,0,0,0,0,0,0,NULL,NULL,NULL,NULL,0,0,NULL,0,0,0),(8723,8497,0,0,0,'2016-04-19 09:18:00',NULL,NULL,'Donnie Rocapor Gallocanta, Programmer',0,0,'0null',0,0,0,0,0,0,NULL,NULL,NULL,NULL,0,0,NULL,0,0,0,0,0,0,NULL,NULL,NULL,NULL,0,0,NULL,0,0,0,0,0,0,NULL,NULL,NULL,NULL,0,0,NULL,0,0,0),(8748,16072,0,0,0,'2016-04-15 12:07:00','2016-04-15 12:05:00','Donnie Rocapor Gallocanta, Programmer','Donnie Rocapor Gallocanta, Programmer',0,0,'0null',0,0,0,0,0,0,NULL,NULL,NULL,NULL,0,0,NULL,0,0,0,0,0,0,NULL,NULL,NULL,NULL,0,0,NULL,0,0,0,0,0,0,NULL,NULL,NULL,NULL,0,0,NULL,0,0,0),(8957,242,0,0,0,NULL,NULL,NULL,NULL,0,0,NULL,0,0,0,0,0,0,NULL,NULL,NULL,NULL,0,0,NULL,0,0,0,0,0,0,NULL,NULL,NULL,NULL,0,0,NULL,0,0,0,0,0,0,NULL,NULL,NULL,NULL,0,0,NULL,0,0,0),(9117,9001,0,0,0,NULL,NULL,NULL,NULL,0,0,NULL,0,0,0,0,0,0,NULL,NULL,NULL,NULL,0,0,NULL,0,0,0,0,0,0,NULL,NULL,NULL,NULL,0,0,NULL,0,0,0,0,0,0,NULL,NULL,NULL,NULL,0,0,NULL,0,0,0),(9180,8497,1,0,1,'2016-04-19 09:18:00',NULL,NULL,'Donnie Rocapor Gallocanta, Programmer',1,1,'1null',2,0,1,0,0,0,NULL,NULL,NULL,NULL,0,0,NULL,0,0,0,0,0,0,NULL,NULL,NULL,NULL,0,0,NULL,0,0,0,0,0,0,NULL,NULL,NULL,NULL,0,0,NULL,0,0,0),(9229,8497,1,0,1,'2016-04-19 09:18:00',NULL,NULL,'Donnie Rocapor Gallocanta, Programmer',1,1,'1null',2,1,1,0,0,0,NULL,NULL,NULL,NULL,0,0,NULL,0,0,0,0,0,0,NULL,NULL,NULL,NULL,0,0,NULL,0,0,0,0,0,0,NULL,NULL,NULL,NULL,0,0,NULL,0,0,0),(9284,15959,0,0,0,NULL,NULL,NULL,NULL,0,0,NULL,0,0,0,0,0,0,NULL,NULL,NULL,NULL,0,0,NULL,0,0,0,0,0,0,NULL,NULL,NULL,NULL,0,0,NULL,0,0,0,0,0,0,NULL,NULL,NULL,NULL,0,0,NULL,0,0,0),(9299,8156,0,0,0,NULL,NULL,NULL,NULL,0,0,NULL,0,0,0,0,0,0,NULL,NULL,NULL,NULL,0,0,NULL,0,0,0,0,0,0,NULL,NULL,NULL,NULL,0,0,NULL,0,0,0,0,0,0,NULL,NULL,NULL,NULL,0,0,NULL,0,0,0),(9372,1,0,0,0,NULL,NULL,NULL,NULL,0,0,NULL,0,0,0,0,0,0,NULL,NULL,NULL,NULL,0,0,NULL,0,0,0,0,0,0,NULL,NULL,NULL,NULL,0,0,NULL,0,0,0,0,0,0,NULL,NULL,NULL,NULL,0,0,NULL,0,0,0),(9461,8156,0,0,0,NULL,NULL,NULL,NULL,0,0,NULL,0,0,0,0,0,0,NULL,NULL,NULL,NULL,0,0,NULL,0,0,0,0,0,0,NULL,NULL,NULL,NULL,0,0,NULL,0,0,0,0,0,0,NULL,NULL,NULL,NULL,0,0,NULL,0,0,0),(9591,16072,0,0,0,'2016-04-15 12:07:00','2016-04-15 12:05:00','Donnie Rocapor Gallocanta, Programmer','Donnie Rocapor Gallocanta, Programmer',0,0,'0null',0,0,0,0,0,0,NULL,NULL,NULL,NULL,0,0,NULL,0,0,0,0,0,0,NULL,NULL,NULL,NULL,0,0,NULL,0,0,0,0,0,0,NULL,NULL,NULL,NULL,0,0,NULL,0,0,0),(9666,9001,0,0,0,NULL,NULL,NULL,NULL,0,0,NULL,0,0,0,0,0,0,NULL,NULL,NULL,NULL,0,0,NULL,0,0,0,0,0,0,NULL,NULL,NULL,NULL,0,0,NULL,0,0,0,0,0,0,NULL,NULL,NULL,NULL,0,0,NULL,0,0,0),(9923,15959,0,0,0,NULL,NULL,NULL,NULL,0,0,NULL,0,0,0,0,0,0,NULL,NULL,NULL,NULL,0,0,NULL,0,0,0,0,0,0,NULL,NULL,NULL,NULL,0,0,NULL,0,0,0,0,0,0,NULL,NULL,NULL,NULL,0,0,NULL,0,0,0),(9943,17344,0,0,0,NULL,NULL,NULL,NULL,0,0,NULL,0,0,0,0,0,0,NULL,NULL,NULL,NULL,0,0,NULL,0,0,0,0,0,0,NULL,NULL,NULL,NULL,0,0,NULL,0,0,0,0,0,0,NULL,NULL,NULL,NULL,0,0,NULL,0,0,0),(9949,8034,0,0,0,NULL,NULL,NULL,NULL,0,0,NULL,0,0,0,0,0,0,NULL,NULL,NULL,NULL,0,0,NULL,0,0,0,0,0,0,NULL,NULL,NULL,NULL,0,0,NULL,0,0,0,0,0,0,NULL,NULL,NULL,NULL,0,0,NULL,0,0,0),(9956,15959,0,0,0,NULL,NULL,NULL,NULL,0,0,NULL,0,0,0,0,0,0,NULL,NULL,NULL,NULL,0,0,NULL,0,0,0,0,0,0,NULL,NULL,NULL,NULL,0,0,NULL,0,0,0,0,0,0,NULL,NULL,NULL,NULL,0,0,NULL,0,0,0),(10044,27463,1,0,0,'2016-04-11 15:38:00','2016-04-08 14:33:00','Roy Gerson Balcita Torres, PEO 1','Roy Gerson Balcita Torres, PEO 1',0,87817,'null',87817,175000,87817,0,0,0,NULL,'2016-04-14 14:01:00','Donnie Rocapor Gallocanta, Programmer',NULL,0,0,'null',NULL,0,0,0,0,0,NULL,NULL,NULL,NULL,0,0,NULL,0,0,0,0,0,0,NULL,NULL,NULL,NULL,0,0,NULL,0,0,0),(10075,30155,0,0,0,NULL,'2016-04-11 08:58:00','Aris Reynold V. Cajigal, Extension Director',NULL,0,0,'null',0,0,0,0,0,0,NULL,NULL,NULL,NULL,0,0,NULL,0,0,0,0,0,0,NULL,NULL,NULL,NULL,0,0,NULL,0,0,0,0,0,0,NULL,NULL,NULL,NULL,0,0,NULL,0,0,0),(10121,8497,1,0,1,'2016-04-19 09:18:00',NULL,NULL,'Donnie Rocapor Gallocanta, Programmer',1,1,'1null',2,1,1,0,0,0,NULL,NULL,NULL,NULL,0,0,NULL,0,0,0,0,0,0,NULL,NULL,NULL,NULL,0,0,NULL,0,0,0,0,0,0,NULL,NULL,NULL,NULL,0,0,NULL,0,0,0),(10157,17344,0,0,0,NULL,NULL,NULL,NULL,0,0,NULL,0,0,0,0,0,0,NULL,NULL,NULL,NULL,0,0,NULL,0,0,0,0,0,0,NULL,NULL,NULL,NULL,0,0,NULL,0,0,0,0,0,0,NULL,NULL,NULL,NULL,0,0,NULL,0,0,0),(10512,15979,0,0,0,'2016-04-06 09:23:00','2016-04-06 09:21:00','rosemary madriaga abenes, Planning Officer II','rosemary madriaga abenes, Planning Officer II',0,0,'null',0,0,0,0,0,0,NULL,NULL,NULL,NULL,0,0,NULL,0,0,0,0,0,0,NULL,NULL,NULL,NULL,0,0,NULL,0,0,0,0,0,0,NULL,NULL,NULL,NULL,0,0,NULL,0,0,0),(10619,1,0,0,0,NULL,NULL,NULL,NULL,0,0,NULL,0,0,0,0,0,0,NULL,NULL,NULL,NULL,0,0,NULL,0,0,0,0,0,0,NULL,NULL,NULL,NULL,0,0,NULL,0,0,0,0,0,0,NULL,NULL,NULL,NULL,0,0,NULL,0,0,0),(10650,28499,0,0,0,NULL,NULL,NULL,NULL,0,0,NULL,0,0,0,0,0,0,NULL,NULL,NULL,NULL,0,0,NULL,0,0,0,0,0,0,NULL,NULL,NULL,NULL,0,0,NULL,0,0,0,0,0,0,NULL,NULL,NULL,NULL,0,0,NULL,0,0,0),(10676,30155,0,0,0,NULL,'2016-04-11 08:58:00','Aris Reynold V. Cajigal, Extension Director',NULL,0,0,'null',0,0,0,0,0,0,NULL,NULL,NULL,NULL,0,0,NULL,0,0,0,0,0,0,NULL,NULL,NULL,NULL,0,0,NULL,0,0,0,0,0,0,NULL,NULL,NULL,NULL,0,0,NULL,0,0,0),(10689,15959,0,0,0,NULL,NULL,NULL,NULL,0,0,NULL,0,0,0,0,0,0,NULL,NULL,NULL,NULL,0,0,NULL,0,0,0,0,0,0,NULL,NULL,NULL,NULL,0,0,NULL,0,0,0,0,0,0,NULL,NULL,NULL,NULL,0,0,NULL,0,0,0),(10726,27463,0,0,0,'2016-04-11 15:38:00','2016-04-08 14:33:00','Roy Gerson Balcita Torres, PEO 1','Roy Gerson Balcita Torres, PEO 1',0,0,'null',0,0,0,0,0,0,NULL,'2016-04-14 14:01:00','Donnie Rocapor Gallocanta, Programmer',NULL,0,0,'null',NULL,0,0,0,0,0,NULL,NULL,NULL,NULL,0,0,NULL,0,0,0,0,0,0,NULL,NULL,NULL,NULL,0,0,NULL,0,0,0),(10823,15959,0,0,0,NULL,NULL,NULL,NULL,0,0,NULL,0,0,0,0,0,0,NULL,NULL,NULL,NULL,0,0,NULL,0,0,0,0,0,0,NULL,NULL,NULL,NULL,0,0,NULL,0,0,0,0,0,0,NULL,NULL,NULL,NULL,0,0,NULL,0,0,0),(10918,15959,0,0,0,NULL,NULL,NULL,NULL,0,0,NULL,0,0,0,0,0,0,NULL,NULL,NULL,NULL,0,0,NULL,0,0,0,0,0,0,NULL,NULL,NULL,NULL,0,0,NULL,0,0,0,0,0,0,NULL,NULL,NULL,NULL,0,0,NULL,0,0,0),(10926,8497,0,0,0,'2016-04-19 09:18:00',NULL,NULL,'Donnie Rocapor Gallocanta, Programmer',0,0,'0null',0,0,0,0,0,0,NULL,NULL,NULL,NULL,0,0,NULL,0,0,0,0,0,0,NULL,NULL,NULL,NULL,0,0,NULL,0,0,0,0,0,0,NULL,NULL,NULL,NULL,0,0,NULL,0,0,0),(11019,15959,0,0,0,NULL,NULL,NULL,NULL,0,0,NULL,0,0,0,0,0,0,NULL,NULL,NULL,NULL,0,0,NULL,0,0,0,0,0,0,NULL,NULL,NULL,NULL,0,0,NULL,0,0,0,0,0,0,NULL,NULL,NULL,NULL,0,0,NULL,0,0,0),(11085,30155,0,0,0,NULL,'2016-04-11 08:58:00','Aris Reynold V. Cajigal, Extension Director',NULL,0,0,'null',0,0,0,0,0,0,NULL,NULL,NULL,NULL,0,0,NULL,0,0,0,0,0,0,NULL,NULL,NULL,NULL,0,0,NULL,0,0,0,0,0,0,NULL,NULL,NULL,NULL,0,0,NULL,0,0,0),(11126,8156,0,0,0,NULL,NULL,NULL,NULL,0,0,NULL,0,0,0,0,0,0,NULL,NULL,NULL,NULL,0,0,NULL,0,0,0,0,0,0,NULL,NULL,NULL,NULL,0,0,NULL,0,0,0,0,0,0,NULL,NULL,NULL,NULL,0,0,NULL,0,0,0),(11209,8497,1,0,1,'2016-04-19 09:18:00',NULL,NULL,'Donnie Rocapor Gallocanta, Programmer',1,1,'1null',2,1,1,0,0,0,NULL,NULL,NULL,NULL,0,0,NULL,0,0,0,0,0,0,NULL,NULL,NULL,NULL,0,0,NULL,0,0,0,0,0,0,NULL,NULL,NULL,NULL,0,0,NULL,0,0,0),(11250,15959,0,0,0,NULL,NULL,NULL,NULL,0,0,NULL,0,0,0,0,0,0,NULL,NULL,NULL,NULL,0,0,NULL,0,0,0,0,0,0,NULL,NULL,NULL,NULL,0,0,NULL,0,0,0,0,0,0,NULL,NULL,NULL,NULL,0,0,NULL,0,0,0),(11256,30155,0,0,0,NULL,'2016-04-11 08:58:00','Aris Reynold V. Cajigal, Extension Director',NULL,0,0,'null',0,0,0,0,0,0,NULL,NULL,NULL,NULL,0,0,NULL,0,0,0,0,0,0,NULL,NULL,NULL,NULL,0,0,NULL,0,0,0,0,0,0,NULL,NULL,NULL,NULL,0,0,NULL,0,0,0),(11319,8497,1,0,1,'2016-04-19 09:18:00',NULL,NULL,'Donnie Rocapor Gallocanta, Programmer',1,1,'1null',2,1,1,0,0,0,NULL,NULL,NULL,NULL,0,0,NULL,0,0,0,0,0,0,NULL,NULL,NULL,NULL,0,0,NULL,0,0,0,0,0,0,NULL,NULL,NULL,NULL,0,0,NULL,0,0,0),(11381,8156,0,0,0,NULL,NULL,NULL,NULL,0,0,NULL,0,0,0,0,0,0,NULL,NULL,NULL,NULL,0,0,NULL,0,0,0,0,0,0,NULL,NULL,NULL,NULL,0,0,NULL,0,0,0,0,0,0,NULL,NULL,NULL,NULL,0,0,NULL,0,0,0),(11439,8156,0,0,0,NULL,NULL,NULL,NULL,0,0,NULL,0,0,0,0,0,0,NULL,NULL,NULL,NULL,0,0,NULL,0,0,0,0,0,0,NULL,NULL,NULL,NULL,0,0,NULL,0,0,0,0,0,0,NULL,NULL,NULL,NULL,0,0,NULL,0,0,0),(11450,8497,1,0,1,'2016-04-19 09:18:00',NULL,NULL,'Donnie Rocapor Gallocanta, Programmer',1,1,'1null',2,1,1,0,0,0,NULL,NULL,NULL,NULL,0,0,NULL,0,0,0,0,0,0,NULL,NULL,NULL,NULL,0,0,NULL,0,0,0,0,0,0,NULL,NULL,NULL,NULL,0,0,NULL,0,0,0),(11457,8497,1,0,1,'2016-04-19 09:18:00',NULL,NULL,'Donnie Rocapor Gallocanta, Programmer',1,1,'1null',2,1,1,0,0,0,NULL,NULL,NULL,NULL,0,0,NULL,0,0,0,0,0,0,NULL,NULL,NULL,NULL,0,0,NULL,0,0,0,0,0,0,NULL,NULL,NULL,NULL,0,0,NULL,0,0,0),(11461,27463,100,0,0,'2016-04-11 15:38:00','2016-04-08 14:33:00','Roy Gerson Balcita Torres, PEO 1','Roy Gerson Balcita Torres, PEO 1',0,55000,'Change in actual materials produced due to change in pricing.',55000,100000,55000,0,0,0,NULL,'2016-04-14 14:01:00','Donnie Rocapor Gallocanta, Programmer',NULL,0,0,'null',NULL,0,0,0,0,0,NULL,NULL,NULL,NULL,0,0,NULL,0,0,0,0,0,0,NULL,NULL,NULL,NULL,0,0,NULL,0,0,0),(11552,8515,0,0,0,NULL,NULL,NULL,NULL,0,0,NULL,0,0,0,0,0,0,NULL,NULL,NULL,NULL,0,0,NULL,0,0,0,0,0,0,NULL,NULL,NULL,NULL,0,0,NULL,0,0,0,0,0,0,NULL,NULL,NULL,NULL,0,0,NULL,0,0,0),(11811,23393,0.5,0,15,'2016-04-19 17:23:00','2016-04-11 16:41:00','  , ','Donnie Rocapor Gallocanta, Programmer',0,530500,'null',530500,530500,0,0,0,0,'2016-04-18 11:35:00',NULL,NULL,'Donnie Rocapor Gallocanta, Programmer',0,0,'null',NULL,0,0,0,0,0,NULL,NULL,NULL,NULL,0,0,NULL,0,0,0,0,0,0,NULL,NULL,NULL,NULL,0,0,NULL,0,0,0),(12049,30155,0,0,0,NULL,'2016-04-11 08:58:00','Aris Reynold V. Cajigal, Extension Director',NULL,0,0,'null',0,0,0,0,0,0,NULL,NULL,NULL,NULL,0,0,NULL,0,0,0,0,0,0,NULL,NULL,NULL,NULL,0,0,NULL,0,0,0,0,0,0,NULL,NULL,NULL,NULL,0,0,NULL,0,0,0),(12117,28499,0,0,0,NULL,NULL,NULL,NULL,0,0,NULL,0,0,0,0,0,0,NULL,NULL,NULL,NULL,0,0,NULL,0,0,0,0,0,0,NULL,NULL,NULL,NULL,0,0,NULL,0,0,0,0,0,0,NULL,NULL,NULL,NULL,0,0,NULL,0,0,0),(12157,27463,0,0,0,'2016-04-11 15:38:00','2016-04-08 14:33:00','Roy Gerson Balcita Torres, PEO 1','Roy Gerson Balcita Torres, PEO 1',0,0,'null',0,0,0,0,0,0,NULL,'2016-04-14 14:01:00','Donnie Rocapor Gallocanta, Programmer',NULL,0,0,'null',NULL,0,0,0,0,0,NULL,NULL,NULL,NULL,0,0,NULL,0,0,0,0,0,0,NULL,NULL,NULL,NULL,0,0,NULL,0,0,0),(12167,8034,0,0,0,NULL,NULL,NULL,NULL,0,0,NULL,0,0,0,0,0,0,NULL,NULL,NULL,NULL,0,0,NULL,0,0,0,0,0,0,NULL,NULL,NULL,NULL,0,0,NULL,0,0,0,0,0,0,NULL,NULL,NULL,NULL,0,0,NULL,0,0,0),(12335,8034,0,0,0,NULL,NULL,NULL,NULL,0,0,NULL,0,0,0,0,0,0,NULL,NULL,NULL,NULL,0,0,NULL,0,0,0,0,0,0,NULL,NULL,NULL,NULL,0,0,NULL,0,0,0,0,0,0,NULL,NULL,NULL,NULL,0,0,NULL,0,0,0),(12356,8156,0,0,0,NULL,NULL,NULL,NULL,0,0,NULL,0,0,0,0,0,0,NULL,NULL,NULL,NULL,0,0,NULL,0,0,0,0,0,0,NULL,NULL,NULL,NULL,0,0,NULL,0,0,0,0,0,0,NULL,NULL,NULL,NULL,0,0,NULL,0,0,0),(12357,30155,0,0,0,NULL,'2016-04-11 08:58:00','Aris Reynold V. Cajigal, Extension Director',NULL,0,0,'null',0,0,0,0,0,0,NULL,NULL,NULL,NULL,0,0,NULL,0,0,0,0,0,0,NULL,NULL,NULL,NULL,0,0,NULL,0,0,0,0,0,0,NULL,NULL,NULL,NULL,0,0,NULL,0,0,0),(12508,9001,0,0,0,NULL,NULL,NULL,NULL,0,0,NULL,0,0,0,0,0,0,NULL,NULL,NULL,NULL,0,0,NULL,0,0,0,0,0,0,NULL,NULL,NULL,NULL,0,0,NULL,0,0,0,0,0,0,NULL,NULL,NULL,NULL,0,0,NULL,0,0,0),(12645,15979,0,0,0,'2016-04-06 09:23:00','2016-04-06 09:21:00','rosemary madriaga abenes, Planning Officer II','rosemary madriaga abenes, Planning Officer II',0,0,'null',0,0,0,0,0,0,NULL,NULL,NULL,NULL,0,0,NULL,0,0,0,0,0,0,NULL,NULL,NULL,NULL,0,0,NULL,0,0,0,0,0,0,NULL,NULL,NULL,NULL,0,0,NULL,0,0,0),(12761,8034,0,0,0,NULL,NULL,NULL,NULL,0,0,NULL,0,0,0,0,0,0,NULL,NULL,NULL,NULL,0,0,NULL,0,0,0,0,0,0,NULL,NULL,NULL,NULL,0,0,NULL,0,0,0,0,0,0,NULL,NULL,NULL,NULL,0,0,NULL,0,0,0),(12798,27463,2,0,0,'2016-04-11 15:38:00','2016-04-08 14:33:00','Roy Gerson Balcita Torres, PEO 1','Roy Gerson Balcita Torres, PEO 1',0,3000,'null',3000,10000,3000,0,0,0,NULL,'2016-04-14 14:01:00','Donnie Rocapor Gallocanta, Programmer',NULL,0,0,'null',NULL,0,0,0,0,0,NULL,NULL,NULL,NULL,0,0,NULL,0,0,0,0,0,0,NULL,NULL,NULL,NULL,0,0,NULL,0,0,0),(12802,9001,0,0,0,NULL,NULL,NULL,NULL,0,0,NULL,0,0,0,0,0,0,NULL,NULL,NULL,NULL,0,0,NULL,0,0,0,0,0,0,NULL,NULL,NULL,NULL,0,0,NULL,0,0,0,0,0,0,NULL,NULL,NULL,NULL,0,0,NULL,0,0,0),(12889,8156,0,0,0,NULL,NULL,NULL,NULL,0,0,NULL,0,0,0,0,0,0,NULL,NULL,NULL,NULL,0,0,NULL,0,0,0,0,0,0,NULL,NULL,NULL,NULL,0,0,NULL,0,0,0,0,0,0,NULL,NULL,NULL,NULL,0,0,NULL,0,0,0),(13017,8034,0,0,0,NULL,NULL,NULL,NULL,0,0,NULL,0,0,0,0,0,0,NULL,NULL,NULL,NULL,0,0,NULL,0,0,0,0,0,0,NULL,NULL,NULL,NULL,0,0,NULL,0,0,0,0,0,0,NULL,NULL,NULL,NULL,0,0,NULL,0,0,0),(13125,8497,1,0,1,'2016-04-19 09:18:00',NULL,NULL,'Donnie Rocapor Gallocanta, Programmer',1,1,'1null',2,1,1,0,0,0,NULL,NULL,NULL,NULL,0,0,NULL,0,0,0,0,0,0,NULL,NULL,NULL,NULL,0,0,NULL,0,0,0,0,0,0,NULL,NULL,NULL,NULL,0,0,NULL,0,0,0),(13140,242,0,0,0,NULL,NULL,NULL,NULL,0,0,NULL,0,0,0,0,0,0,NULL,NULL,NULL,NULL,0,0,NULL,0,0,0,0,0,0,NULL,NULL,NULL,NULL,0,0,NULL,0,0,0,0,0,0,NULL,NULL,NULL,NULL,0,0,NULL,0,0,0),(13203,8497,1,0,1,'2016-04-19 09:18:00',NULL,NULL,'Donnie Rocapor Gallocanta, Programmer',1,1,'1null',2,1,1,0,0,0,NULL,NULL,NULL,NULL,0,0,NULL,0,0,0,0,0,0,NULL,NULL,NULL,NULL,0,0,NULL,0,0,0,0,0,0,NULL,NULL,NULL,NULL,0,0,NULL,0,0,0),(13217,9001,0,0,0,NULL,NULL,NULL,NULL,0,0,NULL,0,0,0,0,0,0,NULL,NULL,NULL,NULL,0,0,NULL,0,0,0,0,0,0,NULL,NULL,NULL,NULL,0,0,NULL,0,0,0,0,0,0,NULL,NULL,NULL,NULL,0,0,NULL,0,0,0),(13414,23393,0,0,0,'2016-04-19 17:23:00','2016-04-11 16:41:00','  , ','Donnie Rocapor Gallocanta, Programmer',0,0,'null',0,0,0,0,0,0,'2016-04-18 11:35:00',NULL,NULL,'Donnie Rocapor Gallocanta, Programmer',0,0,'null',NULL,0,0,0,0,0,NULL,NULL,NULL,NULL,0,0,NULL,0,0,0,0,0,0,NULL,NULL,NULL,NULL,0,0,NULL,0,0,0),(13435,8156,0,0,0,NULL,NULL,NULL,NULL,0,0,NULL,0,0,0,0,0,0,NULL,NULL,NULL,NULL,0,0,NULL,0,0,0,0,0,0,NULL,NULL,NULL,NULL,0,0,NULL,0,0,0,0,0,0,NULL,NULL,NULL,NULL,0,0,NULL,0,0,0),(13446,23393,56,0,360,'2016-04-19 17:23:00','2016-04-11 16:41:00','  , ','Donnie Rocapor Gallocanta, Programmer',0,600000,'null',600000,600000,0,0,0,0,'2016-04-18 11:35:00',NULL,NULL,'Donnie Rocapor Gallocanta, Programmer',0,0,'null',NULL,0,0,0,0,0,NULL,NULL,NULL,NULL,0,0,NULL,0,0,0,0,0,0,NULL,NULL,NULL,NULL,0,0,NULL,0,0,0),(13510,30155,0,0,0,NULL,'2016-04-11 08:58:00','Aris Reynold V. Cajigal, Extension Director',NULL,0,0,'null',0,0,0,0,0,0,NULL,NULL,NULL,NULL,0,0,NULL,0,0,0,0,0,0,NULL,NULL,NULL,NULL,0,0,NULL,0,0,0,0,0,0,NULL,NULL,NULL,NULL,0,0,NULL,0,0,0),(13615,27463,0,0,0,'2016-04-11 15:38:00','2016-04-08 14:33:00','Roy Gerson Balcita Torres, PEO 1','Roy Gerson Balcita Torres, PEO 1',0,0,'null',0,0,0,0,0,0,NULL,'2016-04-14 14:01:00','Donnie Rocapor Gallocanta, Programmer',NULL,0,0,'null',NULL,0,0,0,0,0,NULL,NULL,NULL,NULL,0,0,NULL,0,0,0,0,0,0,NULL,NULL,NULL,NULL,0,0,NULL,0,0,0),(13716,27238,0,0,0,NULL,NULL,NULL,NULL,0,0,NULL,0,0,0,0,0,0,NULL,NULL,NULL,NULL,0,0,NULL,0,0,0,0,0,0,NULL,NULL,NULL,NULL,0,0,NULL,0,0,0,0,0,0,NULL,NULL,NULL,NULL,0,0,NULL,0,0,0),(13930,8156,0,0,0,NULL,NULL,NULL,NULL,0,0,NULL,0,0,0,0,0,0,NULL,NULL,NULL,NULL,0,0,NULL,0,0,0,0,0,0,NULL,NULL,NULL,NULL,0,0,NULL,0,0,0,0,0,0,NULL,NULL,NULL,NULL,0,0,NULL,0,0,0),(13947,8034,0,0,0,NULL,NULL,NULL,NULL,0,0,NULL,0,0,0,0,0,0,NULL,NULL,NULL,NULL,0,0,NULL,0,0,0,0,0,0,NULL,NULL,NULL,NULL,0,0,NULL,0,0,0,0,0,0,NULL,NULL,NULL,NULL,0,0,NULL,0,0,0),(13984,8156,0,0,0,NULL,NULL,NULL,NULL,0,0,NULL,0,0,0,0,0,0,NULL,NULL,NULL,NULL,0,0,NULL,0,0,0,0,0,0,NULL,NULL,NULL,NULL,0,0,NULL,0,0,0,0,0,0,NULL,NULL,NULL,NULL,0,0,NULL,0,0,0),(14022,16072,0,0,0,'2016-04-15 12:07:00','2016-04-15 12:05:00','Donnie Rocapor Gallocanta, Programmer','Donnie Rocapor Gallocanta, Programmer',0,0,'0null',0,0,0,0,0,0,NULL,NULL,NULL,NULL,0,0,NULL,0,0,0,0,0,0,NULL,NULL,NULL,NULL,0,0,NULL,0,0,0,0,0,0,NULL,NULL,NULL,NULL,0,0,NULL,0,0,0),(14065,27463,0,0,0,'2016-04-11 15:38:00','2016-04-08 14:33:00','Roy Gerson Balcita Torres, PEO 1','Roy Gerson Balcita Torres, PEO 1',0,0,'null',0,0,0,0,0,0,NULL,'2016-04-14 14:01:00','Donnie Rocapor Gallocanta, Programmer',NULL,0,0,'null',NULL,0,0,0,0,0,NULL,NULL,NULL,NULL,0,0,NULL,0,0,0,0,0,0,NULL,NULL,NULL,NULL,0,0,NULL,0,0,0),(14121,30155,0,0,0,NULL,'2016-04-11 08:58:00','Aris Reynold V. Cajigal, Extension Director',NULL,0,0,'null',0,0,0,0,0,0,NULL,NULL,NULL,NULL,0,0,NULL,0,0,0,0,0,0,NULL,NULL,NULL,NULL,0,0,NULL,0,0,0,0,0,0,NULL,NULL,NULL,NULL,0,0,NULL,0,0,0),(14136,8034,0,0,0,NULL,NULL,NULL,NULL,0,0,NULL,0,0,0,0,0,0,NULL,NULL,NULL,NULL,0,0,NULL,0,0,0,0,0,0,NULL,NULL,NULL,NULL,0,0,NULL,0,0,0,0,0,0,NULL,NULL,NULL,NULL,0,0,NULL,0,0,0),(14157,9001,0,0,0,NULL,NULL,NULL,NULL,0,0,NULL,0,0,0,0,0,0,NULL,NULL,NULL,NULL,0,0,NULL,0,0,0,0,0,0,NULL,NULL,NULL,NULL,0,0,NULL,0,0,0,0,0,0,NULL,NULL,NULL,NULL,0,0,NULL,0,0,0),(14193,8156,0,0,0,NULL,NULL,NULL,NULL,0,0,NULL,0,0,0,0,0,0,NULL,NULL,NULL,NULL,0,0,NULL,0,0,0,0,0,0,NULL,NULL,NULL,NULL,0,0,NULL,0,0,0,0,0,0,NULL,NULL,NULL,NULL,0,0,NULL,0,0,0),(14255,8497,1,0,1,'2016-04-19 09:18:00',NULL,NULL,'Donnie Rocapor Gallocanta, Programmer',1,1,'1null',2,1,1,0,0,0,NULL,NULL,NULL,NULL,0,0,NULL,0,0,0,0,0,0,NULL,NULL,NULL,NULL,0,0,NULL,0,0,0,0,0,0,NULL,NULL,NULL,NULL,0,0,NULL,0,0,0),(14268,8497,1,0,1,'2016-04-19 09:18:00',NULL,NULL,'Donnie Rocapor Gallocanta, Programmer',1,1,'1null',2,1,1,0,0,0,NULL,NULL,NULL,NULL,0,0,NULL,0,0,0,0,0,0,NULL,NULL,NULL,NULL,0,0,NULL,0,0,0,0,0,0,NULL,NULL,NULL,NULL,0,0,NULL,0,0,0),(14323,30155,0,0,0,NULL,'2016-04-11 08:58:00','Aris Reynold V. Cajigal, Extension Director',NULL,0,0,'null',0,0,0,0,0,0,NULL,NULL,NULL,NULL,0,0,NULL,0,0,0,0,0,0,NULL,NULL,NULL,NULL,0,0,NULL,0,0,0,0,0,0,NULL,NULL,NULL,NULL,0,0,NULL,0,0,0),(14335,17344,0,0,0,NULL,NULL,NULL,NULL,0,0,NULL,0,0,0,0,0,0,NULL,NULL,NULL,NULL,0,0,NULL,0,0,0,0,0,0,NULL,NULL,NULL,NULL,0,0,NULL,0,0,0,0,0,0,NULL,NULL,NULL,NULL,0,0,NULL,0,0,0),(14588,8497,1,0,1,'2016-04-19 09:18:00',NULL,NULL,'Donnie Rocapor Gallocanta, Programmer',1,1,'1null',2,1,1,0,0,0,NULL,NULL,NULL,NULL,0,0,NULL,0,0,0,0,0,0,NULL,NULL,NULL,NULL,0,0,NULL,0,0,0,0,0,0,NULL,NULL,NULL,NULL,0,0,NULL,0,0,0),(14678,8156,0,0,0,NULL,NULL,NULL,NULL,0,0,NULL,0,0,0,0,0,0,NULL,NULL,NULL,NULL,0,0,NULL,0,0,0,0,0,0,NULL,NULL,NULL,NULL,0,0,NULL,0,0,0,0,0,0,NULL,NULL,NULL,NULL,0,0,NULL,0,0,0),(14790,9001,0,0,0,NULL,NULL,NULL,NULL,0,0,NULL,0,0,0,0,0,0,NULL,NULL,NULL,NULL,0,0,NULL,0,0,0,0,0,0,NULL,NULL,NULL,NULL,0,0,NULL,0,0,0,0,0,0,NULL,NULL,NULL,NULL,0,0,NULL,0,0,0),(14796,17344,0,0,0,NULL,NULL,NULL,NULL,0,0,NULL,0,0,0,0,0,0,NULL,NULL,NULL,NULL,0,0,NULL,0,0,0,0,0,0,NULL,NULL,NULL,NULL,0,0,NULL,0,0,0,0,0,0,NULL,NULL,NULL,NULL,0,0,NULL,0,0,0),(14801,9001,0,0,0,NULL,NULL,NULL,NULL,0,0,NULL,0,0,0,0,0,0,NULL,NULL,NULL,NULL,0,0,NULL,0,0,0,0,0,0,NULL,NULL,NULL,NULL,0,0,NULL,0,0,0,0,0,0,NULL,NULL,NULL,NULL,0,0,NULL,0,0,0),(14978,15959,0,0,0,NULL,NULL,NULL,NULL,0,0,NULL,0,0,0,0,0,0,NULL,NULL,NULL,NULL,0,0,NULL,0,0,0,0,0,0,NULL,NULL,NULL,NULL,0,0,NULL,0,0,0,0,0,0,NULL,NULL,NULL,NULL,0,0,NULL,0,0,0),(15019,8156,0,0,0,NULL,NULL,NULL,NULL,0,0,NULL,0,0,0,0,0,0,NULL,NULL,NULL,NULL,0,0,NULL,0,0,0,0,0,0,NULL,NULL,NULL,NULL,0,0,NULL,0,0,0,0,0,0,NULL,NULL,NULL,NULL,0,0,NULL,0,0,0),(15066,15959,0,0,0,NULL,NULL,NULL,NULL,0,0,NULL,0,0,0,0,0,0,NULL,NULL,NULL,NULL,0,0,NULL,0,0,0,0,0,0,NULL,NULL,NULL,NULL,0,0,NULL,0,0,0,0,0,0,NULL,NULL,NULL,NULL,0,0,NULL,0,0,0),(15232,15959,0,0,0,NULL,NULL,NULL,NULL,0,0,NULL,0,0,0,0,0,0,NULL,NULL,NULL,NULL,0,0,NULL,0,0,0,0,0,0,NULL,NULL,NULL,NULL,0,0,NULL,0,0,0,0,0,0,NULL,NULL,NULL,NULL,0,0,NULL,0,0,0),(15237,8497,1,0,1,'2016-04-19 09:18:00',NULL,NULL,'Donnie Rocapor Gallocanta, Programmer',1,1,'1null',2,1,1,0,0,0,NULL,NULL,NULL,NULL,0,0,NULL,0,0,0,0,0,0,NULL,NULL,NULL,NULL,0,0,NULL,0,0,0,0,0,0,NULL,NULL,NULL,NULL,0,0,NULL,0,0,0),(15300,17344,0,0,0,NULL,NULL,NULL,NULL,0,0,NULL,0,0,0,0,0,0,NULL,NULL,NULL,NULL,0,0,NULL,0,0,0,0,0,0,NULL,NULL,NULL,NULL,0,0,NULL,0,0,0,0,0,0,NULL,NULL,NULL,NULL,0,0,NULL,0,0,0),(15347,15959,0,0,0,NULL,NULL,NULL,NULL,0,0,NULL,0,0,0,0,0,0,NULL,NULL,NULL,NULL,0,0,NULL,0,0,0,0,0,0,NULL,NULL,NULL,NULL,0,0,NULL,0,0,0,0,0,0,NULL,NULL,NULL,NULL,0,0,NULL,0,0,0),(15642,15979,0,0,0,'2016-04-06 09:23:00','2016-04-06 09:21:00','rosemary madriaga abenes, Planning Officer II','rosemary madriaga abenes, Planning Officer II',0,0,'null',0,0,0,0,0,0,NULL,NULL,NULL,NULL,0,0,NULL,0,0,0,0,0,0,NULL,NULL,NULL,NULL,0,0,NULL,0,0,0,0,0,0,NULL,NULL,NULL,NULL,0,0,NULL,0,0,0),(15718,27238,0,0,0,NULL,NULL,NULL,NULL,0,0,NULL,0,0,0,0,0,0,NULL,NULL,NULL,NULL,0,0,NULL,0,0,0,0,0,0,NULL,NULL,NULL,NULL,0,0,NULL,0,0,0,0,0,0,NULL,NULL,NULL,NULL,0,0,NULL,0,0,0),(15722,28499,0,0,0,NULL,NULL,NULL,NULL,0,0,NULL,0,0,0,0,0,0,NULL,NULL,NULL,NULL,0,0,NULL,0,0,0,0,0,0,NULL,NULL,NULL,NULL,0,0,NULL,0,0,0,0,0,0,NULL,NULL,NULL,NULL,0,0,NULL,0,0,0),(15732,23393,30,0,0,'2016-04-19 17:23:00','2016-04-11 16:41:00','  , ','Donnie Rocapor Gallocanta, Programmer',0,8160000,'null',8160000,8160000,0,0,0,0,'2016-04-18 11:35:00',NULL,NULL,'Donnie Rocapor Gallocanta, Programmer',0,0,'null',NULL,0,0,0,0,0,NULL,NULL,NULL,NULL,0,0,NULL,0,0,0,0,0,0,NULL,NULL,NULL,NULL,0,0,NULL,0,0,0),(15880,27238,0,0,0,NULL,NULL,NULL,NULL,0,0,NULL,0,0,0,0,0,0,NULL,NULL,NULL,NULL,0,0,NULL,0,0,0,0,0,0,NULL,NULL,NULL,NULL,0,0,NULL,0,0,0,0,0,0,NULL,NULL,NULL,NULL,0,0,NULL,0,0,0),(15902,30155,0,0,0,NULL,'2016-04-11 08:58:00','Aris Reynold V. Cajigal, Extension Director',NULL,0,0,'null',0,0,0,0,0,0,NULL,NULL,NULL,NULL,0,0,NULL,0,0,0,0,0,0,NULL,NULL,NULL,NULL,0,0,NULL,0,0,0,0,0,0,NULL,NULL,NULL,NULL,0,0,NULL,0,0,0),(15930,8497,1,0,1,'2016-04-19 09:18:00',NULL,NULL,'Donnie Rocapor Gallocanta, Programmer',1,1,'1null',2,1,1,0,0,0,NULL,NULL,NULL,NULL,0,0,NULL,0,0,0,0,0,0,NULL,NULL,NULL,NULL,0,0,NULL,0,0,0,0,0,0,NULL,NULL,NULL,NULL,0,0,NULL,0,0,0),(16010,30155,0,0,0,NULL,'2016-04-11 08:58:00','Aris Reynold V. Cajigal, Extension Director',NULL,0,0,'null',0,0,0,0,0,0,NULL,NULL,NULL,NULL,0,0,NULL,0,0,0,0,0,0,NULL,NULL,NULL,NULL,0,0,NULL,0,0,0,0,0,0,NULL,NULL,NULL,NULL,0,0,NULL,0,0,0),(16094,30155,0,0,0,NULL,'2016-04-11 08:58:00','Aris Reynold V. Cajigal, Extension Director',NULL,0,0,'null',0,0,0,0,0,0,NULL,NULL,NULL,NULL,0,0,NULL,0,0,0,0,0,0,NULL,NULL,NULL,NULL,0,0,NULL,0,0,0,0,0,0,NULL,NULL,NULL,NULL,0,0,NULL,0,0,0),(16255,8156,0,0,0,NULL,NULL,NULL,NULL,0,0,NULL,0,0,0,0,0,0,NULL,NULL,NULL,NULL,0,0,NULL,0,0,0,0,0,0,NULL,NULL,NULL,NULL,0,0,NULL,0,0,0,0,0,0,NULL,NULL,NULL,NULL,0,0,NULL,0,0,0),(16463,8497,1,0,1,'2016-04-19 09:18:00',NULL,NULL,'Donnie Rocapor Gallocanta, Programmer',1,1,'1null',2,1,1,0,0,0,NULL,NULL,NULL,NULL,0,0,NULL,0,0,0,0,0,0,NULL,NULL,NULL,NULL,0,0,NULL,0,0,0,0,0,0,NULL,NULL,NULL,NULL,0,0,NULL,0,0,0),(16475,23393,0,0,0,'2016-04-19 17:23:00','2016-04-11 16:41:00','  , ','Donnie Rocapor Gallocanta, Programmer',0,0,'null',0,0,0,540,0,0,'2016-04-18 11:35:00',NULL,NULL,'Donnie Rocapor Gallocanta, Programmer',0,0,'null',NULL,0,0,0,0,0,NULL,NULL,NULL,NULL,0,0,NULL,0,0,0,0,0,0,NULL,NULL,NULL,NULL,0,0,NULL,0,0,0),(16591,15979,0,0,0,'2016-04-06 09:23:00','2016-04-06 09:21:00','rosemary madriaga abenes, Planning Officer II','rosemary madriaga abenes, Planning Officer II',0,0,'null',0,0,0,0,0,0,NULL,NULL,NULL,NULL,0,0,NULL,0,0,0,0,0,0,NULL,NULL,NULL,NULL,0,0,NULL,0,0,0,0,0,0,NULL,NULL,NULL,NULL,0,0,NULL,0,0,0),(16664,16072,0,0,0,'2016-04-15 12:07:00','2016-04-15 12:05:00','Donnie Rocapor Gallocanta, Programmer','Donnie Rocapor Gallocanta, Programmer',0,0,'0null',0,0,0,0,0,0,NULL,NULL,NULL,NULL,0,0,NULL,0,0,0,0,0,0,NULL,NULL,NULL,NULL,0,0,NULL,0,0,0,0,0,0,NULL,NULL,NULL,NULL,0,0,NULL,0,0,0),(16688,17344,0,0,0,NULL,NULL,NULL,NULL,0,0,NULL,0,0,0,0,0,0,NULL,NULL,NULL,NULL,0,0,NULL,0,0,0,0,0,0,NULL,NULL,NULL,NULL,0,0,NULL,0,0,0,0,0,0,NULL,NULL,NULL,NULL,0,0,NULL,0,0,0),(16941,8497,1,0,1,'2016-04-19 09:18:00',NULL,NULL,'Donnie Rocapor Gallocanta, Programmer',1,1,'1null',2,1,1,0,0,0,NULL,NULL,NULL,NULL,0,0,NULL,0,0,0,0,0,0,NULL,NULL,NULL,NULL,0,0,NULL,0,0,0,0,0,0,NULL,NULL,NULL,NULL,0,0,NULL,0,0,0),(16993,23393,0,0,0,'2016-04-19 17:23:00','2016-04-11 16:41:00','  , ','Donnie Rocapor Gallocanta, Programmer',0,0,'null',0,0,0,0,0,0,'2016-04-18 11:35:00',NULL,NULL,'Donnie Rocapor Gallocanta, Programmer',0,0,'null',NULL,0,0,0,0,0,NULL,NULL,NULL,NULL,0,0,NULL,0,0,0,0,0,0,NULL,NULL,NULL,NULL,0,0,NULL,0,0,0),(17052,27238,0,0,0,NULL,NULL,NULL,NULL,0,0,NULL,0,0,0,0,0,0,NULL,NULL,NULL,NULL,0,0,NULL,0,0,0,0,0,0,NULL,NULL,NULL,NULL,0,0,NULL,0,0,0,0,0,0,NULL,NULL,NULL,NULL,0,0,NULL,0,0,0),(17247,1,0,0,0,NULL,NULL,NULL,NULL,0,0,NULL,0,0,0,0,0,0,NULL,NULL,NULL,NULL,0,0,NULL,0,0,0,0,0,0,NULL,NULL,NULL,NULL,0,0,NULL,0,0,0,0,0,0,NULL,NULL,NULL,NULL,0,0,NULL,0,0,0),(17280,23942,0,0,0,NULL,NULL,NULL,NULL,0,0,NULL,0,0,0,0,0,0,NULL,NULL,NULL,NULL,0,0,NULL,0,0,0,0,0,0,NULL,NULL,NULL,NULL,0,0,NULL,0,0,0,0,0,0,NULL,NULL,NULL,NULL,0,0,NULL,0,0,0),(17294,8497,1,0,1,'2016-04-19 09:18:00',NULL,NULL,'Donnie Rocapor Gallocanta, Programmer',1,1,'1null',2,1,1,0,0,0,NULL,NULL,NULL,NULL,0,0,NULL,0,0,0,0,0,0,NULL,NULL,NULL,NULL,0,0,NULL,0,0,0,0,0,0,NULL,NULL,NULL,NULL,0,0,NULL,0,0,0),(17296,8497,1,0,1,'2016-04-19 09:18:00',NULL,NULL,'Donnie Rocapor Gallocanta, Programmer',1,1,'1null',2,1,1,0,0,0,NULL,NULL,NULL,NULL,0,0,NULL,0,0,0,0,0,0,NULL,NULL,NULL,NULL,0,0,NULL,0,0,0,0,0,0,NULL,NULL,NULL,NULL,0,0,NULL,0,0,0),(17306,8156,0,0,0,NULL,NULL,NULL,NULL,0,0,NULL,0,0,0,0,0,0,NULL,NULL,NULL,NULL,0,0,NULL,0,0,0,0,0,0,NULL,NULL,NULL,NULL,0,0,NULL,0,0,0,0,0,0,NULL,NULL,NULL,NULL,0,0,NULL,0,0,0),(17372,8497,0,0,0,'2016-04-19 09:18:00',NULL,NULL,'Donnie Rocapor Gallocanta, Programmer',0,0,'0null',0,0,0,0,0,0,NULL,NULL,NULL,NULL,0,0,NULL,0,0,0,0,0,0,NULL,NULL,NULL,NULL,0,0,NULL,0,0,0,0,0,0,NULL,NULL,NULL,NULL,0,0,NULL,0,0,0),(17418,8156,0,0,0,NULL,NULL,NULL,NULL,0,0,NULL,0,0,0,0,0,0,NULL,NULL,NULL,NULL,0,0,NULL,0,0,0,0,0,0,NULL,NULL,NULL,NULL,0,0,NULL,0,0,0,0,0,0,NULL,NULL,NULL,NULL,0,0,NULL,0,0,0),(17628,8497,1,0,1,'2016-04-19 09:18:00',NULL,NULL,'Donnie Rocapor Gallocanta, Programmer',1,1,'1null',2,1,1,0,0,0,NULL,NULL,NULL,NULL,0,0,NULL,0,0,0,0,0,0,NULL,NULL,NULL,NULL,0,0,NULL,0,0,0,0,0,0,NULL,NULL,NULL,NULL,0,0,NULL,0,0,0),(17658,30155,0,0,0,NULL,'2016-04-11 08:58:00','Aris Reynold V. Cajigal, Extension Director',NULL,0,0,'null',0,0,0,0,0,0,NULL,NULL,NULL,NULL,0,0,NULL,0,0,0,0,0,0,NULL,NULL,NULL,NULL,0,0,NULL,0,0,0,0,0,0,NULL,NULL,NULL,NULL,0,0,NULL,0,0,0),(17672,16072,0,0,0,'2016-04-15 12:07:00','2016-04-15 12:05:00','Donnie Rocapor Gallocanta, Programmer','Donnie Rocapor Gallocanta, Programmer',0,0,'0null',0,0,0,0,0,0,NULL,NULL,NULL,NULL,0,0,NULL,0,0,0,0,0,0,NULL,NULL,NULL,NULL,0,0,NULL,0,0,0,0,0,0,NULL,NULL,NULL,NULL,0,0,NULL,0,0,0),(17743,8497,1,0,1,'2016-04-19 09:18:00',NULL,NULL,'Donnie Rocapor Gallocanta, Programmer',1,1,'1null',2,1,1,0,0,0,NULL,NULL,NULL,NULL,0,0,NULL,0,0,0,0,0,0,NULL,NULL,NULL,NULL,0,0,NULL,0,0,0,0,0,0,NULL,NULL,NULL,NULL,0,0,NULL,0,0,0),(17825,1,0,0,0,NULL,NULL,NULL,NULL,0,0,NULL,0,0,0,0,0,0,NULL,NULL,NULL,NULL,0,0,NULL,0,0,0,0,0,0,NULL,NULL,NULL,NULL,0,0,NULL,0,0,0,0,0,0,NULL,NULL,NULL,NULL,0,0,NULL,0,0,0),(17828,8497,1,0,1,'2016-04-19 09:18:00',NULL,NULL,'Donnie Rocapor Gallocanta, Programmer',1,1,'1null',2,1,1,0,0,0,NULL,NULL,NULL,NULL,0,0,NULL,0,0,0,0,0,0,NULL,NULL,NULL,NULL,0,0,NULL,0,0,0,0,0,0,NULL,NULL,NULL,NULL,0,0,NULL,0,0,0),(17918,30155,0,0,0,NULL,'2016-04-11 08:58:00','Aris Reynold V. Cajigal, Extension Director',NULL,0,0,'null',0,0,0,0,0,0,NULL,NULL,NULL,NULL,0,0,NULL,0,0,0,0,0,0,NULL,NULL,NULL,NULL,0,0,NULL,0,0,0,0,0,0,NULL,NULL,NULL,NULL,0,0,NULL,0,0,0),(17962,8497,1,0,1,'2016-04-19 09:18:00',NULL,NULL,'Donnie Rocapor Gallocanta, Programmer',1,1,'1null',2,1,1,0,0,0,NULL,NULL,NULL,NULL,0,0,NULL,0,0,0,0,0,0,NULL,NULL,NULL,NULL,0,0,NULL,0,0,0,0,0,0,NULL,NULL,NULL,NULL,0,0,NULL,0,0,0),(18190,27463,1,0,0,'2016-04-11 15:38:00','2016-04-08 14:33:00','Roy Gerson Balcita Torres, PEO 1','Roy Gerson Balcita Torres, PEO 1',0,136677.3,'null',136677.3,150000,136677.3,0,0,0,NULL,'2016-04-14 14:01:00','Donnie Rocapor Gallocanta, Programmer',NULL,0,0,'null',NULL,0,0,0,0,0,NULL,NULL,NULL,NULL,0,0,NULL,0,0,0,0,0,0,NULL,NULL,NULL,NULL,0,0,NULL,0,0,0),(18435,30155,0,0,0,NULL,'2016-04-11 08:58:00','Aris Reynold V. Cajigal, Extension Director',NULL,0,0,'null',0,0,0,0,0,0,NULL,NULL,NULL,NULL,0,0,NULL,0,0,0,0,0,0,NULL,NULL,NULL,NULL,0,0,NULL,0,0,0,0,0,0,NULL,NULL,NULL,NULL,0,0,NULL,0,0,0),(18590,16072,0,0,0,'2016-04-15 12:07:00','2016-04-15 12:05:00','Donnie Rocapor Gallocanta, Programmer','Donnie Rocapor Gallocanta, Programmer',0,0,'0null',0,0,0,0,0,0,NULL,NULL,NULL,NULL,0,0,NULL,0,0,0,0,0,0,NULL,NULL,NULL,NULL,0,0,NULL,0,0,0,0,0,0,NULL,NULL,NULL,NULL,0,0,NULL,0,0,0),(18725,23393,0,0,0,'2016-04-19 17:23:00','2016-04-11 16:41:00','  , ','Donnie Rocapor Gallocanta, Programmer',0,0,'null',0,0,0,0,0,0,'2016-04-18 11:35:00',NULL,NULL,'Donnie Rocapor Gallocanta, Programmer',0,0,'null',NULL,0,0,0,0,0,NULL,NULL,NULL,NULL,0,0,NULL,0,0,0,0,0,0,NULL,NULL,NULL,NULL,0,0,NULL,0,0,0),(18823,30155,0,0,0,NULL,'2016-04-11 08:58:00','Aris Reynold V. Cajigal, Extension Director',NULL,0,0,'null',0,0,0,0,0,0,NULL,NULL,NULL,NULL,0,0,NULL,0,0,0,0,0,0,NULL,NULL,NULL,NULL,0,0,NULL,0,0,0,0,0,0,NULL,NULL,NULL,NULL,0,0,NULL,0,0,0),(18899,1,0,0,0,NULL,NULL,NULL,NULL,0,0,NULL,0,0,0,0,0,0,NULL,NULL,NULL,NULL,0,0,NULL,0,0,0,0,0,0,NULL,NULL,NULL,NULL,0,0,NULL,0,0,0,0,0,0,NULL,NULL,NULL,NULL,0,0,NULL,0,0,0),(18909,30155,0,0,0,NULL,'2016-04-11 08:58:00','Aris Reynold V. Cajigal, Extension Director',NULL,0,0,'null',0,0,0,0,0,0,NULL,NULL,NULL,NULL,0,0,NULL,0,0,0,0,0,0,NULL,NULL,NULL,NULL,0,0,NULL,0,0,0,0,0,0,NULL,NULL,NULL,NULL,0,0,NULL,0,0,0),(18930,8156,0,0,0,NULL,NULL,NULL,NULL,0,0,NULL,0,0,0,0,0,0,NULL,NULL,NULL,NULL,0,0,NULL,0,0,0,0,0,0,NULL,NULL,NULL,NULL,0,0,NULL,0,0,0,0,0,0,NULL,NULL,NULL,NULL,0,0,NULL,0,0,0),(19042,30155,0,0,0,NULL,'2016-04-11 08:58:00','Aris Reynold V. Cajigal, Extension Director',NULL,0,0,'null',0,0,0,0,0,0,NULL,NULL,NULL,NULL,0,0,NULL,0,0,0,0,0,0,NULL,NULL,NULL,NULL,0,0,NULL,0,0,0,0,0,0,NULL,NULL,NULL,NULL,0,0,NULL,0,0,0),(19047,27238,0,0,0,NULL,NULL,NULL,NULL,0,0,NULL,0,0,0,0,0,0,NULL,NULL,NULL,NULL,0,0,NULL,0,0,0,0,0,0,NULL,NULL,NULL,NULL,0,0,NULL,0,0,0,0,0,0,NULL,NULL,NULL,NULL,0,0,NULL,0,0,0),(19086,8156,0,0,0,NULL,NULL,NULL,NULL,0,0,NULL,0,0,0,0,0,0,NULL,NULL,NULL,NULL,0,0,NULL,0,0,0,0,0,0,NULL,NULL,NULL,NULL,0,0,NULL,0,0,0,0,0,0,NULL,NULL,NULL,NULL,0,0,NULL,0,0,0),(19112,9001,0,0,0,NULL,NULL,NULL,NULL,0,0,NULL,0,0,0,0,0,0,NULL,NULL,NULL,NULL,0,0,NULL,0,0,0,0,0,0,NULL,NULL,NULL,NULL,0,0,NULL,0,0,0,0,0,0,NULL,NULL,NULL,NULL,0,0,NULL,0,0,0),(19125,25988,0,0,0,NULL,'2016-04-04 12:49:00','Chricept T. Viloria, PDO IV',NULL,0,0,'null',0,0,0,0,0,0,NULL,NULL,NULL,NULL,0,0,NULL,0,0,0,0,0,0,NULL,NULL,NULL,NULL,0,0,NULL,0,0,0,0,0,0,NULL,NULL,NULL,NULL,0,0,NULL,0,0,0),(19170,17344,0,0,0,NULL,NULL,NULL,NULL,0,0,NULL,0,0,0,0,0,0,NULL,NULL,NULL,NULL,0,0,NULL,0,0,0,0,0,0,NULL,NULL,NULL,NULL,0,0,NULL,0,0,0,0,0,0,NULL,NULL,NULL,NULL,0,0,NULL,0,0,0),(19203,25988,0,0,0,NULL,'2016-04-04 12:49:00','Chricept T. Viloria, PDO IV',NULL,0,0,'null',0,0,0,0,0,0,NULL,NULL,NULL,NULL,0,0,NULL,0,0,0,0,0,0,NULL,NULL,NULL,NULL,0,0,NULL,0,0,0,0,0,0,NULL,NULL,NULL,NULL,0,0,NULL,0,0,0),(19358,8497,1,0,1,'2016-04-19 09:18:00',NULL,NULL,'Donnie Rocapor Gallocanta, Programmer',1,1,'1null',2,1,1,0,0,0,NULL,NULL,NULL,NULL,0,0,NULL,0,0,0,0,0,0,NULL,NULL,NULL,NULL,0,0,NULL,0,0,0,0,0,0,NULL,NULL,NULL,NULL,0,0,NULL,0,0,0),(19464,8156,0,0,0,NULL,NULL,NULL,NULL,0,0,NULL,0,0,0,0,0,0,NULL,NULL,NULL,NULL,0,0,NULL,0,0,0,0,0,0,NULL,NULL,NULL,NULL,0,0,NULL,0,0,0,0,0,0,NULL,NULL,NULL,NULL,0,0,NULL,0,0,0),(19465,8034,0,0,0,NULL,NULL,NULL,NULL,0,0,NULL,0,0,0,0,0,0,NULL,NULL,NULL,NULL,0,0,NULL,0,0,0,0,0,0,NULL,NULL,NULL,NULL,0,0,NULL,0,0,0,0,0,0,NULL,NULL,NULL,NULL,0,0,NULL,0,0,0),(19471,8497,1,0,1,'2016-04-19 09:18:00',NULL,NULL,'Donnie Rocapor Gallocanta, Programmer',1,11,'1null',12,1,1,0,0,0,NULL,NULL,NULL,NULL,0,0,NULL,0,0,0,0,0,0,NULL,NULL,NULL,NULL,0,0,NULL,0,0,0,0,0,0,NULL,NULL,NULL,NULL,0,0,NULL,0,0,0),(19699,8497,1,0,11,'2016-04-19 09:18:00',NULL,NULL,'Donnie Rocapor Gallocanta, Programmer',1,1,'1null',2,1,1,0,0,0,NULL,NULL,NULL,NULL,0,0,NULL,0,0,0,0,0,0,NULL,NULL,NULL,NULL,0,0,NULL,0,0,0,0,0,0,NULL,NULL,NULL,NULL,0,0,NULL,0,0,0),(19830,30155,0,0,0,NULL,'2016-04-11 08:58:00','Aris Reynold V. Cajigal, Extension Director',NULL,0,0,'null',0,0,0,0,0,0,NULL,NULL,NULL,NULL,0,0,NULL,0,0,0,0,0,0,NULL,NULL,NULL,NULL,0,0,NULL,0,0,0,0,0,0,NULL,NULL,NULL,NULL,0,0,NULL,0,0,0),(19927,8156,0,0,0,NULL,NULL,NULL,NULL,0,0,NULL,0,0,0,0,0,0,NULL,NULL,NULL,NULL,0,0,NULL,0,0,0,0,0,0,NULL,NULL,NULL,NULL,0,0,NULL,0,0,0,0,0,0,NULL,NULL,NULL,NULL,0,0,NULL,0,0,0),(19982,1,0,0,0,NULL,NULL,NULL,NULL,0,0,NULL,0,0,0,0,0,0,NULL,NULL,NULL,NULL,0,0,NULL,0,0,0,0,0,0,NULL,NULL,NULL,NULL,0,0,NULL,0,0,0,0,0,0,NULL,NULL,NULL,NULL,0,0,NULL,0,0,0),(20132,8497,1,0,1,'2016-04-19 09:18:00',NULL,NULL,'Donnie Rocapor Gallocanta, Programmer',1,1,'1null',2,1,1,0,0,0,NULL,NULL,NULL,NULL,0,0,NULL,0,0,0,0,0,0,NULL,NULL,NULL,NULL,0,0,NULL,0,0,0,0,0,0,NULL,NULL,NULL,NULL,0,0,NULL,0,0,0),(20162,8497,1,0,1,'2016-04-19 09:18:00',NULL,NULL,'Donnie Rocapor Gallocanta, Programmer',1,1,'1null',2,1,1,0,0,0,NULL,NULL,NULL,NULL,0,0,NULL,0,0,0,0,0,0,NULL,NULL,NULL,NULL,0,0,NULL,0,0,0,0,0,0,NULL,NULL,NULL,NULL,0,0,NULL,0,0,0),(20233,8497,1,0,1,'2016-04-19 09:18:00',NULL,NULL,'Donnie Rocapor Gallocanta, Programmer',1,1,'1null',2,1,1,0,0,0,NULL,NULL,NULL,NULL,0,0,NULL,0,0,0,0,0,0,NULL,NULL,NULL,NULL,0,0,NULL,0,0,0,0,0,0,NULL,NULL,NULL,NULL,0,0,NULL,0,0,0),(20237,8497,1,0,1,'2016-04-19 09:18:00',NULL,NULL,'Donnie Rocapor Gallocanta, Programmer',1,1,'11null',2,1,1,0,0,0,NULL,NULL,NULL,NULL,0,0,NULL,0,0,0,0,0,0,NULL,NULL,NULL,NULL,0,0,NULL,0,0,0,0,0,0,NULL,NULL,NULL,NULL,0,0,NULL,0,0,0),(20278,30155,0,0,0,NULL,'2016-04-11 08:58:00','Aris Reynold V. Cajigal, Extension Director',NULL,0,0,'null',0,0,0,0,0,0,NULL,NULL,NULL,NULL,0,0,NULL,0,0,0,0,0,0,NULL,NULL,NULL,NULL,0,0,NULL,0,0,0,0,0,0,NULL,NULL,NULL,NULL,0,0,NULL,0,0,0),(20352,27463,3,0,0,'2016-04-11 15:38:00','2016-04-08 14:33:00','Roy Gerson Balcita Torres, PEO 1','Roy Gerson Balcita Torres, PEO 1',0,5000,'null',5000,5000,5000,1,0,0,NULL,'2016-04-14 14:01:00','Donnie Rocapor Gallocanta, Programmer',NULL,0,0,'null',NULL,5000,0,0,0,0,NULL,NULL,NULL,NULL,0,0,NULL,0,0,0,0,0,0,NULL,NULL,NULL,NULL,0,0,NULL,0,0,0),(20417,27238,0,0,0,NULL,NULL,NULL,NULL,0,0,NULL,0,0,0,0,0,0,NULL,NULL,NULL,NULL,0,0,NULL,0,0,0,0,0,0,NULL,NULL,NULL,NULL,0,0,NULL,0,0,0,0,0,0,NULL,NULL,NULL,NULL,0,0,NULL,0,0,0),(20438,8497,1,0,1,'2016-04-19 09:18:00',NULL,NULL,'Donnie Rocapor Gallocanta, Programmer',1,1,'1null',2,1,1,0,0,0,NULL,NULL,NULL,NULL,0,0,NULL,0,0,0,0,0,0,NULL,NULL,NULL,NULL,0,0,NULL,0,0,0,0,0,0,NULL,NULL,NULL,NULL,0,0,NULL,0,0,0),(20488,23393,0.25,0,396,'2016-04-19 17:23:00','2016-04-11 16:41:00','  , ','Donnie Rocapor Gallocanta, Programmer',0,2113200,'null',2113200,2113200,0,0,0,0,'2016-04-18 11:35:00',NULL,NULL,'Donnie Rocapor Gallocanta, Programmer',0,0,'null',NULL,0,0,0,0,0,NULL,NULL,NULL,NULL,0,0,NULL,0,0,0,0,0,0,NULL,NULL,NULL,NULL,0,0,NULL,0,0,0),(20545,27463,0,0,0,'2016-04-11 15:38:00','2016-04-08 14:33:00','Roy Gerson Balcita Torres, PEO 1','Roy Gerson Balcita Torres, PEO 1',0,0,'null',0,0,0,0,0,0,NULL,'2016-04-14 14:01:00','Donnie Rocapor Gallocanta, Programmer',NULL,0,0,'null',NULL,0,0,0,0,0,NULL,NULL,NULL,NULL,0,0,NULL,0,0,0,0,0,0,NULL,NULL,NULL,NULL,0,0,NULL,0,0,0),(20650,8156,0,0,0,NULL,NULL,NULL,NULL,0,0,NULL,0,0,0,0,0,0,NULL,NULL,NULL,NULL,0,0,NULL,0,0,0,0,0,0,NULL,NULL,NULL,NULL,0,0,NULL,0,0,0,0,0,0,NULL,NULL,NULL,NULL,0,0,NULL,0,0,0),(20658,27238,0,0,0,NULL,NULL,NULL,NULL,0,0,NULL,0,0,0,0,0,0,NULL,NULL,NULL,NULL,0,0,NULL,0,0,0,0,0,0,NULL,NULL,NULL,NULL,0,0,NULL,0,0,0,0,0,0,NULL,NULL,NULL,NULL,0,0,NULL,0,0,0),(20728,23393,0,0,0,'2016-04-19 17:23:00','2016-04-11 16:41:00','  , ','Donnie Rocapor Gallocanta, Programmer',0,0,'null',0,0,0,0,0,0,'2016-04-18 11:35:00',NULL,NULL,'Donnie Rocapor Gallocanta, Programmer',0,0,'null',NULL,0,0,0,0,0,NULL,NULL,NULL,NULL,0,0,NULL,0,0,0,0,0,0,NULL,NULL,NULL,NULL,0,0,NULL,0,0,0),(20768,8497,1,0,1,'2016-04-19 09:18:00',NULL,NULL,'Donnie Rocapor Gallocanta, Programmer',1,1,'1null',2,1,1,0,0,0,NULL,NULL,NULL,NULL,0,0,NULL,0,0,0,0,0,0,NULL,NULL,NULL,NULL,0,0,NULL,0,0,0,0,0,0,NULL,NULL,NULL,NULL,0,0,NULL,0,0,0),(20862,27463,0,0,0,'2016-04-11 15:38:00','2016-04-08 14:33:00','Roy Gerson Balcita Torres, PEO 1','Roy Gerson Balcita Torres, PEO 1',0,0,'No  LGU processed their reimbursement for Q1. Claims for reimbursement will be reflected on succeeding quarters. ',0,0,0,0,0,0,NULL,'2016-04-14 14:01:00','Donnie Rocapor Gallocanta, Programmer',NULL,0,0,'null',NULL,0,0,0,0,0,NULL,NULL,NULL,NULL,0,0,NULL,0,0,0,0,0,0,NULL,NULL,NULL,NULL,0,0,NULL,0,0,0),(21086,8156,0,0,0,NULL,NULL,NULL,NULL,0,0,NULL,0,0,0,0,0,0,NULL,NULL,NULL,NULL,0,0,NULL,0,0,0,0,0,0,NULL,NULL,NULL,NULL,0,0,NULL,0,0,0,0,0,0,NULL,NULL,NULL,NULL,0,0,NULL,0,0,0),(21108,9001,0,0,0,NULL,NULL,NULL,NULL,0,0,NULL,0,0,0,0,0,0,NULL,NULL,NULL,NULL,0,0,NULL,0,0,0,0,0,0,NULL,NULL,NULL,NULL,0,0,NULL,0,0,0,0,0,0,NULL,NULL,NULL,NULL,0,0,NULL,0,0,0),(21195,23393,0,0,0,'2016-04-19 17:23:00','2016-04-11 16:41:00','  , ','Donnie Rocapor Gallocanta, Programmer',0,0,'null',0,0,0,0,0,0,'2016-04-18 11:35:00',NULL,NULL,'Donnie Rocapor Gallocanta, Programmer',0,0,'null',NULL,0,0,0,0,0,NULL,NULL,NULL,NULL,0,0,NULL,0,0,0,0,0,0,NULL,NULL,NULL,NULL,0,0,NULL,0,0,0),(21278,8497,1,0,11,'2016-04-19 09:18:00',NULL,NULL,'Donnie Rocapor Gallocanta, Programmer',1,1,'1null',2,1,1,0,0,0,NULL,NULL,NULL,NULL,0,0,NULL,0,0,0,0,0,0,NULL,NULL,NULL,NULL,0,0,NULL,0,0,0,0,0,0,NULL,NULL,NULL,NULL,0,0,NULL,0,0,0),(21304,16072,0,0,0,'2016-04-15 12:07:00','2016-04-15 12:05:00','Donnie Rocapor Gallocanta, Programmer','Donnie Rocapor Gallocanta, Programmer',0,0,'0null',0,0,0,0,0,0,NULL,NULL,NULL,NULL,0,0,NULL,0,0,0,0,0,0,NULL,NULL,NULL,NULL,0,0,NULL,0,0,0,0,0,0,NULL,NULL,NULL,NULL,0,0,NULL,0,0,0),(21364,9001,0,0,0,NULL,NULL,NULL,NULL,0,0,NULL,0,0,0,0,0,0,NULL,NULL,NULL,NULL,0,0,NULL,0,0,0,0,0,0,NULL,NULL,NULL,NULL,0,0,NULL,0,0,0,0,0,0,NULL,NULL,NULL,NULL,0,0,NULL,0,0,0),(21400,8497,1,0,1,'2016-04-19 09:18:00',NULL,NULL,'Donnie Rocapor Gallocanta, Programmer',1,1,'1null',2,1,1,0,0,0,NULL,NULL,NULL,NULL,0,0,NULL,0,0,0,0,0,0,NULL,NULL,NULL,NULL,0,0,NULL,0,0,0,0,0,0,NULL,NULL,NULL,NULL,0,0,NULL,0,0,0),(21419,8497,1,0,1,'2016-04-19 09:18:00',NULL,NULL,'Donnie Rocapor Gallocanta, Programmer',1,1,'1null',2,1,1,0,0,0,NULL,NULL,NULL,NULL,0,0,NULL,0,0,0,0,0,0,NULL,NULL,NULL,NULL,0,0,NULL,0,0,0,0,0,0,NULL,NULL,NULL,NULL,0,0,NULL,0,0,0),(21446,8034,0,0,0,NULL,NULL,NULL,NULL,0,0,NULL,0,0,0,0,0,0,NULL,NULL,NULL,NULL,0,0,NULL,0,0,0,0,0,0,NULL,NULL,NULL,NULL,0,0,NULL,0,0,0,0,0,0,NULL,NULL,NULL,NULL,0,0,NULL,0,0,0),(21465,15959,0,0,0,NULL,NULL,NULL,NULL,0,0,NULL,0,0,0,0,0,0,NULL,NULL,NULL,NULL,0,0,NULL,0,0,0,0,0,0,NULL,NULL,NULL,NULL,0,0,NULL,0,0,0,0,0,0,NULL,NULL,NULL,NULL,0,0,NULL,0,0,0),(21545,8497,1,0,1,'2016-04-19 09:18:00',NULL,NULL,'Donnie Rocapor Gallocanta, Programmer',1,1,'1null',2,1,1,0,0,0,NULL,NULL,NULL,NULL,0,0,NULL,0,0,0,0,0,0,NULL,NULL,NULL,NULL,0,0,NULL,0,0,0,0,0,0,NULL,NULL,NULL,NULL,0,0,NULL,0,0,0),(21638,28499,0,0,0,NULL,NULL,NULL,NULL,0,0,NULL,0,0,0,0,0,0,NULL,NULL,NULL,NULL,0,0,NULL,0,0,0,0,0,0,NULL,NULL,NULL,NULL,0,0,NULL,0,0,0,0,0,0,NULL,NULL,NULL,NULL,0,0,NULL,0,0,0),(21641,23942,0,0,0,NULL,NULL,NULL,NULL,0,0,NULL,0,0,0,0,0,0,NULL,NULL,NULL,NULL,0,0,NULL,0,0,0,0,0,0,NULL,NULL,NULL,NULL,0,0,NULL,0,0,0,0,0,0,NULL,NULL,NULL,NULL,0,0,NULL,0,0,0),(21659,16072,0,0,0,'2016-04-15 12:07:00','2016-04-15 12:05:00','Donnie Rocapor Gallocanta, Programmer','Donnie Rocapor Gallocanta, Programmer',0,0,'0null',0,0,0,0,0,0,NULL,NULL,NULL,NULL,0,0,NULL,0,0,0,0,0,0,NULL,NULL,NULL,NULL,0,0,NULL,0,0,0,0,0,0,NULL,NULL,NULL,NULL,0,0,NULL,0,0,0),(21696,27238,0,0,0,NULL,NULL,NULL,NULL,0,0,NULL,0,0,0,0,0,0,NULL,NULL,NULL,NULL,0,0,NULL,0,0,0,0,0,0,NULL,NULL,NULL,NULL,0,0,NULL,0,0,0,0,0,0,NULL,NULL,NULL,NULL,0,0,NULL,0,0,0),(21715,8497,1,0,1,'2016-04-19 09:18:00',NULL,NULL,'Donnie Rocapor Gallocanta, Programmer',1,1,'1null',2,1,1,0,0,0,NULL,NULL,NULL,NULL,0,0,NULL,0,0,0,0,0,0,NULL,NULL,NULL,NULL,0,0,NULL,0,0,0,0,0,0,NULL,NULL,NULL,NULL,0,0,NULL,0,0,0),(22083,27238,0,0,0,NULL,NULL,NULL,NULL,0,0,NULL,0,0,0,0,0,0,NULL,NULL,NULL,NULL,0,0,NULL,0,0,0,0,0,0,NULL,NULL,NULL,NULL,0,0,NULL,0,0,0,0,0,0,NULL,NULL,NULL,NULL,0,0,NULL,0,0,0),(22102,8515,0,0,0,NULL,NULL,NULL,NULL,0,0,NULL,0,0,0,0,0,0,NULL,NULL,NULL,NULL,0,0,NULL,0,0,0,0,0,0,NULL,NULL,NULL,NULL,0,0,NULL,0,0,0,0,0,0,NULL,NULL,NULL,NULL,0,0,NULL,0,0,0),(22151,8497,1,0,1,'2016-04-19 09:18:00',NULL,NULL,'Donnie Rocapor Gallocanta, Programmer',1,1,'1null',2,1,1,0,0,0,NULL,NULL,NULL,NULL,0,0,NULL,0,0,0,0,0,0,NULL,NULL,NULL,NULL,0,0,NULL,0,0,0,0,0,0,NULL,NULL,NULL,NULL,0,0,NULL,0,0,0),(22212,8156,0,0,0,NULL,NULL,NULL,NULL,0,0,NULL,0,0,0,0,0,0,NULL,NULL,NULL,NULL,0,0,NULL,0,0,0,0,0,0,NULL,NULL,NULL,NULL,0,0,NULL,0,0,0,0,0,0,NULL,NULL,NULL,NULL,0,0,NULL,0,0,0),(22233,8156,0,0,0,NULL,NULL,NULL,NULL,0,0,NULL,0,0,0,0,0,0,NULL,NULL,NULL,NULL,0,0,NULL,0,0,0,0,0,0,NULL,NULL,NULL,NULL,0,0,NULL,0,0,0,0,0,0,NULL,NULL,NULL,NULL,0,0,NULL,0,0,0),(22284,17344,0,0,0,NULL,NULL,NULL,NULL,0,0,NULL,0,0,0,0,0,0,NULL,NULL,NULL,NULL,0,0,NULL,0,0,0,0,0,0,NULL,NULL,NULL,NULL,0,0,NULL,0,0,0,0,0,0,NULL,NULL,NULL,NULL,0,0,NULL,0,0,0),(22452,30155,0,0,0,NULL,'2016-04-11 08:58:00','Aris Reynold V. Cajigal, Extension Director',NULL,0,0,'null',0,0,0,0,0,0,NULL,NULL,NULL,NULL,0,0,NULL,0,0,0,0,0,0,NULL,NULL,NULL,NULL,0,0,NULL,0,0,0,0,0,0,NULL,NULL,NULL,NULL,0,0,NULL,0,0,0),(22493,23393,0.8,0,1275,'2016-04-19 17:23:00','2016-04-11 16:41:00','  , ','Donnie Rocapor Gallocanta, Programmer',0,5984000,'null',5984000,5984000,0,0,0,0,'2016-04-18 11:35:00',NULL,NULL,'Donnie Rocapor Gallocanta, Programmer',0,0,'null',NULL,0,0,0,0,0,NULL,NULL,NULL,NULL,0,0,NULL,0,0,0,0,0,0,NULL,NULL,NULL,NULL,0,0,NULL,0,0,0),(22520,23942,0,0,0,NULL,NULL,NULL,NULL,0,0,NULL,0,0,0,0,0,0,NULL,NULL,NULL,NULL,0,0,NULL,0,0,0,0,0,0,NULL,NULL,NULL,NULL,0,0,NULL,0,0,0,0,0,0,NULL,NULL,NULL,NULL,0,0,NULL,0,0,0),(22699,8497,1,0,1,'2016-04-19 09:18:00',NULL,NULL,'Donnie Rocapor Gallocanta, Programmer',1,1,'1null',2,1,1,0,0,0,NULL,NULL,NULL,NULL,0,0,NULL,0,0,0,0,0,0,NULL,NULL,NULL,NULL,0,0,NULL,0,0,0,0,0,0,NULL,NULL,NULL,NULL,0,0,NULL,0,0,0),(22700,8497,1,0,1,'2016-04-19 09:18:00',NULL,NULL,'Donnie Rocapor Gallocanta, Programmer',1,1,'1null',2,1,1,0,0,0,NULL,NULL,NULL,NULL,0,0,NULL,0,0,0,0,0,0,NULL,NULL,NULL,NULL,0,0,NULL,0,0,0,0,0,0,NULL,NULL,NULL,NULL,0,0,NULL,0,0,0),(22829,15959,0,0,0,NULL,NULL,NULL,NULL,0,0,NULL,0,0,0,0,0,0,NULL,NULL,NULL,NULL,0,0,NULL,0,0,0,0,0,0,NULL,NULL,NULL,NULL,0,0,NULL,0,0,0,0,0,0,NULL,NULL,NULL,NULL,0,0,NULL,0,0,0),(22846,27238,0,0,0,NULL,NULL,NULL,NULL,0,0,NULL,0,0,0,0,0,0,NULL,NULL,NULL,NULL,0,0,NULL,0,0,0,0,0,0,NULL,NULL,NULL,NULL,0,0,NULL,0,0,0,0,0,0,NULL,NULL,NULL,NULL,0,0,NULL,0,0,0),(22867,8497,1,0,1,'2016-04-19 09:18:00',NULL,NULL,'Donnie Rocapor Gallocanta, Programmer',1,1,'1null',2,1,1,0,0,0,NULL,NULL,NULL,NULL,0,0,NULL,0,0,0,0,0,0,NULL,NULL,NULL,NULL,0,0,NULL,0,0,0,0,0,0,NULL,NULL,NULL,NULL,0,0,NULL,0,0,0),(22901,8497,1,0,1,'2016-04-19 09:18:00',NULL,NULL,'Donnie Rocapor Gallocanta, Programmer',1,1,'1null',2,1,1,0,0,0,NULL,NULL,NULL,NULL,0,0,NULL,0,0,0,0,0,0,NULL,NULL,NULL,NULL,0,0,NULL,0,0,0,0,0,0,NULL,NULL,NULL,NULL,0,0,NULL,0,0,0),(22957,16072,0,0,0,'2016-04-15 12:07:00','2016-04-15 12:05:00','Donnie Rocapor Gallocanta, Programmer','Donnie Rocapor Gallocanta, Programmer',0,0,'0null',0,0,0,0,0,0,NULL,NULL,NULL,NULL,0,0,NULL,0,0,0,0,0,0,NULL,NULL,NULL,NULL,0,0,NULL,0,0,0,0,0,0,NULL,NULL,NULL,NULL,0,0,NULL,0,0,0),(23048,9001,0,0,0,NULL,NULL,NULL,NULL,0,0,NULL,0,0,0,0,0,0,NULL,NULL,NULL,NULL,0,0,NULL,0,0,0,0,0,0,NULL,NULL,NULL,NULL,0,0,NULL,0,0,0,0,0,0,NULL,NULL,NULL,NULL,0,0,NULL,0,0,0),(23132,15979,0,0,0,'2016-04-06 09:23:00','2016-04-06 09:21:00','rosemary madriaga abenes, Planning Officer II','rosemary madriaga abenes, Planning Officer II',0,0,'null',0,0,0,0,0,0,NULL,NULL,NULL,NULL,0,0,NULL,0,0,0,0,0,0,NULL,NULL,NULL,NULL,0,0,NULL,0,0,0,0,0,0,NULL,NULL,NULL,NULL,0,0,NULL,0,0,0),(23174,9001,0,0,0,NULL,NULL,NULL,NULL,0,0,NULL,0,0,0,0,0,0,NULL,NULL,NULL,NULL,0,0,NULL,0,0,0,0,0,0,NULL,NULL,NULL,NULL,0,0,NULL,0,0,0,0,0,0,NULL,NULL,NULL,NULL,0,0,NULL,0,0,0),(23213,27238,0,0,0,NULL,NULL,NULL,NULL,0,0,NULL,0,0,0,0,0,0,NULL,NULL,NULL,NULL,0,0,NULL,0,0,0,0,0,0,NULL,NULL,NULL,NULL,0,0,NULL,0,0,0,0,0,0,NULL,NULL,NULL,NULL,0,0,NULL,0,0,0),(23275,8497,1,0,1,'2016-04-19 09:18:00',NULL,NULL,'Donnie Rocapor Gallocanta, Programmer',1,1,'1null',2,1,1,0,0,0,NULL,NULL,NULL,NULL,0,0,NULL,0,0,0,0,0,0,NULL,NULL,NULL,NULL,0,0,NULL,0,0,0,0,0,0,NULL,NULL,NULL,NULL,0,0,NULL,0,0,0),(23337,15959,0,0,0,NULL,NULL,NULL,NULL,0,0,NULL,0,0,0,0,0,0,NULL,NULL,NULL,NULL,0,0,NULL,0,0,0,0,0,0,NULL,NULL,NULL,NULL,0,0,NULL,0,0,0,0,0,0,NULL,NULL,NULL,NULL,0,0,NULL,0,0,0),(23396,23393,90,0,720,'2016-04-19 17:23:00','2016-04-11 16:41:00','  , ','Donnie Rocapor Gallocanta, Programmer',0,3800000,'null',3800000,3800000,0,0,0,0,'2016-04-18 11:35:00',NULL,NULL,'Donnie Rocapor Gallocanta, Programmer',0,0,'null',NULL,0,0,0,0,0,NULL,NULL,NULL,NULL,0,0,NULL,0,0,0,0,0,0,NULL,NULL,NULL,NULL,0,0,NULL,0,0,0),(23410,30155,0,0,0,NULL,'2016-04-11 08:58:00','Aris Reynold V. Cajigal, Extension Director',NULL,0,0,'null',0,0,0,0,0,0,NULL,NULL,NULL,NULL,0,0,NULL,0,0,0,0,0,0,NULL,NULL,NULL,NULL,0,0,NULL,0,0,0,0,0,0,NULL,NULL,NULL,NULL,0,0,NULL,0,0,0),(23492,8497,1,0,1,'2016-04-19 09:18:00',NULL,NULL,'Donnie Rocapor Gallocanta, Programmer',1,1,'1null',2,1,1,0,0,0,NULL,NULL,NULL,NULL,0,0,NULL,0,0,0,0,0,0,NULL,NULL,NULL,NULL,0,0,NULL,0,0,0,0,0,0,NULL,NULL,NULL,NULL,0,0,NULL,0,0,0),(23553,15959,0,0,0,NULL,NULL,NULL,NULL,0,0,NULL,0,0,0,0,0,0,NULL,NULL,NULL,NULL,0,0,NULL,0,0,0,0,0,0,NULL,NULL,NULL,NULL,0,0,NULL,0,0,0,0,0,0,NULL,NULL,NULL,NULL,0,0,NULL,0,0,0),(23579,8497,1,0,1,'2016-04-19 09:18:00',NULL,NULL,'Donnie Rocapor Gallocanta, Programmer',1,1,'1null',2,1,1,0,0,0,NULL,NULL,NULL,NULL,0,0,NULL,0,0,0,0,0,0,NULL,NULL,NULL,NULL,0,0,NULL,0,0,0,0,0,0,NULL,NULL,NULL,NULL,0,0,NULL,0,0,0),(23704,8034,0,0,0,NULL,NULL,NULL,NULL,0,0,NULL,0,0,0,0,0,0,NULL,NULL,NULL,NULL,0,0,NULL,0,0,0,0,0,0,NULL,NULL,NULL,NULL,0,0,NULL,0,0,0,0,0,0,NULL,NULL,NULL,NULL,0,0,NULL,0,0,0),(23803,30155,0,0,0,NULL,'2016-04-11 08:58:00','Aris Reynold V. Cajigal, Extension Director',NULL,0,0,'null',0,0,0,0,0,0,NULL,NULL,NULL,NULL,0,0,NULL,0,0,0,0,0,0,NULL,NULL,NULL,NULL,0,0,NULL,0,0,0,0,0,0,NULL,NULL,NULL,NULL,0,0,NULL,0,0,0),(23903,27463,0,0,0,'2016-04-11 15:38:00','2016-04-08 14:33:00','Roy Gerson Balcita Torres, PEO 1','Roy Gerson Balcita Torres, PEO 1',0,0,'null',0,0,0,0,0,0,NULL,'2016-04-14 14:01:00','Donnie Rocapor Gallocanta, Programmer',NULL,0,0,'null',NULL,0,0,0,0,0,NULL,NULL,NULL,NULL,0,0,NULL,0,0,0,0,0,0,NULL,NULL,NULL,NULL,0,0,NULL,0,0,0),(23936,1,0,0,0,NULL,NULL,NULL,NULL,0,0,NULL,0,0,0,0,0,0,NULL,NULL,NULL,NULL,0,0,NULL,0,0,0,0,0,0,NULL,NULL,NULL,NULL,0,0,NULL,0,0,0,0,0,0,NULL,NULL,NULL,NULL,0,0,NULL,0,0,0),(24011,8497,1,0,1,'2016-04-19 09:18:00',NULL,NULL,'Donnie Rocapor Gallocanta, Programmer',11,1,'1null',12,1,1,0,0,0,NULL,NULL,NULL,NULL,0,0,NULL,0,0,0,0,0,0,NULL,NULL,NULL,NULL,0,0,NULL,0,0,0,0,0,0,NULL,NULL,NULL,NULL,0,0,NULL,0,0,0),(24040,9001,0,0,0,NULL,NULL,NULL,NULL,0,0,NULL,0,0,0,0,0,0,NULL,NULL,NULL,NULL,0,0,NULL,0,0,0,0,0,0,NULL,NULL,NULL,NULL,0,0,NULL,0,0,0,0,0,0,NULL,NULL,NULL,NULL,0,0,NULL,0,0,0),(24060,23393,0,0,0,'2016-04-19 17:23:00','2016-04-11 16:41:00','  , ','Donnie Rocapor Gallocanta, Programmer',0,0,'null',0,0,0,0,0,0,'2016-04-18 11:35:00',NULL,NULL,'Donnie Rocapor Gallocanta, Programmer',0,0,'null',NULL,0,0,0,0,0,NULL,NULL,NULL,NULL,0,0,NULL,0,0,0,0,0,0,NULL,NULL,NULL,NULL,0,0,NULL,0,0,0),(24119,30155,0,0,0,NULL,'2016-04-11 08:58:00','Aris Reynold V. Cajigal, Extension Director',NULL,0,0,'null',0,0,0,0,0,0,NULL,NULL,NULL,NULL,0,0,NULL,0,0,0,0,0,0,NULL,NULL,NULL,NULL,0,0,NULL,0,0,0,0,0,0,NULL,NULL,NULL,NULL,0,0,NULL,0,0,0),(24158,8497,1,0,11,'2016-04-19 09:18:00',NULL,NULL,'Donnie Rocapor Gallocanta, Programmer',1,1,'1null',2,1,11,0,0,0,NULL,NULL,NULL,NULL,0,0,NULL,0,0,0,0,0,0,NULL,NULL,NULL,NULL,0,0,NULL,0,0,0,0,0,0,NULL,NULL,NULL,NULL,0,0,NULL,0,0,0),(24162,15959,0,0,0,NULL,NULL,NULL,NULL,0,0,NULL,0,0,0,0,0,0,NULL,NULL,NULL,NULL,0,0,NULL,0,0,0,0,0,0,NULL,NULL,NULL,NULL,0,0,NULL,0,0,0,0,0,0,NULL,NULL,NULL,NULL,0,0,NULL,0,0,0),(24181,1,0,0,0,NULL,NULL,NULL,NULL,0,0,NULL,0,0,0,0,0,0,NULL,NULL,NULL,NULL,0,0,NULL,0,0,0,0,0,0,NULL,NULL,NULL,NULL,0,0,NULL,0,0,0,0,0,0,NULL,NULL,NULL,NULL,0,0,NULL,0,0,0),(24396,8497,1,0,1,'2016-04-19 09:18:00',NULL,NULL,'Donnie Rocapor Gallocanta, Programmer',1,1,'1null',2,1,11,0,0,0,NULL,NULL,NULL,NULL,0,0,NULL,0,0,0,0,0,0,NULL,NULL,NULL,NULL,0,0,NULL,0,0,0,0,0,0,NULL,NULL,NULL,NULL,0,0,NULL,0,0,0),(24401,8497,1,0,1,'2016-04-19 09:18:00',NULL,NULL,'Donnie Rocapor Gallocanta, Programmer',1,1,'1null',2,1,1,0,0,0,NULL,NULL,NULL,NULL,0,0,NULL,0,0,0,0,0,0,NULL,NULL,NULL,NULL,0,0,NULL,0,0,0,0,0,0,NULL,NULL,NULL,NULL,0,0,NULL,0,0,0),(24412,8497,1,0,1,'2016-04-19 09:18:00',NULL,NULL,'Donnie Rocapor Gallocanta, Programmer',1,1,'1null',2,11,1,0,0,0,NULL,NULL,NULL,NULL,0,0,NULL,0,0,0,0,0,0,NULL,NULL,NULL,NULL,0,0,NULL,0,0,0,0,0,0,NULL,NULL,NULL,NULL,0,0,NULL,0,0,0),(24525,1,0,0,0,NULL,NULL,NULL,NULL,0,0,NULL,0,0,0,0,0,0,NULL,NULL,NULL,NULL,0,0,NULL,0,0,0,0,0,0,NULL,NULL,NULL,NULL,0,0,NULL,0,0,0,0,0,0,NULL,NULL,NULL,NULL,0,0,NULL,0,0,0),(24541,30155,0,0,0,NULL,'2016-04-11 08:58:00','Aris Reynold V. Cajigal, Extension Director',NULL,0,0,'null',0,0,0,0,0,0,NULL,NULL,NULL,NULL,0,0,NULL,0,0,0,0,0,0,NULL,NULL,NULL,NULL,0,0,NULL,0,0,0,0,0,0,NULL,NULL,NULL,NULL,0,0,NULL,0,0,0),(24655,30155,0,0,0,NULL,'2016-04-11 08:58:00','Aris Reynold V. Cajigal, Extension Director',NULL,0,0,'null',0,0,0,0,0,0,NULL,NULL,NULL,NULL,0,0,NULL,0,0,0,0,0,0,NULL,NULL,NULL,NULL,0,0,NULL,0,0,0,0,0,0,NULL,NULL,NULL,NULL,0,0,NULL,0,0,0),(24903,23393,20,0,0,'2016-04-19 17:23:00','2016-04-11 16:41:00','  , ','Donnie Rocapor Gallocanta, Programmer',0,1500000,'null',1500000,1500000,0,0,0,0,'2016-04-18 11:35:00',NULL,NULL,'Donnie Rocapor Gallocanta, Programmer',0,0,'null',NULL,0,0,0,0,0,NULL,NULL,NULL,NULL,0,0,NULL,0,0,0,0,0,0,NULL,NULL,NULL,NULL,0,0,NULL,0,0,0),(24911,9001,0,0,0,NULL,NULL,NULL,NULL,0,0,NULL,0,0,0,0,0,0,NULL,NULL,NULL,NULL,0,0,NULL,0,0,0,0,0,0,NULL,NULL,NULL,NULL,0,0,NULL,0,0,0,0,0,0,NULL,NULL,NULL,NULL,0,0,NULL,0,0,0),(24927,8156,0,0,0,NULL,NULL,NULL,NULL,0,0,NULL,0,0,0,0,0,0,NULL,NULL,NULL,NULL,0,0,NULL,0,0,0,0,0,0,NULL,NULL,NULL,NULL,0,0,NULL,0,0,0,0,0,0,NULL,NULL,NULL,NULL,0,0,NULL,0,0,0),(24929,23393,0,0,0,'2016-04-19 17:23:00','2016-04-11 16:41:00','  , ','Donnie Rocapor Gallocanta, Programmer',0,0,'null',0,0,0,0,0,0,'2016-04-18 11:35:00',NULL,NULL,'Donnie Rocapor Gallocanta, Programmer',0,0,'null',NULL,0,0,0,0,0,NULL,NULL,NULL,NULL,0,0,NULL,0,0,0,0,0,0,NULL,NULL,NULL,NULL,0,0,NULL,0,0,0),(25000,23393,0,0,0,'2016-04-19 17:23:00','2016-04-11 16:41:00','  , ','Donnie Rocapor Gallocanta, Programmer',0,0,'null',0,0,0,0,0,0,'2016-04-18 11:35:00',NULL,NULL,'Donnie Rocapor Gallocanta, Programmer',0,0,'null',NULL,0,0,0,0,0,NULL,NULL,NULL,NULL,0,0,NULL,0,0,0,0,0,0,NULL,NULL,NULL,NULL,0,0,NULL,0,0,0),(25032,28499,0,0,0,NULL,NULL,NULL,NULL,0,0,NULL,0,0,0,0,0,0,NULL,NULL,NULL,NULL,0,0,NULL,0,0,0,0,0,0,NULL,NULL,NULL,NULL,0,0,NULL,0,0,0,0,0,0,NULL,NULL,NULL,NULL,0,0,NULL,0,0,0),(25175,8497,11,0,1,'2016-04-19 09:18:00',NULL,NULL,'Donnie Rocapor Gallocanta, Programmer',1,1,'1null',2,1,1,0,0,0,NULL,NULL,NULL,NULL,0,0,NULL,0,0,0,0,0,0,NULL,NULL,NULL,NULL,0,0,NULL,0,0,0,0,0,0,NULL,NULL,NULL,NULL,0,0,NULL,0,0,0),(25277,8497,1,0,1,'2016-04-19 09:18:00',NULL,NULL,'Donnie Rocapor Gallocanta, Programmer',1,1,'1null',2,1,1,0,0,0,NULL,NULL,NULL,NULL,0,0,NULL,0,0,0,0,0,0,NULL,NULL,NULL,NULL,0,0,NULL,0,0,0,0,0,0,NULL,NULL,NULL,NULL,0,0,NULL,0,0,0),(25365,8497,1,0,1,'2016-04-19 09:18:00',NULL,NULL,'Donnie Rocapor Gallocanta, Programmer',1,1,'1null',2,1,11,0,0,0,NULL,NULL,NULL,NULL,0,0,NULL,0,0,0,0,0,0,NULL,NULL,NULL,NULL,0,0,NULL,0,0,0,0,0,0,NULL,NULL,NULL,NULL,0,0,NULL,0,0,0),(25499,8156,0,0,0,NULL,NULL,NULL,NULL,0,0,NULL,0,0,0,0,0,0,NULL,NULL,NULL,NULL,0,0,NULL,0,0,0,0,0,0,NULL,NULL,NULL,NULL,0,0,NULL,0,0,0,0,0,0,NULL,NULL,NULL,NULL,0,0,NULL,0,0,0),(25513,8515,0,0,0,NULL,NULL,NULL,NULL,0,0,NULL,0,0,0,0,0,0,NULL,NULL,NULL,NULL,0,0,NULL,0,0,0,0,0,0,NULL,NULL,NULL,NULL,0,0,NULL,0,0,0,0,0,0,NULL,NULL,NULL,NULL,0,0,NULL,0,0,0),(25516,27463,3,0,0,'2016-04-11 15:38:00','2016-04-08 14:33:00','Roy Gerson Balcita Torres, PEO 1','Roy Gerson Balcita Torres, PEO 1',0,38500,'null',38500,75000,38500,0,0,0,NULL,'2016-04-14 14:01:00','Donnie Rocapor Gallocanta, Programmer',NULL,0,0,'null',NULL,0,0,0,0,0,NULL,NULL,NULL,NULL,0,0,NULL,0,0,0,0,0,0,NULL,NULL,NULL,NULL,0,0,NULL,0,0,0),(25542,8497,1,0,1,'2016-04-19 09:18:00',NULL,NULL,'Donnie Rocapor Gallocanta, Programmer',1,1,'1null',2,1,1,0,0,0,NULL,NULL,NULL,NULL,0,0,NULL,0,0,0,0,0,0,NULL,NULL,NULL,NULL,0,0,NULL,0,0,0,0,0,0,NULL,NULL,NULL,NULL,0,0,NULL,0,0,0),(25670,8497,1,0,11,'2016-04-19 09:18:00',NULL,NULL,'Donnie Rocapor Gallocanta, Programmer',1,1,'1null',2,1,1,0,0,0,NULL,NULL,NULL,NULL,0,0,NULL,0,0,0,0,0,0,NULL,NULL,NULL,NULL,0,0,NULL,0,0,0,0,0,0,NULL,NULL,NULL,NULL,0,0,NULL,0,0,0),(25743,8497,0,0,0,'2016-04-19 09:18:00',NULL,NULL,'Donnie Rocapor Gallocanta, Programmer',0,0,'0null',0,0,0,0,0,0,NULL,NULL,NULL,NULL,0,0,NULL,0,0,0,0,0,0,NULL,NULL,NULL,NULL,0,0,NULL,0,0,0,0,0,0,NULL,NULL,NULL,NULL,0,0,NULL,0,0,0),(25780,9001,0,0,0,NULL,NULL,NULL,NULL,0,0,NULL,0,0,0,0,0,0,NULL,NULL,NULL,NULL,0,0,NULL,0,0,0,0,0,0,NULL,NULL,NULL,NULL,0,0,NULL,0,0,0,0,0,0,NULL,NULL,NULL,NULL,0,0,NULL,0,0,0),(25803,8156,0,0,0,NULL,NULL,NULL,NULL,0,0,NULL,0,0,0,0,0,0,NULL,NULL,NULL,NULL,0,0,NULL,0,0,0,0,0,0,NULL,NULL,NULL,NULL,0,0,NULL,0,0,0,0,0,0,NULL,NULL,NULL,NULL,0,0,NULL,0,0,0),(26059,23393,0,0,0,'2016-04-19 17:23:00','2016-04-11 16:41:00','  , ','Donnie Rocapor Gallocanta, Programmer',0,0,'null',0,0,0,0,0,0,'2016-04-18 11:35:00',NULL,NULL,'Donnie Rocapor Gallocanta, Programmer',0,0,'null',NULL,0,0,0,0,0,NULL,NULL,NULL,NULL,0,0,NULL,0,0,0,0,0,0,NULL,NULL,NULL,NULL,0,0,NULL,0,0,0),(26084,16072,0,0,0,'2016-04-15 12:07:00','2016-04-15 12:05:00','Donnie Rocapor Gallocanta, Programmer','Donnie Rocapor Gallocanta, Programmer',0,0,'0null',0,0,0,0,0,0,NULL,NULL,NULL,NULL,0,0,NULL,0,0,0,0,0,0,NULL,NULL,NULL,NULL,0,0,NULL,0,0,0,0,0,0,NULL,NULL,NULL,NULL,0,0,NULL,0,0,0),(26175,8156,0,0,0,NULL,NULL,NULL,NULL,0,0,NULL,0,0,0,0,0,0,NULL,NULL,NULL,NULL,0,0,NULL,0,0,0,0,0,0,NULL,NULL,NULL,NULL,0,0,NULL,0,0,0,0,0,0,NULL,NULL,NULL,NULL,0,0,NULL,0,0,0),(26297,8515,0,0,0,NULL,NULL,NULL,NULL,0,0,NULL,0,0,0,0,0,0,NULL,NULL,NULL,NULL,0,0,NULL,0,0,0,0,0,0,NULL,NULL,NULL,NULL,0,0,NULL,0,0,0,0,0,0,NULL,NULL,NULL,NULL,0,0,NULL,0,0,0),(26475,17089,0,0,0,NULL,NULL,NULL,NULL,0,0,NULL,0,0,0,0,0,0,NULL,NULL,NULL,NULL,0,0,NULL,0,0,0,0,0,0,NULL,NULL,NULL,NULL,0,0,NULL,0,0,0,0,0,0,NULL,NULL,NULL,NULL,0,0,NULL,0,0,0),(26497,28499,0,0,0,NULL,NULL,NULL,NULL,0,0,NULL,0,0,0,0,0,0,NULL,NULL,NULL,NULL,0,0,NULL,0,0,0,0,0,0,NULL,NULL,NULL,NULL,0,0,NULL,0,0,0,0,0,0,NULL,NULL,NULL,NULL,0,0,NULL,0,0,0),(26691,16072,0,0,0,'2016-04-15 12:07:00','2016-04-15 12:05:00','Donnie Rocapor Gallocanta, Programmer','Donnie Rocapor Gallocanta, Programmer',0,0,'0null',0,0,0,0,0,0,NULL,NULL,NULL,NULL,0,0,NULL,0,0,0,0,0,0,NULL,NULL,NULL,NULL,0,0,NULL,0,0,0,0,0,0,NULL,NULL,NULL,NULL,0,0,NULL,0,0,0),(26709,17344,0,0,0,NULL,NULL,NULL,NULL,0,0,NULL,0,0,0,0,0,0,NULL,NULL,NULL,NULL,0,0,NULL,0,0,0,0,0,0,NULL,NULL,NULL,NULL,0,0,NULL,0,0,0,0,0,0,NULL,NULL,NULL,NULL,0,0,NULL,0,0,0),(26742,30155,0,0,0,NULL,'2016-04-11 08:58:00','Aris Reynold V. Cajigal, Extension Director',NULL,0,0,'null',0,0,0,0,0,0,NULL,NULL,NULL,NULL,0,0,NULL,0,0,0,0,0,0,NULL,NULL,NULL,NULL,0,0,NULL,0,0,0,0,0,0,NULL,NULL,NULL,NULL,0,0,NULL,0,0,0),(26791,30155,0,0,0,NULL,'2016-04-11 08:58:00','Aris Reynold V. Cajigal, Extension Director',NULL,0,0,'null',0,0,0,0,0,0,NULL,NULL,NULL,NULL,0,0,NULL,0,0,0,0,0,0,NULL,NULL,NULL,NULL,0,0,NULL,0,0,0,0,0,0,NULL,NULL,NULL,NULL,0,0,NULL,0,0,0),(26807,8497,1,0,1,'2016-04-19 09:18:00',NULL,NULL,'Donnie Rocapor Gallocanta, Programmer',1,1,'1null',2,11,11,0,0,0,NULL,NULL,NULL,NULL,0,0,NULL,0,0,0,0,0,0,NULL,NULL,NULL,NULL,0,0,NULL,0,0,0,0,0,0,NULL,NULL,NULL,NULL,0,0,NULL,0,0,0),(26896,8034,0,0,0,NULL,NULL,NULL,NULL,0,0,NULL,0,0,0,0,0,0,NULL,NULL,NULL,NULL,0,0,NULL,0,0,0,0,0,0,NULL,NULL,NULL,NULL,0,0,NULL,0,0,0,0,0,0,NULL,NULL,NULL,NULL,0,0,NULL,0,0,0),(26933,16072,0,0,0,'2016-04-15 12:07:00','2016-04-15 12:05:00','Donnie Rocapor Gallocanta, Programmer','Donnie Rocapor Gallocanta, Programmer',0,0,'0null',0,0,0,0,0,0,NULL,NULL,NULL,NULL,0,0,NULL,0,0,0,0,0,0,NULL,NULL,NULL,NULL,0,0,NULL,0,0,0,0,0,0,NULL,NULL,NULL,NULL,0,0,NULL,0,0,0),(26935,9001,0,0,0,NULL,NULL,NULL,NULL,0,0,NULL,0,0,0,0,0,0,NULL,NULL,NULL,NULL,0,0,NULL,0,0,0,0,0,0,NULL,NULL,NULL,NULL,0,0,NULL,0,0,0,0,0,0,NULL,NULL,NULL,NULL,0,0,NULL,0,0,0),(26947,27238,0,0,0,NULL,NULL,NULL,NULL,0,0,NULL,0,0,0,0,0,0,NULL,NULL,NULL,NULL,0,0,NULL,0,0,0,0,0,0,NULL,NULL,NULL,NULL,0,0,NULL,0,0,0,0,0,0,NULL,NULL,NULL,NULL,0,0,NULL,0,0,0),(27144,8497,1,0,11,'2016-04-19 09:18:00',NULL,NULL,'Donnie Rocapor Gallocanta, Programmer',1,1,'1null',2,1,1,0,0,0,NULL,NULL,NULL,NULL,0,0,NULL,0,0,0,0,0,0,NULL,NULL,NULL,NULL,0,0,NULL,0,0,0,0,0,0,NULL,NULL,NULL,NULL,0,0,NULL,0,0,0),(27273,30155,0,0,0,NULL,'2016-04-11 08:58:00','Aris Reynold V. Cajigal, Extension Director',NULL,0,0,'null',0,0,0,0,0,0,NULL,NULL,NULL,NULL,0,0,NULL,0,0,0,0,0,0,NULL,NULL,NULL,NULL,0,0,NULL,0,0,0,0,0,0,NULL,NULL,NULL,NULL,0,0,NULL,0,0,0),(27364,30155,0,0,0,NULL,'2016-04-11 08:58:00','Aris Reynold V. Cajigal, Extension Director',NULL,0,0,'null',0,0,0,0,0,0,NULL,NULL,NULL,NULL,0,0,NULL,0,0,0,0,0,0,NULL,NULL,NULL,NULL,0,0,NULL,0,0,0,0,0,0,NULL,NULL,NULL,NULL,0,0,NULL,0,0,0),(27378,8497,1,0,1,'2016-04-19 09:18:00',NULL,NULL,'Donnie Rocapor Gallocanta, Programmer',1,11,'1null',12,1,1,0,0,0,NULL,NULL,NULL,NULL,0,0,NULL,0,0,0,0,0,0,NULL,NULL,NULL,NULL,0,0,NULL,0,0,0,0,0,0,NULL,NULL,NULL,NULL,0,0,NULL,0,0,0),(27404,30155,0,0,0,NULL,'2016-04-11 08:58:00','Aris Reynold V. Cajigal, Extension Director',NULL,0,0,'null',0,0,0,0,0,0,NULL,NULL,NULL,NULL,0,0,NULL,0,0,0,0,0,0,NULL,NULL,NULL,NULL,0,0,NULL,0,0,0,0,0,0,NULL,NULL,NULL,NULL,0,0,NULL,0,0,0),(27468,30155,0,0,0,NULL,'2016-04-11 08:58:00','Aris Reynold V. Cajigal, Extension Director',NULL,0,0,'null',0,0,0,0,0,0,NULL,NULL,NULL,NULL,0,0,NULL,0,0,0,0,0,0,NULL,NULL,NULL,NULL,0,0,NULL,0,0,0,0,0,0,NULL,NULL,NULL,NULL,0,0,NULL,0,0,0),(27607,17344,0,0,0,NULL,NULL,NULL,NULL,0,0,NULL,0,0,0,0,0,0,NULL,NULL,NULL,NULL,0,0,NULL,0,0,0,0,0,0,NULL,NULL,NULL,NULL,0,0,NULL,0,0,0,0,0,0,NULL,NULL,NULL,NULL,0,0,NULL,0,0,0),(27718,8156,0,0,0,NULL,NULL,NULL,NULL,0,0,NULL,0,0,0,0,0,0,NULL,NULL,NULL,NULL,0,0,NULL,0,0,0,0,0,0,NULL,NULL,NULL,NULL,0,0,NULL,0,0,0,0,0,0,NULL,NULL,NULL,NULL,0,0,NULL,0,0,0),(27733,16072,0,0,0,'2016-04-15 12:07:00','2016-04-15 12:05:00','Donnie Rocapor Gallocanta, Programmer','Donnie Rocapor Gallocanta, Programmer',0,0,'0null',0,0,0,0,0,0,NULL,NULL,NULL,NULL,0,0,NULL,0,0,0,0,0,0,NULL,NULL,NULL,NULL,0,0,NULL,0,0,0,0,0,0,NULL,NULL,NULL,NULL,0,0,NULL,0,0,0),(27790,30155,0,0,0,NULL,'2016-04-11 08:58:00','Aris Reynold V. Cajigal, Extension Director',NULL,0,0,'null',0,0,0,0,0,0,NULL,NULL,NULL,NULL,0,0,NULL,0,0,0,0,0,0,NULL,NULL,NULL,NULL,0,0,NULL,0,0,0,0,0,0,NULL,NULL,NULL,NULL,0,0,NULL,0,0,0),(27818,30155,0,0,0,NULL,'2016-04-11 08:58:00','Aris Reynold V. Cajigal, Extension Director',NULL,0,0,'null',0,0,0,0,0,0,NULL,NULL,NULL,NULL,0,0,NULL,0,0,0,0,0,0,NULL,NULL,NULL,NULL,0,0,NULL,0,0,0,0,0,0,NULL,NULL,NULL,NULL,0,0,NULL,0,0,0),(27824,8034,0,0,0,NULL,NULL,NULL,NULL,0,0,NULL,0,0,0,0,0,0,NULL,NULL,NULL,NULL,0,0,NULL,0,0,0,0,0,0,NULL,NULL,NULL,NULL,0,0,NULL,0,0,0,0,0,0,NULL,NULL,NULL,NULL,0,0,NULL,0,0,0),(27879,15959,0,0,0,NULL,NULL,NULL,NULL,0,0,NULL,0,0,0,0,0,0,NULL,NULL,NULL,NULL,0,0,NULL,0,0,0,0,0,0,NULL,NULL,NULL,NULL,0,0,NULL,0,0,0,0,0,0,NULL,NULL,NULL,NULL,0,0,NULL,0,0,0),(27889,8034,0,0,0,NULL,NULL,NULL,NULL,0,0,NULL,0,0,0,0,0,0,NULL,NULL,NULL,NULL,0,0,NULL,0,0,0,0,0,0,NULL,NULL,NULL,NULL,0,0,NULL,0,0,0,0,0,0,NULL,NULL,NULL,NULL,0,0,NULL,0,0,0),(27914,8497,1,0,1,'2016-04-19 09:18:00',NULL,NULL,'Donnie Rocapor Gallocanta, Programmer',11,1,'1null',12,1,1,0,0,0,NULL,NULL,NULL,NULL,0,0,NULL,0,0,0,0,0,0,NULL,NULL,NULL,NULL,0,0,NULL,0,0,0,0,0,0,NULL,NULL,NULL,NULL,0,0,NULL,0,0,0),(28062,23942,0,0,0,NULL,NULL,NULL,NULL,0,0,NULL,0,0,0,0,0,0,NULL,NULL,NULL,NULL,0,0,NULL,0,0,0,0,0,0,NULL,NULL,NULL,NULL,0,0,NULL,0,0,0,0,0,0,NULL,NULL,NULL,NULL,0,0,NULL,0,0,0),(28089,27238,0,0,0,NULL,NULL,NULL,NULL,0,0,NULL,0,0,0,0,0,0,NULL,NULL,NULL,NULL,0,0,NULL,0,0,0,0,0,0,NULL,NULL,NULL,NULL,0,0,NULL,0,0,0,0,0,0,NULL,NULL,NULL,NULL,0,0,NULL,0,0,0),(28158,28499,0,0,0,NULL,NULL,NULL,NULL,0,0,NULL,0,0,0,0,0,0,NULL,NULL,NULL,NULL,0,0,NULL,0,0,0,0,0,0,NULL,NULL,NULL,NULL,0,0,NULL,0,0,0,0,0,0,NULL,NULL,NULL,NULL,0,0,NULL,0,0,0),(28192,15959,0,0,0,NULL,NULL,NULL,NULL,0,0,NULL,0,0,0,0,0,0,NULL,NULL,NULL,NULL,0,0,NULL,0,0,0,0,0,0,NULL,NULL,NULL,NULL,0,0,NULL,0,0,0,0,0,0,NULL,NULL,NULL,NULL,0,0,NULL,0,0,0),(28204,8156,0,0,0,NULL,NULL,NULL,NULL,0,0,NULL,0,0,0,0,0,0,NULL,NULL,NULL,NULL,0,0,NULL,0,0,0,0,0,0,NULL,NULL,NULL,NULL,0,0,NULL,0,0,0,0,0,0,NULL,NULL,NULL,NULL,0,0,NULL,0,0,0),(28275,17344,0,0,0,NULL,NULL,NULL,NULL,0,0,NULL,0,0,0,0,0,0,NULL,NULL,NULL,NULL,0,0,NULL,0,0,0,0,0,0,NULL,NULL,NULL,NULL,0,0,NULL,0,0,0,0,0,0,NULL,NULL,NULL,NULL,0,0,NULL,0,0,0),(28569,8156,0,0,0,NULL,NULL,NULL,NULL,0,0,NULL,0,0,0,0,0,0,NULL,NULL,NULL,NULL,0,0,NULL,0,0,0,0,0,0,NULL,NULL,NULL,NULL,0,0,NULL,0,0,0,0,0,0,NULL,NULL,NULL,NULL,0,0,NULL,0,0,0),(28624,8497,1,0,1,'2016-04-19 09:18:00',NULL,NULL,'Donnie Rocapor Gallocanta, Programmer',1,1,'1null',2,11,1,0,0,0,NULL,NULL,NULL,NULL,0,0,NULL,0,0,0,0,0,0,NULL,NULL,NULL,NULL,0,0,NULL,0,0,0,0,0,0,NULL,NULL,NULL,NULL,0,0,NULL,0,0,0),(28633,17344,0,0,0,NULL,NULL,NULL,NULL,0,0,NULL,0,0,0,0,0,0,NULL,NULL,NULL,NULL,0,0,NULL,0,0,0,0,0,0,NULL,NULL,NULL,NULL,0,0,NULL,0,0,0,0,0,0,NULL,NULL,NULL,NULL,0,0,NULL,0,0,0),(28670,8034,0,0,0,NULL,NULL,NULL,NULL,0,0,NULL,0,0,0,0,0,0,NULL,NULL,NULL,NULL,0,0,NULL,0,0,0,0,0,0,NULL,NULL,NULL,NULL,0,0,NULL,0,0,0,0,0,0,NULL,NULL,NULL,NULL,0,0,NULL,0,0,0),(28682,27463,1,0,0,'2016-04-11 15:38:00','2016-04-08 14:33:00','Roy Gerson Balcita Torres, PEO 1','Roy Gerson Balcita Torres, PEO 1',0,4446,'null',4446,10000,4446,0,0,0,NULL,'2016-04-14 14:01:00','Donnie Rocapor Gallocanta, Programmer',NULL,0,0,'null',NULL,0,0,0,0,0,NULL,NULL,NULL,NULL,0,0,NULL,0,0,0,0,0,0,NULL,NULL,NULL,NULL,0,0,NULL,0,0,0),(28728,30155,0,0,0,NULL,'2016-04-11 08:58:00','Aris Reynold V. Cajigal, Extension Director',NULL,0,0,'null',0,0,0,0,0,0,NULL,NULL,NULL,NULL,0,0,NULL,0,0,0,0,0,0,NULL,NULL,NULL,NULL,0,0,NULL,0,0,0,0,0,0,NULL,NULL,NULL,NULL,0,0,NULL,0,0,0),(28756,9001,0,0,0,NULL,NULL,NULL,NULL,0,0,NULL,0,0,0,0,0,0,NULL,NULL,NULL,NULL,0,0,NULL,0,0,0,0,0,0,NULL,NULL,NULL,NULL,0,0,NULL,0,0,0,0,0,0,NULL,NULL,NULL,NULL,0,0,NULL,0,0,0),(28787,30155,0,0,0,NULL,'2016-04-11 08:58:00','Aris Reynold V. Cajigal, Extension Director',NULL,0,0,'null',0,0,0,0,0,0,NULL,NULL,NULL,NULL,0,0,NULL,0,0,0,0,0,0,NULL,NULL,NULL,NULL,0,0,NULL,0,0,0,0,0,0,NULL,NULL,NULL,NULL,0,0,NULL,0,0,0),(28795,27463,0,0,0,'2016-04-11 15:38:00','2016-04-08 14:33:00','Roy Gerson Balcita Torres, PEO 1','Roy Gerson Balcita Torres, PEO 1',0,0,'null',0,0,0,0,0,0,NULL,'2016-04-14 14:01:00','Donnie Rocapor Gallocanta, Programmer',NULL,0,0,'null',NULL,0,0,0,0,0,NULL,NULL,NULL,NULL,0,0,NULL,0,0,0,0,0,0,NULL,NULL,NULL,NULL,0,0,NULL,0,0,0),(28801,30155,0,0,0,NULL,'2016-04-11 08:58:00','Aris Reynold V. Cajigal, Extension Director',NULL,0,0,'null',0,0,0,0,0,0,NULL,NULL,NULL,NULL,0,0,NULL,0,0,0,0,0,0,NULL,NULL,NULL,NULL,0,0,NULL,0,0,0,0,0,0,NULL,NULL,NULL,NULL,0,0,NULL,0,0,0),(28802,8497,0,0,0,'2016-04-19 09:18:00',NULL,NULL,'Donnie Rocapor Gallocanta, Programmer',0,0,'0null',0,0,0,0,0,0,NULL,NULL,NULL,NULL,0,0,NULL,0,0,0,0,0,0,NULL,NULL,NULL,NULL,0,0,NULL,0,0,0,0,0,0,NULL,NULL,NULL,NULL,0,0,NULL,0,0,0),(28893,25988,1,0,0,NULL,'2016-04-04 12:49:00','Chricept T. Viloria, PDO IV',NULL,1,1,'null',2,1,1,0,0,0,NULL,NULL,NULL,NULL,0,0,NULL,0,0,0,0,0,0,NULL,NULL,NULL,NULL,0,0,NULL,0,0,0,0,0,0,NULL,NULL,NULL,NULL,0,0,NULL,0,0,0),(28976,30155,0,0,0,NULL,'2016-04-11 08:58:00','Aris Reynold V. Cajigal, Extension Director',NULL,0,0,'null',0,0,0,0,0,0,NULL,NULL,NULL,NULL,0,0,NULL,0,0,0,0,0,0,NULL,NULL,NULL,NULL,0,0,NULL,0,0,0,0,0,0,NULL,NULL,NULL,NULL,0,0,NULL,0,0,0),(29216,8497,0,0,0,'2016-04-19 09:18:00',NULL,NULL,'Donnie Rocapor Gallocanta, Programmer',0,0,'0null',0,0,0,0,0,0,NULL,NULL,NULL,NULL,0,0,NULL,0,0,0,0,0,0,NULL,NULL,NULL,NULL,0,0,NULL,0,0,0,0,0,0,NULL,NULL,NULL,NULL,0,0,NULL,0,0,0),(29298,15959,0,0,0,NULL,NULL,NULL,NULL,0,0,NULL,0,0,0,0,0,0,NULL,NULL,NULL,NULL,0,0,NULL,0,0,0,0,0,0,NULL,NULL,NULL,NULL,0,0,NULL,0,0,0,0,0,0,NULL,NULL,NULL,NULL,0,0,NULL,0,0,0),(29565,15959,0,0,0,NULL,NULL,NULL,NULL,0,0,NULL,0,0,0,0,0,0,NULL,NULL,NULL,NULL,0,0,NULL,0,0,0,0,0,0,NULL,NULL,NULL,NULL,0,0,NULL,0,0,0,0,0,0,NULL,NULL,NULL,NULL,0,0,NULL,0,0,0),(29622,8497,0,0,0,'2016-04-19 09:18:00',NULL,NULL,'Donnie Rocapor Gallocanta, Programmer',0,0,'0null',0,0,0,0,0,0,NULL,NULL,NULL,NULL,0,0,NULL,0,0,0,0,0,0,NULL,NULL,NULL,NULL,0,0,NULL,0,0,0,0,0,0,NULL,NULL,NULL,NULL,0,0,NULL,0,0,0),(29671,8497,0,0,0,'2016-04-19 09:18:00',NULL,NULL,'Donnie Rocapor Gallocanta, Programmer',0,0,'0null',0,0,0,0,0,0,NULL,NULL,NULL,NULL,0,0,NULL,0,0,0,0,0,0,NULL,NULL,NULL,NULL,0,0,NULL,0,0,0,0,0,0,NULL,NULL,NULL,NULL,0,0,NULL,0,0,0),(29717,17344,0,0,0,NULL,NULL,NULL,NULL,0,0,NULL,0,0,0,0,0,0,NULL,NULL,NULL,NULL,0,0,NULL,0,0,0,0,0,0,NULL,NULL,NULL,NULL,0,0,NULL,0,0,0,0,0,0,NULL,NULL,NULL,NULL,0,0,NULL,0,0,0),(29800,30155,0,0,0,NULL,'2016-04-11 08:58:00','Aris Reynold V. Cajigal, Extension Director',NULL,0,0,'null',0,0,0,0,0,0,NULL,NULL,NULL,NULL,0,0,NULL,0,0,0,0,0,0,NULL,NULL,NULL,NULL,0,0,NULL,0,0,0,0,0,0,NULL,NULL,NULL,NULL,0,0,NULL,0,0,0),(29864,8156,0,0,0,NULL,NULL,NULL,NULL,0,0,NULL,0,0,0,0,0,0,NULL,NULL,NULL,NULL,0,0,NULL,0,0,0,0,0,0,NULL,NULL,NULL,NULL,0,0,NULL,0,0,0,0,0,0,NULL,NULL,NULL,NULL,0,0,NULL,0,0,0),(29888,9001,0,0,0,NULL,NULL,NULL,NULL,0,0,NULL,0,0,0,0,0,0,NULL,NULL,NULL,NULL,0,0,NULL,0,0,0,0,0,0,NULL,NULL,NULL,NULL,0,0,NULL,0,0,0,0,0,0,NULL,NULL,NULL,NULL,0,0,NULL,0,0,0),(29889,23393,386,0,1620,'2016-04-19 17:23:00','2016-04-11 16:41:00','  , ','Donnie Rocapor Gallocanta, Programmer',0,3569400,'null',3569400,3569400,0,0,0,0,'2016-04-18 11:35:00',NULL,NULL,'Donnie Rocapor Gallocanta, Programmer',0,0,'null',NULL,0,0,0,0,0,NULL,NULL,NULL,NULL,0,0,NULL,0,0,0,0,0,0,NULL,NULL,NULL,NULL,0,0,NULL,0,0,0),(29964,8497,0,0,0,'2016-04-19 09:18:00',NULL,NULL,'Donnie Rocapor Gallocanta, Programmer',0,0,'0null',0,0,0,0,0,0,NULL,NULL,NULL,NULL,0,0,NULL,0,0,0,0,0,0,NULL,NULL,NULL,NULL,0,0,NULL,0,0,0,0,0,0,NULL,NULL,NULL,NULL,0,0,NULL,0,0,0),(29997,30155,0,0,0,NULL,'2016-04-11 08:58:00','Aris Reynold V. Cajigal, Extension Director',NULL,0,0,'null',0,0,0,0,0,0,NULL,NULL,NULL,NULL,0,0,NULL,0,0,0,0,0,0,NULL,NULL,NULL,NULL,0,0,NULL,0,0,0,0,0,0,NULL,NULL,NULL,NULL,0,0,NULL,0,0,0),(30019,27238,0,0,0,NULL,NULL,NULL,NULL,0,0,NULL,0,0,0,0,0,0,NULL,NULL,NULL,NULL,0,0,NULL,0,0,0,0,0,0,NULL,NULL,NULL,NULL,0,0,NULL,0,0,0,0,0,0,NULL,NULL,NULL,NULL,0,0,NULL,0,0,0),(30027,27463,0,0,0,'2016-04-11 15:38:00','2016-04-08 14:33:00','Roy Gerson Balcita Torres, PEO 1','Roy Gerson Balcita Torres, PEO 1',0,0,'null',0,0,0,0,0,0,NULL,'2016-04-14 14:01:00','Donnie Rocapor Gallocanta, Programmer',NULL,0,0,'null',NULL,0,0,0,0,0,NULL,NULL,NULL,NULL,0,0,NULL,0,0,0,0,0,0,NULL,NULL,NULL,NULL,0,0,NULL,0,0,0),(30113,9001,0,0,0,NULL,NULL,NULL,NULL,0,0,NULL,0,0,0,0,0,0,NULL,NULL,NULL,NULL,0,0,NULL,0,0,0,0,0,0,NULL,NULL,NULL,NULL,0,0,NULL,0,0,0,0,0,0,NULL,NULL,NULL,NULL,0,0,NULL,0,0,0),(30191,8497,0,0,0,'2016-04-19 09:18:00',NULL,NULL,'Donnie Rocapor Gallocanta, Programmer',0,0,'0null',0,0,0,0,0,0,NULL,NULL,NULL,NULL,0,0,NULL,0,0,0,0,0,0,NULL,NULL,NULL,NULL,0,0,NULL,0,0,0,0,0,0,NULL,NULL,NULL,NULL,0,0,NULL,0,0,0),(30290,8497,0,0,0,'2016-04-19 09:18:00',NULL,NULL,'Donnie Rocapor Gallocanta, Programmer',0,0,'0null',0,0,0,0,0,0,NULL,NULL,NULL,NULL,0,0,NULL,0,0,0,0,0,0,NULL,NULL,NULL,NULL,0,0,NULL,0,0,0,0,0,0,NULL,NULL,NULL,NULL,0,0,NULL,0,0,0),(30296,16072,0,0,0,'2016-04-15 12:07:00','2016-04-15 12:05:00','Donnie Rocapor Gallocanta, Programmer','Donnie Rocapor Gallocanta, Programmer',0,0,'0null',0,0,0,0,0,0,NULL,NULL,NULL,NULL,0,0,NULL,0,0,0,0,0,0,NULL,NULL,NULL,NULL,0,0,NULL,0,0,0,0,0,0,NULL,NULL,NULL,NULL,0,0,NULL,0,0,0),(30521,27463,41,0,0,'2016-04-11 15:38:00','2016-04-08 14:33:00','Roy Gerson Balcita Torres, PEO 1','Roy Gerson Balcita Torres, PEO 1',0,0,'No LGU processed claims for reimbursement for First Quarter. Claims for reimbursement will be reflected on succeeding quarters.  ',0,0,0,0,0,0,NULL,'2016-04-14 14:01:00','Donnie Rocapor Gallocanta, Programmer',NULL,0,0,'null',NULL,0,0,0,0,0,NULL,NULL,NULL,NULL,0,0,NULL,0,0,0,0,0,0,NULL,NULL,NULL,NULL,0,0,NULL,0,0,0),(30929,8497,0,0,0,'2016-04-19 09:18:00',NULL,NULL,'Donnie Rocapor Gallocanta, Programmer',0,0,'00null',0,0,0,0,0,0,NULL,NULL,NULL,NULL,0,0,NULL,0,0,0,0,0,0,NULL,NULL,NULL,NULL,0,0,NULL,0,0,0,0,0,0,NULL,NULL,NULL,NULL,0,0,NULL,0,0,0),(30973,8156,0,0,0,NULL,NULL,NULL,NULL,0,0,NULL,0,0,0,0,0,0,NULL,NULL,NULL,NULL,0,0,NULL,0,0,0,0,0,0,NULL,NULL,NULL,NULL,0,0,NULL,0,0,0,0,0,0,NULL,NULL,NULL,NULL,0,0,NULL,0,0,0),(31011,8034,0,0,0,NULL,NULL,NULL,NULL,0,0,NULL,0,0,0,0,0,0,NULL,NULL,NULL,NULL,0,0,NULL,0,0,0,0,0,0,NULL,NULL,NULL,NULL,0,0,NULL,0,0,0,0,0,0,NULL,NULL,NULL,NULL,0,0,NULL,0,0,0),(31058,30155,0,0,0,NULL,'2016-04-11 08:58:00','Aris Reynold V. Cajigal, Extension Director',NULL,0,0,'null',0,0,0,0,0,0,NULL,NULL,NULL,NULL,0,0,NULL,0,0,0,0,0,0,NULL,NULL,NULL,NULL,0,0,NULL,0,0,0,0,0,0,NULL,NULL,NULL,NULL,0,0,NULL,0,0,0),(31091,8497,0,0,0,'2016-04-19 09:18:00',NULL,NULL,'Donnie Rocapor Gallocanta, Programmer',0,0,'00null',0,0,0,0,0,0,NULL,NULL,NULL,NULL,0,0,NULL,0,0,0,0,0,0,NULL,NULL,NULL,NULL,0,0,NULL,0,0,0,0,0,0,NULL,NULL,NULL,NULL,0,0,NULL,0,0,0),(31144,8497,0,0,0,'2016-04-19 09:18:00',NULL,NULL,'Donnie Rocapor Gallocanta, Programmer',0,0,'0null',0,0,0,0,0,0,NULL,NULL,NULL,NULL,0,0,NULL,0,0,0,0,0,0,NULL,NULL,NULL,NULL,0,0,NULL,0,0,0,0,0,0,NULL,NULL,NULL,NULL,0,0,NULL,0,0,0),(31278,17089,0,0,0,NULL,NULL,NULL,NULL,0,0,NULL,0,0,0,0,0,0,NULL,NULL,NULL,NULL,0,0,NULL,0,0,0,0,0,0,NULL,NULL,NULL,NULL,0,0,NULL,0,0,0,0,0,0,NULL,NULL,NULL,NULL,0,0,NULL,0,0,0),(31289,30155,0,0,0,NULL,'2016-04-11 08:58:00','Aris Reynold V. Cajigal, Extension Director',NULL,0,0,'null',0,0,0,0,0,0,NULL,NULL,NULL,NULL,0,0,NULL,0,0,0,0,0,0,NULL,NULL,NULL,NULL,0,0,NULL,0,0,0,0,0,0,NULL,NULL,NULL,NULL,0,0,NULL,0,0,0),(31387,27238,0,0,0,NULL,NULL,NULL,NULL,0,0,NULL,0,0,0,0,0,0,NULL,NULL,NULL,NULL,0,0,NULL,0,0,0,0,0,0,NULL,NULL,NULL,NULL,0,0,NULL,0,0,0,0,0,0,NULL,NULL,NULL,NULL,0,0,NULL,0,0,0),(31405,8497,0,0,0,'2016-04-19 09:18:00',NULL,NULL,'Donnie Rocapor Gallocanta, Programmer',0,0,'0null',0,0,0,0,0,0,NULL,NULL,NULL,NULL,0,0,NULL,0,0,0,0,0,0,NULL,NULL,NULL,NULL,0,0,NULL,0,0,0,0,0,0,NULL,NULL,NULL,NULL,0,0,NULL,0,0,0),(31449,8497,0,0,0,'2016-04-19 09:18:00',NULL,NULL,'Donnie Rocapor Gallocanta, Programmer',0,0,'0null',0,0,0,0,0,0,NULL,NULL,NULL,NULL,0,0,NULL,0,0,0,0,0,0,NULL,NULL,NULL,NULL,0,0,NULL,0,0,0,0,0,0,NULL,NULL,NULL,NULL,0,0,NULL,0,0,0),(31528,27463,1,0,0,'2016-04-11 15:38:00','2016-04-08 14:33:00','Roy Gerson Balcita Torres, PEO 1','Roy Gerson Balcita Torres, PEO 1',0,129050.25,'Additional funds were augmented from the PPA project.',129050.25,127000,129050.25,0,0,0,NULL,'2016-04-14 14:01:00','Donnie Rocapor Gallocanta, Programmer',NULL,0,0,'null',NULL,0,0,0,0,0,NULL,NULL,NULL,NULL,0,0,NULL,0,0,0,0,0,0,NULL,NULL,NULL,NULL,0,0,NULL,0,0,0),(31570,28499,0,0,0,NULL,NULL,NULL,NULL,0,0,NULL,0,0,0,0,0,0,NULL,NULL,NULL,NULL,0,0,NULL,0,0,0,0,0,0,NULL,NULL,NULL,NULL,0,0,NULL,0,0,0,0,0,0,NULL,NULL,NULL,NULL,0,0,NULL,0,0,0),(31577,8515,0,0,0,NULL,NULL,NULL,NULL,0,0,NULL,0,0,0,0,0,0,NULL,NULL,NULL,NULL,0,0,NULL,0,0,0,0,0,0,NULL,NULL,NULL,NULL,0,0,NULL,0,0,0,0,0,0,NULL,NULL,NULL,NULL,0,0,NULL,0,0,0),(31798,9001,0,0,0,NULL,NULL,NULL,NULL,0,0,NULL,0,0,0,0,0,0,NULL,NULL,NULL,NULL,0,0,NULL,0,0,0,0,0,0,NULL,NULL,NULL,NULL,0,0,NULL,0,0,0,0,0,0,NULL,NULL,NULL,NULL,0,0,NULL,0,0,0),(31824,30155,0,0,0,NULL,'2016-04-11 08:58:00','Aris Reynold V. Cajigal, Extension Director',NULL,0,0,'null',0,0,0,0,0,0,NULL,NULL,NULL,NULL,0,0,NULL,0,0,0,0,0,0,NULL,NULL,NULL,NULL,0,0,NULL,0,0,0,0,0,0,NULL,NULL,NULL,NULL,0,0,NULL,0,0,0),(31879,8156,0,0,0,NULL,NULL,NULL,NULL,0,0,NULL,0,0,0,0,0,0,NULL,NULL,NULL,NULL,0,0,NULL,0,0,0,0,0,0,NULL,NULL,NULL,NULL,0,0,NULL,0,0,0,0,0,0,NULL,NULL,NULL,NULL,0,0,NULL,0,0,0),(31973,27238,0,0,0,NULL,NULL,NULL,NULL,0,0,NULL,0,0,0,0,0,0,NULL,NULL,NULL,NULL,0,0,NULL,0,0,0,0,0,0,NULL,NULL,NULL,NULL,0,0,NULL,0,0,0,0,0,0,NULL,NULL,NULL,NULL,0,0,NULL,0,0,0),(32082,8497,0,0,0,'2016-04-19 09:18:00',NULL,NULL,'Donnie Rocapor Gallocanta, Programmer',0,0,'0null',0,0,0,0,0,0,NULL,NULL,NULL,NULL,0,0,NULL,0,0,0,0,0,0,NULL,NULL,NULL,NULL,0,0,NULL,0,0,0,0,0,0,NULL,NULL,NULL,NULL,0,0,NULL,0,0,0),(32171,8156,0,0,0,NULL,NULL,NULL,NULL,0,0,NULL,0,0,0,0,0,0,NULL,NULL,NULL,NULL,0,0,NULL,0,0,0,0,0,0,NULL,NULL,NULL,NULL,0,0,NULL,0,0,0,0,0,0,NULL,NULL,NULL,NULL,0,0,NULL,0,0,0),(32176,8497,0,0,0,'2016-04-19 09:18:00',NULL,NULL,'Donnie Rocapor Gallocanta, Programmer',0,0,'0null',0,0,0,0,0,0,NULL,NULL,NULL,NULL,0,0,NULL,0,0,0,0,0,0,NULL,NULL,NULL,NULL,0,0,NULL,0,0,0,0,0,0,NULL,NULL,NULL,NULL,0,0,NULL,0,0,0),(32253,8497,0,0,0,'2016-04-19 09:18:00',NULL,NULL,'Donnie Rocapor Gallocanta, Programmer',0,0,'0null',0,0,0,0,0,0,NULL,NULL,NULL,NULL,0,0,NULL,0,0,0,0,0,0,NULL,NULL,NULL,NULL,0,0,NULL,0,0,0,0,0,0,NULL,NULL,NULL,NULL,0,0,NULL,0,0,0),(32329,30155,0,0,0,NULL,'2016-04-11 08:58:00','Aris Reynold V. Cajigal, Extension Director',NULL,0,0,'null',0,0,0,0,0,0,NULL,NULL,NULL,NULL,0,0,NULL,0,0,0,0,0,0,NULL,NULL,NULL,NULL,0,0,NULL,0,0,0,0,0,0,NULL,NULL,NULL,NULL,0,0,NULL,0,0,0),(32339,27238,0,0,0,NULL,NULL,NULL,NULL,0,0,NULL,0,0,0,0,0,0,NULL,NULL,NULL,NULL,0,0,NULL,0,0,0,0,0,0,NULL,NULL,NULL,NULL,0,0,NULL,0,0,0,0,0,0,NULL,NULL,NULL,NULL,0,0,NULL,0,0,0),(32370,27463,0,0,0,'2016-04-11 15:38:00','2016-04-08 14:33:00','Roy Gerson Balcita Torres, PEO 1','Roy Gerson Balcita Torres, PEO 1',0,0,'null',0,0,0,0,0,0,NULL,'2016-04-14 14:01:00','Donnie Rocapor Gallocanta, Programmer',NULL,0,0,'null',NULL,0,0,0,0,0,NULL,NULL,NULL,NULL,0,0,NULL,0,0,0,0,0,0,NULL,NULL,NULL,NULL,0,0,NULL,0,0,0),(32448,30155,0,0,0,NULL,'2016-04-11 08:58:00','Aris Reynold V. Cajigal, Extension Director',NULL,0,0,'null',0,0,0,0,0,0,NULL,NULL,NULL,NULL,0,0,NULL,0,0,0,0,0,0,NULL,NULL,NULL,NULL,0,0,NULL,0,0,0,0,0,0,NULL,NULL,NULL,NULL,0,0,NULL,0,0,0),(32544,23393,0,0,0,'2016-04-19 17:23:00','2016-04-11 16:41:00','  , ','Donnie Rocapor Gallocanta, Programmer',0,0,'null',0,0,0,0,0,0,'2016-04-18 11:35:00',NULL,NULL,'Donnie Rocapor Gallocanta, Programmer',0,0,'null',NULL,0,0,0,0,0,NULL,NULL,NULL,NULL,0,0,NULL,0,0,0,0,0,0,NULL,NULL,NULL,NULL,0,0,NULL,0,0,0),(32614,30155,0,0,0,NULL,'2016-04-11 08:58:00','Aris Reynold V. Cajigal, Extension Director',NULL,0,0,'null',0,0,0,0,0,0,NULL,NULL,NULL,NULL,0,0,NULL,0,0,0,0,0,0,NULL,NULL,NULL,NULL,0,0,NULL,0,0,0,0,0,0,NULL,NULL,NULL,NULL,0,0,NULL,0,0,0),(32647,8497,0,0,0,'2016-04-19 09:18:00',NULL,NULL,'Donnie Rocapor Gallocanta, Programmer',0,0,'null',0,0,0,0,0,0,NULL,NULL,NULL,NULL,0,0,NULL,0,0,0,0,0,0,NULL,NULL,NULL,NULL,0,0,NULL,0,0,0,0,0,0,NULL,NULL,NULL,NULL,0,0,NULL,0,0,0),(32673,8156,0,0,0,NULL,NULL,NULL,NULL,0,0,NULL,0,0,0,0,0,0,NULL,NULL,NULL,NULL,0,0,NULL,0,0,0,0,0,0,NULL,NULL,NULL,NULL,0,0,NULL,0,0,0,0,0,0,NULL,NULL,NULL,NULL,0,0,NULL,0,0,0),(32697,8034,0,0,0,NULL,NULL,NULL,NULL,0,0,NULL,0,0,0,0,0,0,NULL,NULL,NULL,NULL,0,0,NULL,0,0,0,0,0,0,NULL,NULL,NULL,NULL,0,0,NULL,0,0,0,0,0,0,NULL,NULL,NULL,NULL,0,0,NULL,0,0,0),(32706,30155,0,0,0,NULL,'2016-04-11 08:58:00','Aris Reynold V. Cajigal, Extension Director',NULL,0,0,'null',0,0,0,0,0,0,NULL,NULL,NULL,NULL,0,0,NULL,0,0,0,0,0,0,NULL,NULL,NULL,NULL,0,0,NULL,0,0,0,0,0,0,NULL,NULL,NULL,NULL,0,0,NULL,0,0,0);

UNLOCK TABLES;

/*Table structure for table `tblprojects` */

DROP TABLE IF EXISTS `tblprojects`;

CREATE TABLE `tblprojects` (
  `projid` int(20) NOT NULL,
  `agencyid` int(100) default '0',
  `fundid` int(100) default '0',
  `locid` int(100) default '0',
  `secid` int(100) default '0',
  `subsecid` int(100) default '0',
  `projname` varchar(1000) default NULL,
  `unitofmeasure` varchar(1000) default NULL,
  `yrenrolled` int(100) default NULL,
  `enrolledby` int(100) default NULL,
  `period` int(100) default NULL,
  `programname` varchar(1000) default NULL,
  `datatype` varchar(64) default 'Default',
  `typhoon` int(100) default NULL,
  `datestart` varchar(100) default NULL,
  `dateend` varchar(100) default NULL,
  `projObjective` text,
  `expectedresult` int(100) default NULL,
  `actualresult` int(100) default NULL,
  `iscompleted` varchar(24) default NULL,
  `ordering` double default NULL,
  PRIMARY KEY  (`projid`),
  KEY `agencyid` (`agencyid`),
  KEY `fundid` (`fundid`),
  KEY `locid` (`locid`),
  KEY `secid` (`secid`),
  KEY `subsecid` (`subsecid`),
  KEY `enrolledby` (`enrolledby`),
  KEY `FK_tblprojects3` (`period`),
  KEY `FK_tblprojectsTyphoon` (`typhoon`),
  CONSTRAINT `FK_tblprojects` FOREIGN KEY (`enrolledby`) REFERENCES `tbluser` (`userid`) ON DELETE NO ACTION ON UPDATE NO ACTION,
  CONSTRAINT `FK_tblprojects3` FOREIGN KEY (`period`) REFERENCES `tblperiod` (`periodId`) ON DELETE NO ACTION ON UPDATE NO ACTION,
  CONSTRAINT `FK_tblprojectsTyphoon` FOREIGN KEY (`typhoon`) REFERENCES `typhoon` (`typhoonid`) ON DELETE NO ACTION ON UPDATE NO ACTION,
  CONSTRAINT `tblprojects_ibfk_1` FOREIGN KEY (`agencyid`) REFERENCES `tblagency` (`agencyid`),
  CONSTRAINT `tblprojects_ibfk_3` FOREIGN KEY (`fundid`) REFERENCES `tblfundsrc` (`fundid`),
  CONSTRAINT `tblprojects_ibfk_4` FOREIGN KEY (`locid`) REFERENCES `tbllocation` (`locid`),
  CONSTRAINT `tblprojects_ibfk_5` FOREIGN KEY (`secid`) REFERENCES `tblprojsector` (`secid`),
  CONSTRAINT `tblprojects_ibfk_6` FOREIGN KEY (`subsecid`) REFERENCES `tblprojsubsector` (`subsecid`)
) ENGINE=InnoDB DEFAULT CHARSET=latin1;

/*Data for the table `tblprojects` */

LOCK TABLES `tblprojects` WRITE;

insert  into `tblprojects`(`projid`,`agencyid`,`fundid`,`locid`,`secid`,`subsecid`,`projname`,`unitofmeasure`,`yrenrolled`,`enrolledby`,`period`,`programname`,`datatype`,`typhoon`,`datestart`,`dateend`,`projObjective`,`expectedresult`,`actualresult`,`iscompleted`,`ordering`) values (128,8497,5,1,32628,29599,'Establishment of Tramline','no of units established',2016,101,2,'no program','Cumulative',0,'','','Income and livelihood opportunities among producers and established access to affordable, safe and healthy food',2,NULL,'not-completed',0),(154,8497,5,18,32628,0,'Distribution of Hammer Mill','no. of units distributed',2016,143,2,'no program','default',0,'','','Increase income of farmers by at least 10% and prolong the shelf life of quality while waiting for better corn price by at least three months',1,NULL,'not-completed',1),(171,9902,5,27,20239,0,'Provision and Maintenance of Basic Education Facilities','Number of Classrooms',2016,105,1,'no program','default',0,'','','',0,NULL,'not-completed',1),(214,15979,5,1,20239,0,'Establishment of Health Profile of ICCs/IPs','no. of IPs/ICCs health profile',2016,149,2,'no program','Maintained',0,'','','3 ICCs/IPs health profile established by the end of 2016',3,NULL,'not-completed',1),(245,8497,5,1,32628,0,'Distribution of cassava chipper','no of units distributed',2016,101,2,'no program','Default',0,'','','To improve the quality of cassava and to make cassava chips available for food',2,NULL,'not-completed',2),(353,28499,3,12,19613,0,'Ladies Dormitory, NLUC','% of completion',2016,122,2,'no program','Cumulative',0,'','','Housing facilities for female students. (% of completion)',100,NULL,NULL,1),(390,23393,1,27,19613,27977,'Asphalting of Salvacion-San Vicente Road, Rosales','kilometer',2016,140,2,'no program','Cumulative',0,'2016-10','2016-12','To increase roadline',1,NULL,'not-completed',1),(414,15959,5,1,32628,23788,'Maintenance of seaweed tissue culture laboratory','# of seaweed tissue culture laboratory maintained',2016,133,2,'Seaweed Production and Distribution','Maintained',0,'2016-01','2016-12','Conduct of branch culture and micropropagation of seaweeds species and to maintain cultivars for outplanting in land based and sea based nurseries.',0,NULL,NULL,1.01),(425,30155,3,1,19613,0,'Replacement of 25 units classroom at CETC','percent complete',2016,115,2,'no program','Cumulative',0,'','','The project should be 100 percent complete by the end of December 2016',100,NULL,'not-completed',1),(479,30155,2,2,20239,4082,'Skills and Livelihood Training Program Towards Enterprise Development','no. of training conducted',2016,115,2,'no program','Cumulative',0,'','','To strengthen gender-responsive extension programs',0,NULL,'not-completed',2),(482,23942,5,1,9490,0,'Implementation of Bantay Turista Project','Nr of Tourists Assistance Desks maintained',2016,108,2,'no program','Cumulative',0,'2016-01','2016-12','To organize the community and forge the team which forward efforts for the establishment of a tourism-friendly environment',500,NULL,NULL,1),(504,8497,5,21,32628,29599,'Distribution of Hammer Mill','no. of units distributed',2016,143,2,'no program','Default',0,'','','Increase income of farmers by at least 10% and prolong the shelf life of quality while waiting for better corn price by at least three months',1,NULL,'not-completed',3),(618,23942,5,1,9490,0,'Implementation of Police Integrated Patrol System','Nr of mobile patrol conducted',2016,108,2,'no program','Cumulative',0,'2016-01','2016-12','To develop a culture of policing through the conduct of more aggressive patrols by pushing more policemen to areas where and when their presence matter most.',519716,NULL,NULL,2),(656,8497,5,15,32628,29599,'Distribution of Tractor for Cassava','no. of units distributed',2016,143,2,'no program','Default',0,'','','To increase corn production by atleast one metric ton per hectare; increase income of farmers of atleast 5-10% per hectare; ensure farmers\' timely cultivation and planting and facilitate cultivation o',1,NULL,'not-completed',4),(664,16072,13753,13,19613,27977,'Improvement of Pagdalagan-Bungro Road','Percentage of Completion',2016,104,2,'no program','Cumulative',0,'','','',0,NULL,'not-completed',1),(679,242,3,1,20239,1963,'Scholarship','No. of scholars',2016,127,2,'Training for Work Scholarship','Cumulative',0,'','','% of scholars who have undergone assessment',90,NULL,NULL,1),(726,27463,5,1,20239,25172,'YAFS/ARH Orientation','No. of event/s conducted',2016,117,2,'Technical Support Services, PAP 1: Promotional Advocacy activities provided with funding support','default',0,'','','To conduct a forum to present of the current trends that confront the vulnerable youth to assist them in their changing environment & responsible choice and decision making. (% of population familiar ',85,NULL,'not-completed',1),(859,23942,1,1,9490,0,'Implementation of LOI Sang-Ingat Charlie','Nr of security operations during national and local events.',2016,108,2,'no program','Cumulative',0,'2016-01','2016-12','To conduct special operations during national and local events.',1550,NULL,NULL,3),(895,8497,5,25,32628,29599,'Distribution of Vertical Dryer','no. of units distributed',2016,143,2,'no program','Default',0,'','','To reduce atleast 5% post harvest losses in corn',1,NULL,'not-completed',5),(942,8497,5,2,32628,0,'Construction of Multi-Purpose Drying Pavement','no. of units distributed',2016,143,2,'no program','Default',0,'','','To reduce drying losses of the palay harvest of the farmers; improve the quality of grains and increase the income of farmers',3,NULL,'not-completed',6),(1185,30155,3,6,7904,9725,'Performance evaluation of biogas plant ','No. of biogas evaluated',2016,115,2,'no program','Cumulative',0,'','','Determine the efficiency and capacity of the biogas plant',0,NULL,'not-completed',3),(1188,9001,5,7,7904,0,'Land Disposition - Patent Issuance (Residential Free Patent - RA10023','Numbers',2016,107,2,'no program','default',0,'','','Patents Issued',100,NULL,NULL,1),(1509,15959,5,1,32628,23788,'Operation and Maintenance of Technology Stations','# of Technology stations operated/maintained',2016,133,2,'Operation and Maintenance of Production and Technology Stations','Maintained',0,'2016-01','2016-12','Maintained operative technology station that showcases various aquaculture technologies and continues implementation of technology demonstration projects on high value finfishes.',0,NULL,NULL,2),(1596,8034,5,1,20239,0,'Family Planning Program','Number of LGUs Provided with Ferrous Sulfate+Folic Acid',2016,109,2,'Provision of Ferrous Sulfate+Folic Acid Supplementation for Mothers','Cumulative',0,'January 2016','December 2016','Improved maternal health and ensured survival, health and well-being of mothers and their unborn. Reduced number of married women of reproductive age with unmet needs.',100,NULL,NULL,1),(1631,8497,5,17,32628,0,'Distribution of reaper','no. of units distributed',2016,143,2,'no program','Default',0,'','','Postproduction systems as mitigation for climate change and able to realize added income for farmers of at least 15% from efficient production activities, drying and milling operations',6,NULL,'not-completed',7),(1746,16072,13753,15,19613,27977,'Improvement of Caba-Naguilian Road','Percentage of Completion',2016,104,2,'no program','Cumulative',0,'','','',0,NULL,'not-completed',2),(1847,9001,5,17,7904,13891,'Maintenance and Protection of Established Plantation CY 2016','hectares',2016,107,2,'National Greening Program','Default',0,'','','Established Plantation Maintained and Protected',100,NULL,NULL,2),(1941,16072,10394,15,19613,27977,'Rehabilitation of Bagbag-Sta. Monica Road','Percentage of Completion',2016,104,2,'no program','Cumulative',0,'','','',0,NULL,'not-completed',3),(1950,8034,5,1,20239,0,'Maternal Neonatal and Child Health Nutrition (MNCHN)','Number of Buntis Congress Conducted',2016,109,2,'Conduct of Buntis Congress','Cumulative',0,'2016-01','2016-12','Improved maternal Health and ensured survival, health and well-being of mothers and their unborn. Reduced number of Married women of reproductive age with unmet needs',10,NULL,NULL,2),(2009,8497,5,10,32628,29599,'Distribution of Mechanical Corn Sheller (P200T)','n',2016,143,2,'no program','Default',0,'','','To reduce atleast 5% post harvest losses',1,NULL,'not-completed',8),(2065,8156,5,2,19613,27977,'Construction/Improvement of Lanao-San Isidro Road leading to Bolo River Dam and Darna Falls, Dumalneg, Ilocos Norte	','percentage',2016,113,2,'DPWH Infrastructure Program','Cumulative',0,'2016-02','2016-11','',0,NULL,NULL,1),(2083,8497,5,15,32628,29599,'Distribution of Hammer Mill','no. of units distributed',2016,143,2,'no program','Default',0,'','','Increase income of farmers by at least 10% and prolong the shelf life of quality while waiting for better corn price by at least three months',1,NULL,'not-completed',9),(2084,8497,5,3,32628,29599,'Distribution of Tractor for Corn','no. of units distributed',2016,143,2,'no program','Default',0,'','','To increase corn production by atleast one metric ton per hectare; increase income of farmers of atleast 5-10 % per hectare; ensure farmers\' timely cultivation and planting and facilitate cultivation ',2,NULL,'not-completed',10),(2165,27463,5,1,20239,25172,'POPDEV Week Celebration','No. of event/s conducted',2016,117,2,'Technical Support Services, PAP 1: Promotional Advocacy activities provided with funding support','Default',0,'','','To conduct a week-long celebration in heightening of public awareness on population and development issues/concerns (% of population familiar with population programs and policies)',85,NULL,'not-completed',2),(2236,8156,5,8,19613,14219,'Construction of Flood Control along Bical River	','percentage',2016,113,2,'DPWH Infrastructure Program','Cumulative',0,'2016-03','2016-07','',0,NULL,NULL,2),(2306,16072,14,15,19613,30548,'Construction of Three (3) Classroom School Building, Naguilian Central School','Percentage of Completion',2016,104,1,'no program','Cumulative',0,'','','',0,NULL,'not-completed',4),(2489,27463,5,1,20239,25172,'Mobilization and Follow-up Activities of all PPMP project components','No. of monitoring activities conducted',2016,117,2,'Population Management Policy Services','Default',0,'','','To conduct mobilization and follow up activities to monitor and evaluate RP-FP, AHYD & POPDEV projects  (% of LGUs supporting/implimenting PPMP projects)',85,NULL,'not-completed',3),(2523,8497,5,25,32628,29599,'Distribution of Tractor for Corn','no. of units distributed',2016,143,2,'no program','Default',0,'','','To increase corn production by atleast one metric ton per hectare; increase income of farmers of atleast 5-10 % per hectare; ensure farmers\' timely cultivation and planting and facilitate cultivation ',2,NULL,'not-completed',11),(2533,8497,5,5,32628,29599,'Distribution of pump and engine set (Diesel Engine)','no. of units distributed',2016,143,2,'no program','Default',0,'','','To increase production and cropping intensity of crops and augment income of farmers',3,NULL,'not-completed',12),(2637,30155,3,6,7904,13891,'Biodiversity Assessment of the Quioait River Watershed','No. of database developed and maps generated',2016,115,2,'no program','Default',0,'','','Assess the biodiversity (flora and fauna) of the watershed',0,NULL,'not-completed',4),(2688,8497,5,17,32628,29599,'Distribution of four wheel drive tractor','no of units distributed',2016,101,2,'no program','Default',0,'','','To increase crop yield, productivity of labor and income of farmers\r\n',30,NULL,'not-completed',13),(2734,8497,5,12,32628,29599,'Distribution of certified seeds','no of kilograms distributed',2016,101,2,'no program','Default',0,'','','Use of high quality and high yielding varieties to increase and enhance rice productivity that will contribute to rice suffuciency',50000,NULL,'not-completed',14),(2983,1,28720,1,20239,0,'Construction of Social Infrastructure ','Number of social infrastruture (sub-project) completed',2016,131,1,'no program','Cumulative',0,'2015-01','2016-06','Communities in target\r\nmunicipalities are empowered to achieve improved access to\r\nbasic services and to participate in more\r\ninclusive local planning\r\nand budgeting.',11,NULL,NULL,1),(3009,8156,5,12,19613,27977,'Improvement/Upgrading of Naguilian-Bagulin Road leading to Tuddingan Falls and Kedlap Burial Cave, Naguilian-Bagulin, La Union 2nd LD	','percentage',2016,113,2,'DPWH Infrastructure Program','Cumulative',0,'2016-03','2017-03','',0,NULL,NULL,3),(3174,8497,5,27,32628,29599,'Distribution of Silo (200MT) (2M)','no. of units distributed',2016,143,2,'no program','Default',0,'','','Serve as storage of corn silage for livestock consumption to increase their productivity',1,NULL,'not-completed',15),(3248,8497,5,1,32628,10421,'Distribution of semen straws ','no of semen straws distributed',2016,101,2,'no program','default',0,'','','To improve the production and reproduction potentials of the local herd through the introduction of superior quality genetics',10000,NULL,'not-completed',NULL),(3363,8497,5,15,32628,29599,'Distribution of Mechanical Corn Sheller (P200T)','no. of units distributed',2016,143,2,'no program','Default',0,'','','To reduce atleast 5% post harvest losses',1,NULL,'not-completed',16),(3546,8497,5,21,32628,29599,'Distribution of Vacuum Sealer','no. of units distributed',2016,143,2,'no program','Default',0,'','','To seal packaging materials of processed cassava products and by products',1,NULL,'not-completed',17),(3594,8034,5,1,20239,0,'National Tuberculosis Program','Number of Cough Center Logistics and NTP Laboratory Logistics provided',2016,109,2,'Provision of Cough Center Logistics and NTP Laboratory Logistics','Cumulative',0,'2016-01','2016-12','Reduce Morbidity and Mortality from Tuberculosis',800,NULL,NULL,3),(3622,17344,3,7,20239,0,'Environmental Education thru Advocacy Programs and Activities','No. of Camps, Seminar-Workshops & Fora on Environmental Protection, Climate Change & Disaster Risk Reduction',2016,144,2,'no program','default',0,'','','Take urgent action to combat climate change and its impacts',0,NULL,NULL,1),(3736,27463,5,1,20239,25172,'Other specials events promoted (FP Month, NFP Month Etc. World Pop Day, Env. Month, Statistics Mo. WAIDS Day)','No. of event/s conducted',2016,117,2,'Technical Support Services, PAP 1: Promotional Advocacy activities provided with funding support','Default',0,'','','To conduct advocacy efforts to highlight special events ((% of population familiar with population programs and policies)',85,NULL,'not-completed',4),(3823,23393,1,18,19613,0,'Asphalting of Patar-Capandanan Road, Mabini','kilometer',2016,140,2,'no program','Cumulative',0,'2016-04','2016-06','To increase roadline by 1.5 kms',1,NULL,'not-completed',2),(3842,27238,768,1,32628,0,'Renewable Fuelwood Energy Farm Development and Restoration of Ecological Integrity','No. of tree seedlings produced ',2016,103,2,'no program','Cumulative',0,'2016-05','2016-09','Reforestation of trees used in flu-curing',2250000,NULL,NULL,13),(3911,9001,5,17,7904,0,'Seedling Production/Procurement CY 2016','Numbers',2016,107,2,'no program','Default',0,'','','Seedlings Produced/Procured',100,NULL,NULL,3),(4004,30155,3,6,19613,3495,'Development of bioprocessing technology for cellulose ethanol production','No. of developed technologies',2016,115,2,'no program','Cumulative',0,'','','Develop bioprocessing technology for cellulose ethanol production',0,NULL,'not-completed',5),(4134,23393,1,25,19613,0,'Construction of Diaz Hanging Foot Bridge, Bautista','linear meter',2016,140,2,'no program','Cumulative',0,'2016-01','2016-06','To provide access of residents going to the poblacion area.',1,NULL,'not-completed',3),(4358,8497,5,17,32628,29599,'Distribution of certified seeds','no of kilograms distributed',2016,101,2,'no program','Default',0,'','','Use of high quality and high yielding varieties to increase and enhance rice productivity that will contribute to rice sufficiency ',280000,NULL,'not-completed',18),(4420,8497,5,2,32628,29599,'Distribution of Thresher','no. of units distributed',2016,143,2,'no program','Default',0,'','','Postproduction systems as mitigation for climate change and able to realize added income for farmers of at least 15% from efficient production activities, drying and milling operations',14,NULL,'not-completed',19),(4521,17344,3,7,7904,0,'Ground Quality in the Three Coastal Municipalities of Ilocos Sur as Affected by Climate Change','No. of samples gathered',2016,144,2,'no program','default',0,'','','Sustainability Managed Environment: Unregulated use of shallow tube wells for irrigation purposes, excessive aquifer pumping, and saltwater intrusion in coastal areas threatening groundwater supply.',0,NULL,NULL,2),(4557,15959,5,1,32628,23788,'Fishing Gear/Paraphernalia','# of fishing gear/paraphernalia distributed',2016,133,2,'Fishing Gear/Paraphernalia Distribution','default',0,'2016-02','2016-08','To improved production in support to food security and poverty reduction for fisherfolk.',0,NULL,NULL,4),(4628,15959,5,1,32628,23788,'National Stock Assessment Program','# of Landing sites Surveyed',2016,133,2,'Research and Development','Maintained',0,'2016-01','2016-12','',0,NULL,NULL,5),(4690,15959,5,1,32628,23788,'Seaweed Farm Implements','# of seaweed farm implements distributed',2016,133,2,'Seaweed Production and Distribution','default',0,'2016-04','2016-11','Provide input assistance to organized and individual fisherfolk and serve as another source livelihood.',0,NULL,NULL,1.02),(4746,8156,5,27,19613,14219,'Agno River Basin and Allied Rivers Flood Control Project-Construction of Bank Protection, Brgy. Tumana East, Rosales, Pangasinan 6th LD	','percentage',2016,113,2,'DPWH Infrastructure Program','Cumulative',0,'2016-02','2016-05','',0,NULL,NULL,4),(4814,8497,5,13,32628,0,'Distribution of pump and engine set (Diesel Engine)','no. of units distributed',2016,143,2,'no program','Default',0,'','','To increase production and cropping intensity of crops and augment income of farmers',1,NULL,'not-completed',20),(4842,8497,5,17,32628,29599,'Distribution of hand tractor with complete accessories','no. of units distributed',2016,143,2,'no program','Default',0,'','','To increase crop yield, productivity of labor and income of farmers',53,NULL,'not-completed',21),(4872,23942,5,1,9490,0,'Community Organization and Mobilization Project','Nr of BPAT mobilization',2016,108,2,'Mobilization of Barangay Peacekeeping Action Team','Cumulative',0,'2016-01','2016-12','To cultivate and create the tone of a citizen-police partnership to serve the cause of peace and order in the community.',187510,NULL,NULL,4),(4892,30155,3,6,19613,3495,'Equipment, sup and facilities inventory system ','No. of Information system developed',2016,115,2,'no program','Cumulative',0,'','','Develop equipment, sup and facilities inventory system ',0,NULL,'not-completed',6),(4962,8497,5,7,32628,0,'Construction of Rice Processing Centers (RPC 1)','no. of units distributed',2016,143,2,'no program','Default',0,'','','To reduced post-harvest losses by providing access to modern, efficient drying and milling facilities and contribute to raising farmers income',1,NULL,'not-completed',22),(4970,23393,1,25,19613,30548,'Construction of std. 1 unit, 3 cl school building at Alcala E/S, Alcala','no. of classroom',2016,140,2,'no program','Cumulative',0,'2016-07','2016-09','To increase the no. of classroom by 15%',3,NULL,'not-completed',4),(5031,23393,1,21,19613,0,'Construction of Tumao Bridge along Bayambang Diversion Road, Bayambang','linear meter',2016,140,2,'no program','Cumulative',0,'2016-01','2016-06','To add 1 bridge.',1,NULL,'not-completed',5),(5341,30155,3,6,20239,4082,'Compliance of 4Ps  Recipients Compliance on Prenatal and Postnatal Services in Ilocos Norte','No. of 4Ps respondents',2016,115,2,'no program','Default',0,'','','Assess 4Ps  Recipients Compliance on Prenatal and Postnatal Services in Ilocos Norte',0,NULL,'not-completed',7),(5346,16072,14,13,19613,30548,'Repair and Improvement of School Pavilion, Cantoria Central School','Percentage of Completion',2016,104,1,'no program','Cumulative',0,'','','',0,NULL,'not-completed',5),(5390,8497,5,10,32628,29599,'Distribution of cassava grater (complete set 150T)','no. of unit distributed',2016,101,2,'no program','Default',0,'','','To increase efficiency in cassava granting by at least 200% improve the quality of cassava and to make cassava grates available for food at the village level in cassava eating areas',1,NULL,'not-completed',23),(5430,1,3,1,20239,5885,'Emergency Shelter Assistance ','Number of beneficiaries served',2016,131,2,'no program','Cumulative',0,'2016-01','2016-12','Provision of cash grants to the victims of disaster with totally or partially damaged. ',42916,NULL,NULL,2),(5442,8497,5,25,32628,29599,'Distribution of Tractor for Cassava','no. of units distributed',2016,143,2,'no program','Default',0,'','','To increase corn production by atleast one metric ton per hectare; increase income of farmers of atleast 5-10% per hectare; ensure farmers\' timely cultivation and planting and facilitate cultivation o',1,NULL,'not-completed',24),(5574,16072,10394,13,19613,27977,'Rehabilitation of Santol-San Gabriel Road','Percentage of Completion',2016,104,2,'no program','Cumulative',0,'','','',0,NULL,'not-completed',6),(5841,8497,5,27,32628,29599,'Distribution of cassava grater (complete set 150T)','no. of unit distributed',2016,101,2,'no program','Default',0,'','','Increase efficiency iin cassava granting by at least 200%, improve the quality of cassava and to make cassava grates available for food at the village level in cassava eating areas',2,NULL,'not-completed',25),(5846,30155,3,6,7904,0,'Resource assessment and evaluation of dipterocarps and premium indigenous timber species in Ilocos Norte','No. of tree species assessed and evaluated',2016,115,2,'no program','Cumulative',0,'','','Document of dipetrocarp species of second growth forest in Ilocos Norte ',0,NULL,'not-completed',8),(6060,30155,9,6,32628,10421,'Meat Processing','kilos procesed',2016,115,2,'no program','Cumulative',0,'','','The project aims to formulate variety of processed meat products out of pork and chicken for the university employees and continuous improvement for commercialization. Training grounds for students.',0,NULL,'not-completed',9),(6126,30155,3,6,19613,3495,'Development of integrated computer-based R&D Directorate management information system','No. of MIS developed',2016,115,2,'no program','Cumulative',0,'','','Develop integrated computer-based R&D Directorate management information system',0,NULL,'not-completed',10),(6129,8497,5,12,32628,0,'Distribution of Combine Harvester for Rice Farmers','no. of units distributed',2016,143,2,'no program','Default',0,'','','Postproduction systems as mitigation for climate change and able to realize added income for farmers of at least 15% from efficient production activities, drying and milling operations',1,NULL,'not-completed',26),(6131,8034,5,1,20239,0,'Malaria Control and Prevention Program','Number of Commodities Provided to LGUs',2016,109,2,'Provision of Indoor Residual Spraying Commodities','Cumulative',0,'2016-01','2016-12','Reduce Morbidity and Mortality from Malaria Infection',7500,NULL,NULL,4),(6160,8497,5,10,32628,29599,'Distribution of Hermetic Cocoon','no. of units distributed',2016,143,2,'no program','Default',0,'','','Increase income of farmers by atleast 10% and prolong the shelf life quality while ',1,NULL,'not-completed',27),(6205,27238,1,1,32628,0,'Irrigation Support Project for Market-driven Quality Tobacco Production and Food Security','No. of beneficiaies',2016,103,2,'no program','default',0,'','','',8066,NULL,NULL,21),(6270,23942,5,1,9490,0,'Community Affairs Program','Nr of activities conducted',2016,108,2,'Conduct of Community Affairs','Cumulative',0,'2016-01','2016-12','To strengthen police-community goodwill and create an environment of friendship between the police on the street and the community.',206484,NULL,NULL,5),(6487,27463,5,1,20239,25172,'Population Congress (PPA)','No. of event/s coordinated',2016,117,2,'Technical Support Services, PAP 1: Promotional Advocacy activities provided with funding support','Default',0,'','','Support activity in the celebration of the Annual Scientific Conference on Population as a way to support the goal of PPMP % of LGUs and stakeholders support the population programs and policies)',85,85,'completed',5),(6740,27238,768,1,32628,0,'AGRIPINOY Tobacco Trading and Food Processing Center and Milling Complex','No. of processing plant established/maintained',2016,103,2,'no program','Maintained',0,'2016-01','2016-12','Increase Income of Tobacco Farmers',2,NULL,NULL,4),(6877,8497,5,5,32628,29599,'Distribution of Vacuum Sealer','no. of units distributed',2016,143,2,'no program','Default',0,'','','To seal packaging materials of processed cassava products and by products',2,NULL,'not-completed',28),(6897,30155,3,6,32628,29599,'Establishment of cropping pattern for both outright and transitional organic farming ','no. of cropping patterns developed',2016,115,2,'no program','Cumulative',0,'','','Establish cropping patterns for both outright and transitional organic farming',0,NULL,'not-completed',11),(6902,8497,5,7,32628,0,'Distribution of Combine Harvester for Rice Farmers','no. of units distributed',2016,143,2,'no program','Default',0,'','','Postproduction systems as mitigation for climate change and able to realize added income for farmers of at least 15% from efficient production activities, drying and milling operations',1,NULL,'not-completed',29),(6906,23393,1,27,19613,27977,'Concreting of Asingan-San Manuel-Agno-Gorge Road, Asingan','kilometer',2016,140,2,'no program','Cumulative',0,'2016-01','2016-06','To increase roadline by 10%',10,NULL,'not-completed',6),(6933,30155,3,2,32628,23788,'Inventory assessment and utilization of alginophytes in the sea waters of Ilocos Norte','No. of seaweeds identified and no. of products developed',2016,115,2,'no program','Cumulative',0,'','','Assess, identify and utilize alginophytes in the sea waters of Ilocos Norte',0,NULL,'not-completed',12),(6951,27463,4,1,20239,25172,'LPPED/ARH Training','No. of training/s conducted',2016,117,2,'Technical Support Services, PAP 2: Technical Service arrangements undertaken','Default',0,'','','To conduct training of parents to have positive relationships with their adolescent children  (% of  population workers, Lgus, clients and other stakeholders provided with technical support. )',85,NULL,'not-completed',6),(6960,242,5,1,20239,1963,'Technical Education and Skills Development Services','No. of beneficiaries trained',2016,127,2,'Technical Vocational Skills Training Programs (all training delivery modes)','Cumulative',0,'','','% graduates rate',90,NULL,NULL,2),(6964,8156,5,10,19613,14219,'Construction of Balbalayang Poblacion River Flood Control, Sugpon, Ilocos Sur, LAT-16.838529 LONG-120.514005	','percentage',2016,113,2,'DPWH Infrastructure Program','Cumulative',0,'2016-03','2016-09','',0,NULL,NULL,5),(7057,7044,3,1,29923,0,'SMALL ENTERPRISE TECHNOLOGY UPGRADING (SETUP)','No. of firms assisted',2016,116,2,'Core Projects','default',0,'2016-01','2016-12','Technology Acquisition and  Upgrading for MSME\'s',20,NULL,NULL,1),(7165,15959,5,1,32628,23788,' Operation and Maintenance of Fisherfolk Center/FARMC PMC ','# of Fisherfolk Operation Center',2016,133,2,'Strengthening Partnership with Stakeholders','Maintained',0,'2016-01','2016-12','To further strengthen the function vested in the council as provided and to serve as an advisory body to the cities, municipalities and barangays FARMCs whenever problem and issues arises.',0,NULL,NULL,7),(7288,8497,5,27,32628,29599,'Distribution of Tractor for Corn','no. of units distributed',2016,143,2,'no program','Default',0,'','','To increase corn production by atleast one metric ton per hectare; increase income of farmers of atleast 5-10 % per hectare; ensure farmers\' timely cultivation and planting and facilitate cultivation ',4,NULL,'not-completed',30),(7326,8497,5,21,32628,0,'Distribution of Vertical Dryer','no. of units distributed',2016,143,2,'no program','Default',0,'','','To reduce atleast 5% post harvest losses in corn',1,NULL,'not-completed',31),(7364,17344,3,7,20239,0,'Human Rights, Peace and Drug Education thru Lectures, Awareness Month Celebrations and Distribution of Information, Education and Communication Materials','No. of Lectures',2016,144,2,'no program','Default',0,'','','Promote peaceful and inclusive societies for sustainable development, provide access to justice for all and build effective, accountable and inclusive institutions at all levels.',0,NULL,NULL,3),(7368,23393,1,25,19613,30548,'Construction of std. i unit, 3 cl school building at Nantangalan E/S, Pozorrubio','no. of classroom',2016,140,2,'no program','Cumulative',0,'2016-07','2016-09','To increase the no. of classroom by 42%',3,NULL,'not-completed',7),(7509,23393,1,19,19613,0,'Construction of std. 1 unit, 2 cl, school building at Palamis E/S, Alaminos City','no. of classroom',2016,140,2,'no program','Cumulative',0,'2016-01','2016-06','To increase no of classrooms by 13%',2,NULL,'not-completed',8),(7511,30155,3,6,7904,0,'Development of improved propagation techniques for dipterocarps and other indigenous timber species in Ilocos Norte','No. of propagation techniques developed',2016,115,2,'no program','Cumulative',0,'','','evaluate existing propagation practices on survival and performance of some dipterocarps and premium indigenous tree species using sexual method of propagation\r\nMaintain/conserve traditional upland ric',0,NULL,'not-completed',13),(7517,8156,5,13,19613,14219,'Rehabilitation and Improvement of Amburayan River Control, Brgy. Ipet	','percentage',2016,113,2,'DPWH Infrastructure Program','Cumulative',0,'2016-03','2016-05','',0,NULL,NULL,6),(7559,9001,5,17,7904,0,'Maintenance and Protection of Established Plantation CY 2014 Established','hectares',2016,107,2,'no program','Maintained',0,'','','Established Plantation Maintained and Protected',100,NULL,NULL,4),(7665,30155,3,6,19613,30548,'Construction of College of Medicine Building, Phase 2','percent complete',2016,115,1,'no program','Cumulative',0,'','','The project should be 100 percent complete and ready for occupancy by the end of June 2016',100,NULL,'not-completed',14),(7687,8156,5,10,19613,14219,'Repair/Restoration of Santa Seawall along Manila North Road, Km. 385+600, Santa, Ilocos Sur 2nd LD	','percentage',2016,113,2,'DPWH Infrastructure Program','Cumulative',0,'2016-02','2016-05','',0,NULL,NULL,7),(7697,30155,3,6,32628,0,'Evaluation of organic pest management strategies for crucifers, and organic garlic seed storage strategies','no. of organic farming technologies',2016,115,2,'no program','Cumulative',0,'','','Evaluate organic pest management strategies for crucifers, and organic garlic seed storage strategies',0,NULL,'not-completed',15),(7722,30155,3,6,32628,0,'Evaluation of different mulching materials for the control of weeds and major pests in solanaceous vegetables during the wet season','No. of mulching materials tested',2016,115,2,'no program','Cumulative',0,'','','Evaluate different mulching materials for the control of weeds and major pests in solanaceous vegetables during wet season',0,NULL,'not-completed',16),(7736,27238,1,1,32628,0,'Farmers Organization Development','No. of participants',2016,103,2,'no program','default',0,'','','',300,NULL,NULL,2),(7799,30155,3,2,7904,0,'Fishing gears technology assessment, improvement and development in Ilocos Norte','No. of fishing gears Improved and developed ',2016,115,2,'no program','Cumulative',0,'','','Assess, improve and develop fishing gears technology in ilocos norte',0,NULL,'not-completed',17),(7816,8156,5,10,19613,14219,'Construction of Flood Mitigation Structures and Drainage System-Bucong Flood Control, Candon City, Ilocos Sur 2nd LD	','percentage',2016,113,2,'DPWH Infrastructure Program','Cumulative',0,'2016-01','2016-07','',0,NULL,NULL,8),(7860,8497,5,10,32628,0,'Distribution of Vacuum Sealer','no. of units distributed',2016,143,2,'no program','Default',0,'','','To seal packaging materials of processed cassava products and by products',1,NULL,'not-completed',32),(7927,8497,5,17,32628,29599,'Distribution of Thresher','no. of units distributed',2016,143,2,'no program','Default',0,'','','Postproduction systems as mitigation for climate change and able to realize added income for farmers of at least 15% from efficient production activities, drying and milling operations',30,NULL,'not-completed',33),(7995,8156,5,25,19613,14219,'Agno River Basin and Allied Rivers Flood Control Project-Improvement of Bued River Course and Dike with Protection Works, Bued River Control Project, Brgy. Esperanza, Sison, Pangasinan 5th LD	','percentage',2016,113,2,'DPWH Infrastructure Program','Cumulative',0,'2016-02','2016-09','',0,NULL,NULL,9),(8055,30155,3,6,32628,29599,'Performance of solanaceous vegetable as affected by organic and inorganic fertilizer application during the wet season','No. of POT developed',2016,115,2,'no program','Cumulative',0,'','','Evaluate the growth and yield performance of solanaceous vegetable as affected by organic and inorganic fertilizer application during the wet season',0,NULL,'not-completed',18),(8077,8497,5,5,32628,29599,'Distribution of Tractor for Corn','no. of units distributed',2016,143,2,'no program','Default',0,'','','To increase corn production by atleast one metric ton per hectare; increase income of farmers of atleast 5-10 % per hectare; ensure farmers\' timely cultivation and planting and facilitate cultivation ',4,NULL,'not-completed',34),(8133,15979,5,2,20239,0,'Educational Assistance Program','no. of youth beneficiaries',2016,149,2,'no program','Default',0,'','','39 youth beneficiaries completed 1st Semester SY 2016-2017 ',39,NULL,'not-completed',2),(8225,8156,5,10,19613,14219,'Construction of Flood Mitigation Structures and Drainage System-Oaig Daya-San Nicolas Flood Control (San Nicolas Bridge) Candon City, Ilocos Sur 2nd LD	','percentage',2016,113,2,'DPWH Infrastructure Program','Cumulative',0,'2016-01','2016-05','',0,NULL,NULL,10),(8267,15979,5,12,20239,0,'Educational Assistance Program','no. of youth beneficiaries',2016,149,2,'no program','Default',0,'','','38 youth beneficiaries completed first semester SY 2016-2017',38,NULL,'not-completed',3),(8532,30155,15,2,20239,4082,'Techno Gabay Program','no. of FITS center assisted',2016,115,2,'no program','Cumulative',0,'','','To assist the LGUs/RBOs in implementing their extension projects',0,NULL,'not-completed',0),(8548,8497,5,12,32628,29599,'Distribution of Thresher','no. of units distributed',2016,143,2,'no program','Default',0,'','','Postproduction systems as mitigation for climate change and able to realize added income for farmers of at least 15% from efficient production activities, drying and milling operations',8,NULL,'not-completed',35),(8632,8497,5,2,32628,29599,'Distribution of transplanter with seedling tray','no. of units distributed',2016,143,2,'no program','Default',0,'','','To increase crop yield, productivity of labor and income of farmers',1,NULL,'not-completed',36),(8650,16072,13753,13,19613,27977,'Improvement of Bacnotan-San Gabriel Road','Percentage of Completion',2016,104,2,'no program','Cumulative',0,'','','',0,NULL,'not-completed',7),(8660,27463,5,1,20239,25172,'KATROPA/MR GAD','No. of trainings/orientations conducted',2016,117,2,'Technical Support Services, PAP 2: Technical Service arrangements undertaken','Default',0,'','','To conduct training/orientation to men\'s group on KATROPA that will provide deeper perspective on men\'s role in RP-FP  (% of  population workers, Lgus,and other stakeholders provided with tech support',85,NULL,'not-completed',7),(8674,8497,5,10,32628,29599,'Distribution of pump and engine set (Electric Pump)','no. of units distributed',2016,143,2,'no program','Default',0,'','','To increase production and cropping intensity of crops and augment income of farmers',6,NULL,'not-completed',37),(8717,9001,5,12,7904,9725,'Preparation of Protected Area Management Plan','PA management plan prepared and approved by PAMB and endorsed to BMB',2016,107,2,'no program','Maintained',0,'','','Protected Area Management Plan Prepared',100,NULL,NULL,5),(8723,8497,5,1,32628,0,'Distribution of coffee grinder','no of units distributed',2016,101,2,'no program','Default',0,'','','To attain high quality coffee products',6,NULL,'not-completed',38),(8748,16072,13753,15,19613,27977,'Improvement of Cupang-Poblacion Road','Percentage of Completion',2016,104,2,'no program','Cumulative',0,'','','',0,NULL,'not-completed',8),(8957,242,5,1,20239,0,'Scholarship','No. of workers assessed',2016,127,2,'Competency Assessment and Certification of Workers','Cumulative',0,'','','% certification rate',84,NULL,NULL,0.001),(9117,9001,5,7,7904,0,'Plantation Establishment including SocMob','hectares',2016,107,2,'National Greening Program','Cumulative',0,'','','',100,NULL,NULL,6),(9180,8497,5,2,32628,29599,'Distribution of certified seeds','no of kilograms distributed',2016,101,2,'no program','Default',0,'','','Use of high quality and high yielding varieties to increase and enhance rice productivity that will contribute to rice sufficiency',100000,NULL,'not-completed',39),(9229,8497,5,5,32628,29599,'Distribution of Mechanical Corn Sheller (P200T)','no. of units distributed',2016,143,2,'no program','Default',0,'','','To reduce atleast 5% post harvest losses',1,NULL,'not-completed',40),(9284,15959,5,1,32628,23788,'Operation and Maintenance of Multi-Species Hatchery','# of multi-species hatcheries maintained',2016,133,2,'Operation and Maintenance of Production and Technology Stations','Maintained',0,'2016-01','2016-12','To sustain the production and availability of high value marine/freshwater finfish and invertebrate seed stock for aquaculture activities through the operation and maintenance of the hatcheries',0,NULL,NULL,2.01),(9299,8156,5,10,19613,14219,'Construction of Flood Control along Chico River, Barangay Pallogan, Tagudin, Ilocos Sur	','percentage',2016,113,2,'no program','Cumulative',0,'2016-03','2016-09','',0,NULL,NULL,11),(9372,1,28720,1,20239,4082,'Construction of Social Infrastructure ','Number of social infrastruture (sub-project) completed',2016,131,2,'no program','Cumulative',0,'2016-01','2016-12','Communities in target\r\nmunicipalities are empowered to achieve improved access to\r\nbasic services and to participate in more\r\ninclusive local planning\r\nand budgeting.',11,NULL,NULL,3),(9461,8156,5,21,19613,14219,'Agno River Basin Flood Control Project-Construction of Bank Protection, Brgy. Osiem-Landas, Mangaldan, Pangasinan	','percentage',2016,113,2,'DPWH Infrastructure Program','Default',0,'2016-01','2016-05','',0,NULL,NULL,12),(9591,16072,17823,15,19613,27977,'Rehabilitation of Balecbec-Basca Farm to Market Road','Percentage of Completion',2016,104,2,'no program','Cumulative',0,'','','',0,NULL,'not-completed',9),(9666,9001,5,12,7904,9725,'Ecotourism Development - Capacity Building','training/capacity building conducted (no)',2016,107,2,'no program','Default',0,'','','Capacity Building Conducted',100,NULL,NULL,7),(9923,15959,5,1,32628,23788,'Mangrove Enhancement Program','# of mangrove propagules planted',2016,133,2,'Coastal and Inland Fisheries Resource Rehabilitation  and Development','default',0,'2016-03','2016-08','To provide important habitat, food, shelter and nursery areas for the aquatic organisms.',0,NULL,NULL,30.02),(9943,17344,15,7,19613,0,'Integration of solar panels in infra projects','No. of panels installed',2016,144,2,'no program','Cumulative',0,'','','Integrate climate change measures into University policies, strategies and planning, infrastructure, research and extensions',0,NULL,NULL,4),(9949,8034,5,17,20239,0,'Bottom Up Budgeting','Number of Constructed Communal Public Toilets',2016,109,2,'no program','Cumulative',0,'2016-01','2016-12','Increase access to safe water and sanitary facilities',5,NULL,NULL,5),(9956,15959,5,1,32628,23788,'Marketing Assistance','# of industry fora conducted',2016,133,2,'Market Development Services','default',0,'2016-03','2016-12','To encourage independent fishpond operators to venture into production programming scheme\r\n and encourage more investments for better opportunities in fisheries',0,NULL,NULL,12),(10044,27463,5,1,20239,25172,'Training of BPVs on IPCC','No. of trainings/orientations conducted',2016,117,2,'Technical Support Services, PAP 2: Technical Service arrangements undertaken','Default',0,'','','To conduct training & orientation of MPOs/CSOs in the implementation of RPFP & Referral System (% of  population workers, Lgus, clients and other stakeholders provided with technical support. )',85,100,'completed',8),(10075,30155,3,6,32628,0,'Germplasm conservation and selection of promising traditional upland rice varieties in Ilocos Norte','No. of traditional upland rice selected and maintained No. of technology developed ',2016,115,2,'no program','Cumulative',0,'','','Maintain/conserve traditional upland rice of Ilocos Norte and evaluate agronomic performance of TUR in upland and rainfed lowland and agroecosystems and sensory evaluation',0,NULL,'not-completed',20),(10121,8497,5,13,32628,29599,'Distribution of Corn Planter','no. of units distributed',2016,143,2,'no program','Default',0,'','','To increase corn production and facilitate planting of corn',1,NULL,'not-completed',41),(10157,17344,3,7,7904,0,'Native Rice Organic Production in Ilocos Sur ','Percentage of work done',2016,144,2,'no program','Default',0,'','','Ensure Sustainable consumption and production patterns',0,NULL,NULL,5),(10512,15979,5,1,20239,0,'Culture Sensitivity Orientation for Health Workers and Other Stakeholders','no. of orientations',2016,149,2,'no program','Cumulative',0,'','','4 Culture Sensitivity Orientations conducted end of 2016',4,NULL,'not-completed',4),(10619,1,5,1,20239,25172,'Feeding Project to Day Care Children ','Number of day care children fed',2016,131,2,'no program','Cumulative',0,'2016-07','2017-06','Increase weight of the 80% of the severely underweight and underweight day care children fed. ',80,NULL,NULL,4),(10650,28499,3,12,19613,0,'Academic Building, College of Agriculture- NLUC','% of completion',2016,122,2,'no program','Cumulative',0,'','','Academic building to house classrooms and academic offices. (% of completion)',100,NULL,NULL,2),(10676,30155,3,1,32628,29599,'Production of disease-free planting materials of identified fruit trees through tissue culture','No. of protocols developed No. of tissue cultured fruit tree species  ',2016,115,2,'no program','Default',0,'','','Develop and evaluate protocol for tissue cultured fruit tree species',0,NULL,'not-completed',21),(10689,15959,5,1,32628,23788,'IEC materials','# of IEC materials distributed',2016,133,2,'Conduct of Information, Education and Communication Activities','default',0,'2016-01','2016-12','To facilitate dissemination and commercialization of BFAR generated technologies through brochures, flyers, etc, for the  fisherfolk/stakeholders.',0,NULL,NULL,13),(10726,27463,5,1,20239,25172,'Capability Building on Gender for RPO Staff','No. of training/s conducted',2016,117,2,'Technical Support Services, PAP 2: Technical Service arrangements undertaken','Default',0,'','','To conduct training for Population Office staff to increase the level of knowledge & practice on gender & development  (% of  population workers, Lgus, clients and other stakeholders provided with TS)',85,NULL,'not-completed',9),(10823,15959,5,1,32628,23788,'Technology Demonstrations on Marine fish cage, Integrated Farming, Freshwater fishcage, Aqausilviculture, Aquarium fish culture, Shellfish culture, Fish Polyculture, Sea Garden project, Seaweed farming, Catfish culture, Organic farming','# of technology demonstration established',2016,133,2,'Establishment of Technology Demonstration','default',0,'2016-02','2016-08','To showcase various fisheries technologies in fresh, brackish water and mariculture areas for adoption  by marginal fisherfolk  as well as investors and help to increase income of farmers.',0,NULL,NULL,14),(10918,15959,5,1,32628,23788,'Broodstock Development and Maintenance','# of broodstock maintained',2016,133,2,'Fish Seed Production and Distribution','Maintained',0,'2016-01','2016-12','',0,NULL,NULL,15),(10926,8497,5,1,32628,10421,'Laboratory Maintained ','no of laboratory maintained',2016,101,2,'no program','Maintained',0,'','','To provide diagnostic test and services for disease control and eradication and genetic improvement',1,NULL,'not-completed',NULL),(11019,15959,5,1,32628,23788,'Training conducted for Aquaculture, Municipal,Regulatory, Post Harvest, and Entrepreneurship Training','# of training conducted',2016,133,2,'Provision of Training','default',0,'2016-01','2016-10','Enhance skills od assisted fisherfolk associations, livelihood recipients and fishery implementers on marketing, development, organizational  management and leadership strategies.',0,NULL,NULL,16),(11085,30155,3,6,19613,3495,'Development of indigenous food plants databank system','No. of database developed',2016,115,2,'no program','Cumulative',0,'','','Develop indigenous food plants databank system',0,NULL,'not-completed',22),(11126,8156,5,27,19613,14219,'Agno River Basin and Allied Rivers Flood Control Project-Construction of Bank Protection, Brgy. Barangobong, Natividad, Pangasinan 6th LD	','percentage',2016,113,2,'DPWH Infrastructure Program','Cumulative',0,'2016-02','2016-04','',0,NULL,NULL,13),(11209,8497,5,27,32628,29599,'Distribution of pump and engine set (Diesel Engine)','no. of units distributed',2016,143,2,'no program','Default',0,'','','To increase production and cropping intensity of crops and augment income of farmers',7,NULL,'not-completed',42),(11250,15959,2,1,32628,23788,'Technology Demonstrations -Post Harvest technology','# of  technodemo on postharvest technology established',2016,133,2,'Establishment of Technology Demonstration','default',0,'2016-04','20146-04','',0,NULL,NULL,14.01),(11256,30155,3,6,32628,29599,'Development of pureline eggplant cultivars for wet season planting','No. of pureline developed',2016,115,2,'no program','Default',0,'','','Develop and evaluate performance of promising pureline eggplant cultivars',0,NULL,'not-completed',23),(11319,8497,5,15,32628,29599,'Distribution of cassava grater (complete set 150T)','no. of unit distributed',2016,101,2,'no program','Default',0,'','','To increase efficiency in cassava granting by at least 200% improve the quality of cassava and to make cassava grates available for food at the village level in cassava eating areas',1,NULL,'not-completed',43),(11381,8156,5,10,19613,0,'Sta Maria-Burgos Rd - K0371+000 - K0371+328, K0372+000 - K0372+132	',' percentage',2016,113,2,'DPWH Infrastructure Program','Cumulative',0,'2016-03','2016-07','',0,NULL,NULL,14),(11439,8156,5,8,19613,14219,'Construction of Flood Control along Cabugao River	','percentage',2016,113,2,'no program','Cumulative',0,'2016-03','2016-08','',0,NULL,NULL,15),(11450,8497,5,18,32628,29599,'Distribution of Tractor for Corn','no. of units distributed',2016,143,2,'no program','Default',0,'','','To increase corn production by atleast one metric ton per hectare; increase income of farmers of atleast 5-10 % per hectare; ensure farmers\' timely cultivation and planting and facilitate cultivation ',1,NULL,'not-completed',44),(11457,8497,5,3,32628,29599,'Distribution of Moisture Meter','no. of units distributed',2016,143,2,'no program','Default',0,'','','To determine moisture content of grains',1,NULL,'not-completed',45),(11461,27463,5,1,20239,25172,'Development/production of RP-FP IEC mats for FDS','No. of materials produced',2016,117,2,'Technical Support Services, PAP 2: Technical Service arrangements undertaken','Default',0,'','','To reproduce FP Flipcharts and leaflets to be used in the conduct of RP-FP Classes during FDS sessions for couples  (% of  population workers, Lgus, clients and other stakeholders provided with TS)',85,NULL,'not-completed',10),(11552,8515,3,17,20239,4082,'Conduct of various research studies related to social services and community development','No. of research studies completed',2016,146,2,'no program','Cumulative',0,'2016-04','2016-12','Creation of new knowledge and technology for sustainable development',0,NULL,NULL,8),(11811,23393,1,27,19613,0,'Construction of Multi-Purpose Building, Poblacion, San Nicolas','unit',2016,140,2,'no program','Cumulative',0,'2016-01','2016-06','To be used as Barangay Hall of Poblacion',1,NULL,'not-completed',9),(12049,30155,3,6,32628,29599,'Horticultural evaluation of vegetable land races and other crops ','No. of vegetable land races evaluated',2016,115,2,'no program','Cumulative',0,'','','Evaluate vegetable land races and other crops on their horticultural characteristics',0,NULL,'not-completed',24),(12117,28499,3,12,19613,0,'Academic Building, BSIE - MLUC','% of completion',2016,122,2,'no program','Cumulative',0,'','','An academic building to house lecture and laboratory rooms. (% of completion)',100,NULL,NULL,3),(12157,27463,5,1,20239,25172,'Situational Analysis on Women Population Workers','No. of training/s conducted',2016,117,2,'Technical Support Services, PAP 2: Technical Service arrangements undertaken','Default',0,'','','To conduct situational analysis on all women population workers in relation to their gender knowledge, attitude and practice(% of  women population workers with gender knowledge, attitude and practice',85,NULL,'not-completed',11),(12167,8034,5,2,20239,0,'Bottom-up Budgeting','Number of constructed communal public toilet',2016,109,2,'no program','Cumulative',0,'2016-12','2016-12','Increase access to safe water and sanitary facilities',5,NULL,NULL,6),(12335,8034,5,7,20239,0,'Bottom Up Budgeting','Number of Households Provided with Toilet Bowls and Construction Materials',2016,109,2,'Provision of Toilet Bowls and Construction Materials','Cumulative',0,'January 2016','December 2016','Improved sanitation and hygiene',500,NULL,NULL,7),(12356,8156,5,21,19613,14219,'Construction/Rehabilitation along Sinucalan River, Banaoang Section, Sta. Barbara, Pangasinan 3rd LD (Phase II)	','percentage',2016,113,2,'DPWH Infrastructure Program','Cumulative',0,'2016-02','2016-06','',0,NULL,NULL,16),(12357,30155,3,2,20239,4082,'Corn Dispersal Project','no. of farmer cooperators',2016,115,2,'no program','Cumulative',0,'','','To increase the glutinous corn production of the farmers using the recommended technology',0,NULL,'not-completed',25),(12508,9001,5,1,7904,9725,'Provision of Technical Assistance in Integrated Coastal Management (Formulation of ICM PLan of 5 LGUs','Numbers',2016,107,2,'no program','Maintained',0,'','','LGUs provided with TA in the preparation of ICM Plan',100,NULL,NULL,8),(12645,15979,5,1,20239,1963,'Assistance to Community School','no. of community schools',2016,149,2,'IP Education and Advocacy Program','Cumulative',0,'','','5 community schools assisted end of 2016',5,NULL,'not-completed',5),(12761,8034,5,1,20239,0,'Family Planning program','Number of KP Caravans Conducted',2016,109,2,'Conduct of KP Caravan','Cumulative',0,'January 2016','December 2016','Improved maternal Health and ensured survival, health and well-being of mothers and their unborn. Reduced number of married women of reproductive age with unmet needs.',8,NULL,NULL,8),(12798,27463,5,1,20239,25172,'Development/Production Dissemination of gender-sensitive multi-media communication & advocacy materials - Audio/Print Materials','No. of Audio & Print Ads',2016,117,2,'Technical Support Services, PAP 1: Promotional Advocacy activities provided with funding support','Default',0,'','','To develop ads, infomercials in local papers and radio stations (% of population familiar with population programs and policies)',85,NULL,'not-completed',12),(12802,9001,5,17,7904,0,'Plantation Establishment including SocMob','hectares',2016,107,2,'National Greening Program','Cumulative',0,'','','',100,NULL,NULL,9),(12889,8156,5,21,19613,14219,'Construction of River Bank Protection along Agno River, Amancosiling Sur Section, Bayambang, Pangasinan 3rd LD (Phase I)	','percentage',2016,113,2,'DPWH Infrastructure Program','Cumulative',0,'2016-01','2016-05','',0,NULL,NULL,17),(13017,8034,5,1,20239,0,'Health Facility Enhancement Program','Number of LGUs provided with health facilities',2016,109,2,'no program','Cumulative',0,'2016-01','2016-12','Improved access to quality hospitals and health care facilities in the region.',69,NULL,NULL,9),(13125,8497,5,10,32628,29599,'Distribution of Combine Harvester for Corn Farmers','no. of units distributed',2016,143,2,'no program','Default',0,'','','To reduce crop postproduction losses and increase productivity of labor',1,NULL,'not-completed',46),(13140,242,3,1,20239,0,'Scholarship','No. of scholars',2016,127,2,'Private Education Student Financial Assistance','Cumulative',0,'','','% of graduates who have undergone assessment',90,NULL,NULL,3),(13203,8497,5,23,32628,29599,'Distribution of pump and engine set (Diesel Engine)','no. of units distributed',2016,143,2,'no program','Default',0,'','','To increase production and cropping intensity of crops and augment income of farmers',4,NULL,'not-completed',47),(13217,9001,5,2,7904,0,'Maintenance and Protection of Established Plantation CY 2014 Established','hectares',2016,107,2,'no program','Maintained',0,'','','Established Plantation Maintained and Protected',100,NULL,NULL,10),(13414,23393,1,27,19613,0,'Concreting of San Manuel-San Nicolad Road, San Nicolas','kilometer',2016,140,2,'no program','Cumulative',0,'2016-07','2016-09','To increase roadline.',1,NULL,'not-completed',10),(13435,8156,5,1,19613,27977,'Repair/Improvement of Bogtong Bridge River Bank Slope Protection, Barangay Palamis, Alaminos City, Pangasinan 1st LD	','percentage',2016,113,2,'DPWH Infrastructure Program','Cumulative',0,'2016-03','2016-07','',0,NULL,NULL,18),(13446,23393,1,22,19613,0,'Construction of stage with Principal\'s Office at Brgy. Lilimasan, San Carlos City','sq. m.',2016,140,2,'no program','Cumulative',0,'2016-01','2016-03','To provide facility of the school for the students as well as for the school staff',1,NULL,'not-completed',11),(13510,30155,3,6,7904,13891,'Physical characterization and instrumentation of the Quiaoit River watershed','No. of database developed and maps generated',2016,115,2,'no program','Cumulative',0,'','','Assess the physical characteristics of the watershed',0,NULL,'not-completed',26),(13615,27463,5,1,20239,25172,'Rapid Orientation for newly elected officials','No. of orientation/s conducted',2016,117,2,'Technical Support Services, PAP 1: Promotional Advocacy activities provided with funding support','Default',0,'','','To develop Regional RAPID booklet and conduct orientation to help LCEs and local legislators appreciate and pledge support to the population program (% of LGUs and stakeholders support the population ',85,NULL,'not-completed',13),(13716,27238,1,1,32628,0,'Renewable Fuelwood Energy Farm Development and Restoration of Ecological Integrity','No. of trees planted for Kabuhayan',2016,103,2,'no program','Cumulative',0,'','','',7280350,NULL,NULL,20),(13930,8156,5,27,19613,14219,'Agno River Basin and Allied Rivers Flood Control Project-Construction of Bank Protection, Brgy. Pataquid, Sta. Maria, Pangasinan 6th LD	','percentage',2016,113,2,'DPWH Infrastructure Program','Cumulative',0,'2016-02','2016-05','',0,NULL,NULL,19),(13947,8034,5,1,0,0,'Dengue Control Program','Number of LGUs Provided with Commodities and Services',2016,109,2,'Provision of Insecticides for Fogging/Misting/Larviciding of High Risk Areas','Cumulative',0,'2016-01','2016-12','Reduce Morbidity and Mortality from Dengue Infection',40,NULL,NULL,10),(13984,8156,5,21,19613,14219,'Construction of River Bank Protection along Agno River, Paragos Section Bayambang, Pangasinan 3rd LD	','percentage',2016,113,2,'DPWH Infrastructure Program','Cumulative',0,'2016-02','2016-05','',0,NULL,NULL,20),(14022,16072,15,15,19613,11825,'Construction of Decentralized Wastewater Treatment, Rosario District Hospital','Percentage of Completion',2016,104,1,'no program','Cumulative',0,'','','',0,NULL,'not-completed',10),(14065,27463,5,1,20239,25172,'100M Symbolic Baby','No. of event/s conducted',2016,117,2,'Technical Support Services, PAP 1: Promotional Advocacy activities provided with funding support','Default',0,'','','To conduct celebration of continuing milestone in achieving healthy and well-cared babies. (% of population familiar with population programs and policies)',85,NULL,'not-completed',14),(14121,30155,3,6,32628,0,'Development and standardization of food products that can be a viable enterprise for stakeholders ','No. of food products developed',2016,115,2,'no program','Cumulative',0,'','','Develop and standardize food products that can be a viable enterprise for stakeholders',0,NULL,'not-completed',27),(14136,8034,5,1,20239,0,'Malaria Control and Prevention Program','Number of Insecticide Treated Nets Provided to LGUs (25 LGUs)',2016,109,2,'Provision of Insecticide Treated Nets to Schools for Integrated Vector Management','Cumulative',0,'2016-01','2016-01','Reduce Morbidity and Mortality from Malaria Infection',400,NULL,NULL,11),(14157,9001,5,2,7904,0,'Seedling Production/Procurement CY 2016','Numbers',2016,107,2,'no program','Default',0,'','','Seedlings Produced/Procured',100,NULL,NULL,11),(14193,8156,5,13,19613,0,'Completion of Multi-purpose Building at San Francisco, City of San Fernando, La Union	','percentage',2016,113,2,'no program','Cumulative',0,'2016-03','2016-08','',0,NULL,NULL,21),(14255,8497,5,3,32628,29599,'Distribution of Corn Planter','no. of units distributed',2016,143,2,'no program','Default',0,'','','To increase corn production and facilitate planting of corn',1,NULL,'not-completed',48),(14268,8497,5,21,32628,29599,'Distribution of Combine Harvester for Corn Farmers','no. of units distributed',2016,143,2,'no program','Default',0,'','','To reduce crop postproduction losses and increase productivity of labor',2,NULL,'not-completed',49),(14323,30155,3,6,32628,10939,'Market analysis and food safety','No. marketing plans developed',2016,115,2,'no program','Cumulative',0,'','','Conduct market analysis and food safety',0,NULL,'not-completed',28),(14335,17344,3,7,20239,0,'Use of schoology to complement classroom discussions','No. of faculty oriented',2016,144,2,'no program','default',0,'','','To ensure better quality of education',0,NULL,NULL,6),(14588,8497,5,8,32628,29599,'Distribution of pump and engine set (Diesel Engine)','no. of units distributed',2016,143,2,'no program','Default',0,'','','To increase production and cropping intensity of crops and augment income of farmers',3,NULL,'not-completed',50),(14678,8156,5,15,19613,14219,'Construction of Shore Protection, Damortis,Rosario, La Union	','percentage',2016,113,2,'DPWH Infrastructure Program','Cumulative',0,'2016-01','2016-07','',0,NULL,NULL,22),(14790,9001,5,12,7904,0,'Maintenance and Protection of Established Plantation CY 2014 Established','hectares',2016,107,2,'no program','Maintained',0,'','','Established Plantation Maintained and Protected',100,NULL,NULL,12),(14796,17344,9,7,19613,0,'Operationalization of the UNP Hostel Phase I','Revenue to be realized',2016,144,2,'no program','Cumulative',0,'','','Infrastructure for Development',0,NULL,NULL,7),(14801,9001,5,7,7904,13891,'Maintenance and Protection of Established Plantation CY 2016','hectares',2016,107,2,'National Greening Program','Cumulative',0,'','','Established Plantation Maintained and Protected',100,NULL,NULL,13),(14978,15959,2,1,32628,23788,'Distribution of Postharvest Equipment ','# of postharvest equipment distributed',2016,133,2,'Establishment of fishery on-farm Equipment and Post Harvest Facilities','default',0,'2016-03','2016-05','To promote and enhance participation of women and men, both as agents  and beneficiaries in the development of the fishery  industry of Region 1.',0,NULL,NULL,17),(15019,8156,5,21,19613,14219,'Construction of River Bank Protection along Agno River, Guelew Section, San Carlos City, Pangasinan 3rd LD (Phase III)	','percentage',2016,113,2,'DPWH Infrastructure Program','Cumulative',0,'2016-01','2016-07','',0,NULL,NULL,23),(15066,15959,2,1,32628,23788,'Participation to Agri-Aqua Fairs and Exhibits','# of agri-aqua fair and exhibits participated',2016,133,2,'Market Development Services','default',0,'2016-01','2016-12','Disseminate information about current programs and projects, showcase existing projects policies and industry trends that would  provide better opportunity for production and marketing.',0,NULL,NULL,12.01),(15232,15959,5,1,32628,23788,'Fingerlings/Seed stocks Distribution','# of fingerlings/seed stocks distributed/dispersed (pcs)',2016,133,2,'Fish Seed Production and Distribution','default',0,'2016-01','2016-12','',0,NULL,NULL,15.01),(15237,8497,5,10,32628,29599,'Distribution of pump and engine set (Diesel Engine)','no. of units distributed',2016,143,2,'no program','Default',0,'','','To increase production and cropping intensity of crops and augment income of farmers',3,NULL,'not-completed',51),(15300,17344,3,7,0,0,'Skills Training for Employment Program and Livelihood Training/ Technology Transfer','No. of trainings conducted',2016,144,2,'no program','Default',0,'','','End Hunger, achieve food security and improves nutrition and promote sustainable agriculture.',0,NULL,NULL,8),(15347,15959,5,1,32628,23788,'Environmental Monitoring','# of environmental monitoring conducted',2016,133,2,'Supply Services for Fishery Productivity','default',0,'2016-01','2016-12','To ensure a god environment for fish culture and production through compliance to good aquaculture practices and other environmental related regulations.',0,NULL,NULL,24.02),(15642,15979,5,7,20239,0,'Educational Assistance Program','no. of youth beneficiaries',2016,149,2,'no program','Default',0,'','','1045  youth beneficiaries completed first semester SY 2016-2017',1045,NULL,'not-completed',6),(15718,27238,1,1,32628,0,'AGRIPINOY Tobacco Trading and Food Processing Center and Milling Complex','No. of Raw Materials produce',2016,103,2,'no program','default',0,'','','Increase in Tobacco Farmers Income',2,NULL,NULL,1),(15722,28499,3,12,19613,0,'Rehabilitation of Dormitory, MLUC','% of completion',2016,122,2,'no program','Cumulative',0,'','','',0,NULL,NULL,4),(15732,23393,1,17,7904,0,'Installation of Shallow Tube Well Irrigation Project ','no of units',2016,140,2,'no program','Default',0,'2016-01','2016-12','To mitigate \"El Nio\" effects',183,NULL,'not-completed',12),(15880,27238,1,1,32628,0,'Irrigation Support Project for Market-driven Quality Tobacco Production and Food Security','No. of Communal Irrigation Project',2016,103,2,'no program','default',0,'','','',85,NULL,NULL,19),(15902,30155,3,6,7904,0,'Assessment of the effectiveness of CRH (activated and un-activated) in controlling odor emission, bio-aerosol concentration in some agricultural operations','No. of parameters controlled by the activated carbon',2016,115,2,'no program','Cumulative',0,'','','Assess the effectiveness of CRH (activated and un-activated) in controlling odor emission, bio-aerosol concentration in some  agricultural operations',0,NULL,'not-completed',29),(15930,8497,5,12,32628,29599,' Distribution of hand tractor with complete accessories','no. of units distributed',2016,143,2,'no program','Default',0,'','','To increase crop yield, productivity of labor and income of farmers',15,NULL,'not-completed',52),(16010,30155,3,2,20239,0,'Palay Dispersal Program','no. of farmer cooperators',2016,115,2,'no program','Cumulative',0,'','','To increase the rice production of the farmers using recommended technology',0,NULL,'not-completed',0),(16094,30155,3,5,19613,0,'Repair/Rehabilitation of Academic Building - CASAT','percent complete',2016,115,2,'no program','Cumulative',0,'','','The project should be 100 percent complete by the end of December 2016',100,NULL,'not-completed',31),(16255,8156,5,24,19613,27977,'Sta Barbara-Mangaldan Rd  - K0204+-038- K0204+629 at Mangaldan Pangasinan	','percentage',2016,113,2,'DPWH Infrastructure Program','Cumulative',0,'2016-01','2016-07','',0,NULL,NULL,24),(16463,8497,5,7,32628,29599,'Distribution of certified seeds','no of kilograms distributed',2016,101,2,'no program','Default',0,'','','Use of high quality and high yielding varieties to increase and enhance rice productivity that will contribute to rice sufficiency',50000,NULL,'not-completed',53),(16475,23393,1,25,19613,0,'Construction of Multi Purpose Building (Gymnasium) at Cabuaan E/S, Bautista','sq. m.',2016,140,2,'no program','Cumulative',0,'2016-04','2016-06','To provide sports facility within the school',1,NULL,'not-completed',13),(16591,15979,5,17,20239,0,'Educational Assistance Program','no. of youth beneficiaries',2016,149,2,'no program','Default',0,'','','75 youth beneficiaries completed first semester SY 2016-2017',75,NULL,'not-completed',7),(16664,16072,13753,15,19613,27977,'Improvement of Rosario-Tubao Road (Tubao Section)','Percentage of Completion',2016,104,2,'no program','Cumulative',0,'','','',0,NULL,'not-completed',11),(16688,17344,3,7,20239,0,'Academic Support thru Guidance and Counseling Intervention Programs','No. of intervention programs',2016,144,2,'no program','default',0,'','','To ensure better quality of education',0,NULL,NULL,9),(16941,8497,5,17,32628,0,'Construction of Rice Processing Centers (RPC 1)','no. of units distributed',2016,143,2,'no program','Default',0,'','','To reduced post-harvest losses by providing access to modern, efficient drying and milling facilities and contribute to raising farmers income',1,NULL,'not-completed',54),(16993,23393,1,25,19613,0,'Asphalting of Urdaneta-Manaoag San Vicente Road, Urdaneta City','kilometer',2016,140,2,'no program','Cumulative',0,'2016-07','2016-09','To increase roadline',1,NULL,'not-completed',14),(17052,27238,1,1,32628,0,'Renewable Fuelwood Energy Farm Development and Restoration of Ecological Integrity','No. of beneficiaries ',2016,103,2,'no program','default',0,'','','',3160,NULL,NULL,17),(17247,1,3,1,20239,4082,'Modified Conditional Cash Transfer for Indigenous People  ','Number of beneficiaries provided with conditional cash transfer ',2016,131,1,'no program','Maintained',0,'2016-01','2016-12','Increased the percentage of self-sufficient Pantawid Pamilyang Pilipino Program beneficiaries from 14.62% (28,771 out of 196,804) to 21.67% (43,083 out of 198,807)',21,NULL,NULL,5),(17280,23942,5,1,9490,0,'Community Information and Education Program','Nr of activities conducted',2016,108,2,'Conduct of Information, Education and Communication Activities','Cumulative',0,'2016-01','2016-12','To systematize the development, production and dissemination of information, both for internal and external audiences to enhance and/or counter various issues affecting the organization.',62118,NULL,NULL,6),(17294,8497,5,10,32628,29599,'Distribution of Corn Planter','no. of units distributed',2016,143,2,'no program','Default',0,'','','To increase corn production and facilitate planting of corn',1,NULL,'not-completed',55),(17296,8497,5,3,32628,0,'Distribution of cassava pulvorizer','no of units distributed',2016,101,2,'no program','Default',0,'','','To make pulverized cassava available at all time for processing ',2,NULL,'not-completed',56),(17306,8156,5,21,19613,27977,'Construction/Improvement of Roads leading to Seor Divino Tesoro Shrine, Calasiao, Pangasinan (Phase III)	','percentage',2016,113,2,'DPWH Infrastructure Program','Cumulative',0,'2016-03','2016-09','',0,NULL,NULL,25),(17372,8497,5,1,32628,10421,'Distribution of native swine','no of heads distributed',2016,101,2,'no program','default',0,'','','To establish phenotypically purified native Ilocos pigs and provide additional income of farmers',65,NULL,'not-completed',NULL),(17418,8156,5,10,19613,14219,'Construction of Flood Mitigation Structures and Drainage System-Buaya River Flood Control, Sta. Cruz, Ilocos Sur 2nd LD	','percentage',2016,113,2,'DPWH Infrastructure Program','Cumulative',0,'2016-02','2016-06','',0,NULL,NULL,26),(17628,8497,3,3,32628,29599,'Distribution of pump and engine set (Diesel Engine)','no. of units distributed',2016,143,2,'no program','Default',0,'','','To increase production and cropping intensity of crops and augment income of farmers',2,NULL,'not-completed',57),(17658,30155,3,6,7904,0,'Characterization and measurement of air quality in outdoor/indoor space','No. of parameters observed',2016,115,2,'no program','Cumulative',0,'','','Characterize and measure air quality in outdoor/indoor space',0,NULL,'not-completed',32),(17672,16072,15,13,19613,11825,'Construction of Decentralized Wastewater Treatment, Balaoan District Hospital','Percentage of Completion',2016,104,1,'no program','Cumulative',0,'','','',0,NULL,'not-completed',12),(17743,8497,5,20,32628,29599,'Distribution of pump and engine set (Diesel Engine)',' no. of units dristributed',2016,143,2,'no program','Default',0,'','','To increase production and cropping intensity of crops and augment income of farmers',6,NULL,'not-completed',58),(17825,1,3,1,20239,4082,'Cash for Work ','Number of beneficiaries served ',2016,131,2,'no program','Cumulative',0,'2016-01','2016-12','Provision of cash grants to disaster victims and/or displaced persons in exchange for their services or involvement in undertaking restoration and restoration and rehabilitation activities.',96324,NULL,NULL,6),(17828,8497,5,5,32628,29599,'Distribution of Vertical Dryer','no. of units distributed',2016,143,2,'no program','Default',0,'','','To reduce atleast 5% post harvest losses in corn',1,NULL,'not-completed',59),(17918,30155,2,6,20239,0,'Gender Sensitivity Training for Student Leaders','no. of training conducted',2016,115,2,'no program','Cumulative',0,'','','To heighten awareness and appreciation of GAD concepts and programs among MMSU faculty members',1,NULL,'not-completed',33),(17962,8497,5,12,32628,29599,'Distribution of transplanter with seedling tray','no. of units distributed',2016,143,2,'no program','Default',0,'','','To increase crop yield, productivity of labor and income of farmers',1,NULL,'not-completed',60),(18190,27463,5,1,20239,25172,'Regional Festival of Talents','No. of event/s conducted',2016,117,2,'Technical Support Services, PAP 1: Promotional Advocacy activities provided with funding support','Default',0,'','','To conduct an annual competition showcasing talents of secondary level students to increase their appreciation & awareness on ARH & population issues((% of population familiar with population program)',85,100,'completed',15),(18435,30155,2,6,20239,1963,'Genser Sensitivity Seminar for ANTAP (Association of Non-Teaching and Administrative Personnel)','no. of seminar conducted',2016,115,2,'no program','Default',0,'','','To heighten awareness and appreciation of GAD concepts and programs among MMSU non-teaching employees',0,NULL,'not-completed',34),(18590,16072,10394,15,19613,0,'Improvement of Rosario-Tubao Road','Percentage of Completion',2016,104,2,'no program','Cumulative',0,'','','',0,NULL,'not-completed',13),(18725,23393,1,21,19613,0,'Improvement/rehabilitation (concreting) of Calasiao Railroad Station','kilometer',2016,140,2,'no program','Cumulative',0,'2016-04','2016-09','To increase roadline by .226 km',10,NULL,'not-completed',15),(18823,30155,3,6,32628,0,'Assessment and optimization of water consumption of major rice based crops under rainfed lowland conditions in Ilocos Norte','No. of rice-based crops evaluated',2016,115,2,'no program','Cumulative',0,'','','Determine the actual water requirement of rice-based crops and compare it to the theoretical ET ',0,NULL,'not-completed',35),(18899,1,3,1,20239,4082,'Micro-enterprise Development ','Number of beneficiaries provided with micro-enterprise ',2016,131,2,'no program','default',0,'2016-01','2016-12','Increase the percentage of self-sufficient Pantawid Pamilyang Pilipino Program beneficiaries from  14.62% (28,771 out of 196,807 beneficiaries ) to 21.67% (43,083 out of 198,807)',21,NULL,NULL,7),(18909,30155,3,6,20239,25172,'Safe ambulation rehab using kawayan orthopedic devices','No. of Developed kawayan orthopedic devices',2016,115,2,'no program','Cumulative',0,'','','Explore the versatility of bamboo as alternative rehabilitation equipment.',0,NULL,'not-completed',36),(18930,8156,5,23,19613,0,'Construction of roads, Tambac/ Tebeng, Dagupan City, Pangasinan 4th LD	','percentage',2016,113,2,'no program','Cumulative',0,'2016-01','2016-05','',0,NULL,NULL,27),(19042,30155,3,6,20239,25172,'Pre-formulation, formulation and quality assessment of dragon fruit herbal supplement and cosmetic products  ','No. of products developed',2016,115,2,'no program','Default',0,'','','Conduct pre-formulation, formulation and quality assessment of dragon fruit herbal ',0,NULL,'not-completed',37),(19047,27238,1,1,32628,0,'Integrated Farming and Other Income Generating Activities Project- Tobacco Componenet','Area Covered',2016,103,2,'no program','default',0,'2016-09','2016-12','',1850,NULL,NULL,3),(19086,8156,5,27,19613,14219,'Agno River Basin and Allied Rivers Flood Control Project-Construction of Bank Protection, Brgy. Burgos, Natividad, Pangasinan 6th LD	','percentage',2016,113,2,'DPWH Infrastructure Program','Cumulative',0,'2016-02','2016-06','',0,NULL,NULL,28),(19112,9001,5,7,7904,0,'Seedling Production/Procurement CY 2016','Numbers',2016,107,2,'no program','Default',0,'','','Seedlings Produced/Procured',100,NULL,NULL,14),(19125,25988,3,1,32628,0,'Participatory Coconut Planting Project','Area (has.) planted',2016,142,2,'no program','Cumulative',0,'2016-01','2016-12','Increased coconut production area in Ilocos Region.',1420,NULL,'not-completed',1),(19170,17344,3,7,20239,0,'Offering of Grade 11','No. of faculty oriented re-module writing',2016,144,2,'no program','default',0,'','','Ensure inclusive and equitable quality education and promote lifelong learning opportunities for all',0,NULL,NULL,10),(19203,25988,3,1,32628,29599,'Coconut Fertilization Project','Area (has.) fertilized',2016,142,2,'no program','Cumulative',0,'2016-01','2016-12','Increase coconut yield production.',713,NULL,'not-completed',2),(19358,8497,5,7,32628,29599,' Distribution of hand tractor with complete accessories','no. of units distributed',2016,143,2,'no program','Default',0,'','','To increase crop yield, productivity of labor and income of farmers',15,NULL,'not-completed',61),(19464,8156,5,18,19613,30548,'Construction/Completion of Pangasinan State University Multi-Purpose Building, Infanta, Pangasinan (Pangasinan 1st DEO)	','percentage',2016,113,2,'DPWH Infrastructure Program','Cumulative',0,'2016-03','2016-10','',0,NULL,NULL,29),(19465,8034,5,17,20239,0,'Bottom Up Budgeting','Number of Barangay Health Station Kits Provided to LGUs',2016,109,2,'Provision of Barangay health Station Kits','Cumulative',0,'January 2016','December 2016','Improved access and availability of essential drugs and medicines in government health facilities in all levels in the region.',40,NULL,NULL,12),(19471,8497,5,13,32628,29599,'Distribution of pump and engine set (Electric Pump)','no. of units distributed',2016,143,2,'no program','Default',0,'','','To increase production and cropping intensity of crops and augment income of farmers',4,NULL,'not-completed',62),(19699,8497,5,17,32628,0,'Construction of Multi-Purpose Drying Pavement','no. of units distributed',2016,143,2,'no program','Default',0,'','','To reduce drying losses of the palay harvest of the farmers; improve the quality of grains and increase the income of farmers',0,NULL,'not-completed',63),(19830,30155,3,6,32628,29599,'Collection, purification and Identification of vegetable land races and other crops','No. of vegetable land races and other crops collected',2016,115,2,'no program','Default',0,'','','Collect, purify and identify vegetable land races and other crops in Ilocos Norte',0,NULL,'not-completed',38),(19927,8156,5,27,19613,14219,'Agno River Basin and Allied Rivers Flood Control Project- Construction of Bank Protection, Brgy. San Leon, Balungao, Pangasinan 6th LD	','percentage',2016,113,2,'DPWH Infrastructure Program','Cumulative',0,'2016-02','2016-06','',0,NULL,NULL,30),(19982,1,3,1,20239,4082,'Regular Conditional Cash Transfer ','Number of beneficiaries provided with conditional cash transfer ',2016,131,1,'no program','Maintained',0,'2016-01','2016-12','Increased the percentage of self-sufficient Pantawid Pamilyang Pilipino Program beneficiaries from 14.62% (28,771 out of 196,804) to 21.67% (43,083 out of 198,807) ',21,NULL,NULL,8),(20132,8497,5,3,32628,29599,'Distribution of Mechanical Corn Sheller (P200T)','no. of units distributed',2016,143,2,'no program','Default',0,'','','To reduce atleast 5% post harvest losses',1,NULL,'not-completed',64),(20162,8497,5,21,32628,0,'Distribution of Moisture Meter','no. of units distributed',2016,143,2,'no program','Default',0,'','','To determine moisture content of grains',1,NULL,'not-completed',65),(20233,8497,5,5,32628,29599,'Distribution of Silo (200MT) (2M)','no. of units distributed',2016,143,2,'no program','Default',0,'','','Serve as storage of corn silage for livestock consumption to increase their productivity',11,NULL,'not-completed',66),(20237,8497,5,18,32628,29599,'Distribution of Moisture Meter','no. of units distributed',2016,143,2,'no program','Default',0,'','','To determine moisture content of grains',2,NULL,'not-completed',67),(20278,30155,3,6,32628,29599,'Varietal evaluation of promising peanut lines and varieties at MMSU','No. of promising lines/variety identified',2016,115,2,'no program','Cumulative',0,'','','Evaluate and identify promising peanut entries for recommendation to the NSIC',0,NULL,'not-completed',39),(20352,27463,5,1,20239,25172,'Policy/Analysis/Review/Dissemination','no. of policies issued',2016,117,2,'Population Management Policy Services','Default',0,'','','Drafting, approval, endorsement and dissemination of relevant population policies by regional bodies (% of LGUs and stakeholders expressing support to population policies and plans)',85,NULL,'not-completed',16),(20417,27238,21891,1,32628,0,'Support Services for Quality Production','No. of farmer-beneficiaries',2016,103,2,'Technical Support Services, PAP 1: Promotional Advocacy activities provided with funding support','default',0,'2012-01','2016-12','Quality Tobacco Production',10000,NULL,NULL,12),(20438,8497,5,2,32628,0,'Distribution of Combine Harvester for Rice Farmers','no. of units distributed',2016,143,2,'no program','Default',0,'','','Postproduction systems as mitigation for climate change and able to realize added income for farmers of at least 15% from efficient production activities, drying and milling operations',1,NULL,'not-completed',68),(20488,23393,1,25,19613,0,'Improvement/Rehabilitation of Urdaneta-Cili Junction Road, Binalonan','kilometer',2016,140,2,'no program','Cumulative',0,'2016-01','2016-06','To increase roadline by .855 kilometer',1,NULL,'not-completed',16),(20545,27463,5,1,20239,25172,'Gender-Responsive POPDEV Training','No. of training/s conducted',2016,117,2,'Technical Support Services, PAP 2: Technical Service arrangements undertaken','Default',0,'','','To conduct POPDEV appreciation course to enhance and equip the Pop. Officers to assists LGUs on local development planning  (% of  population workers, Lgus, and other stakeholders provided with TS)',85,NULL,'not-completed',17),(20650,8156,5,21,19613,14219,'Construction of River Bank Protection along Agno River, Salinap Section, San Carlos City, Pangasinan 3rd LD (Phase III)	','percentage',2016,113,2,'DPWH Infrastructure Program','Cumulative',0,'2016-01','2016-07','',0,NULL,NULL,31),(20658,27238,1,1,32628,0,'Farmers Organization Development','No. of livelihood workshops conducted',2016,103,2,'no program','Cumulative',0,'','','',11,NULL,NULL,9),(20728,23393,1,25,19613,30548,'Construction of std. 1 unit, 3 cl school building at Dilan I/S, Pozorrubio','no. of classroom',2016,140,2,'no program','Cumulative',0,'2016-04','2016-06','To increase the no. of classrooms by 21%',3,NULL,'not-completed',17),(20768,8497,5,10,32628,29599,'Distribution of Hammer Mill','no. of units distributed',2016,143,2,'no program','Default',0,'','','Increase income of farmers by at least 10% and prolong the shelf life of quality while waiting for better corn price by at least three months',2,NULL,'not-completed',69),(20862,27463,5,1,20239,25172,'RP-FP  Service  Referrals','No. of referrals conducted',2016,117,2,'Technical Support Services, PAP 2: Technical Service arrangements undertaken','Cumulative',0,'','','To conduct RP-FP classes during FDS and referral of couples to service delivery networks for FP counseling (%of couples with unmet need succesfully referred and given service',100,NULL,'not-completed',18),(21086,8156,5,13,19613,27977,'Repair of Bambanay Bridge along San Juan - San Gabriel Road, San Juan, La Union (B00872LZ)	','percentage',2016,113,2,'DPWH Infrastructure Program','Cumulative',0,'2016-03','2016-04','',0,NULL,NULL,32),(21108,9001,5,17,7904,13891,'Maintenance and Protection of Established Plantation CY 2015 Established','hectares',2016,107,2,'National Greening Program','Maintained',0,'','','Established Plantation Maintained and Protected',100,NULL,NULL,15),(21195,23393,1,21,19613,0,'Asphalting of Mapandan-Manaoag Road, Mapandan','kilometer',2016,140,2,'no program','Cumulative',0,'2016-04','2016-06','To increase roadline by 2.45 kms.',1,NULL,'not-completed',18),(21278,8497,5,18,32628,0,'Distribution of cassava pulvorizer ','no. of units distributed',2016,101,2,'no program','Default',0,'','','To make pulverized cassava available at all time for processing',1,NULL,'not-completed',70),(21304,16072,1,15,19613,30548,'Construction of Hospital Complex Caba Medicare Community Hospital','Percentage of Completion',2016,104,1,'no program','Cumulative',0,'','','',0,NULL,'not-completed',14),(21364,9001,5,12,7904,13891,'Plantation Establishment including SocMob','hectares',2016,107,2,'National Greening Program','Cumulative',0,'','','',100,NULL,NULL,16),(21400,8497,5,17,32628,0,'Distribution of Combine Harvester for Rice Farmers','no. of units distributed',2016,143,2,'no program','Default',0,'','','Postproduction systems as mitigation for climate change and able to realize added income for farmers of at least 15% from efficient production activities, drying and milling operations',2,NULL,'not-completed',71),(21419,8497,5,8,32628,29599,'Distribution of pump and engine set (Electric Pump)','no. of units distributed',2016,143,2,'no program','Default',0,'','','To increase production and cropping intensity of crops and augment income of farmers',9,NULL,'not-completed',72),(21446,8034,5,1,20239,0,'Bottom-up Budgeting','Number of LGUs provided with health facilities',2016,109,2,'Provision of health facilities (infra)','Cumulative',0,'2016-01','2016-12','improved access to quality hospitals and health facilities in the region',46,NULL,NULL,13),(21465,15959,5,1,32628,23788,'Maintenance of Regional Seaweed Nursery','# of seaweed nurseries maintained',2016,133,2,'Seaweed Production and Distribution','Maintained',0,'2016-01','2016-12','To sustain  the source  of needed quality  seaweed propagules.',0,NULL,NULL,1.04),(21545,8497,5,7,32628,0,'Construction of Multi-Purpose Drying Pavement','no. of units distributed',2016,143,2,'no program','Default',0,'','','To reduce drying losses of the palay harvest of the farmers; improve the quality of grains and increase the income of farmers',2,NULL,'not-completed',73),(21638,28499,3,12,19613,0,'DMMMSU Marine Center','% of completion',2016,122,2,'no program','Cumulative',0,'','','Construction of a research and training facility for marine resources. (% of completion)',100,NULL,NULL,5),(21641,23942,5,1,9490,0,'Special Laws Mandated Activity','Nr of PSB deployed',2016,108,2,'Pulis Nyo Po Sa Barangay','Cumulative',0,'2016-01','2016-12','To mobilize the community to change the conditions that generates crime.',13060,NULL,NULL,7),(21659,16072,1,15,19613,30548,'Construction of Rosario District Hospital New Annex Building','Percentage of Completion',2016,104,1,'no program','Cumulative',0,'','','',0,NULL,'not-completed',15),(21696,27238,1,1,32628,0,'Renewable Fuelwood Energy Farm Development and Restoration of Ecological Integrity','Area Covered (Ha.)',2016,103,2,'no program','default',0,'','','',3160,NULL,NULL,15),(21715,8497,5,5,32628,29599,'Distribution of Moisture Meter','no. of units distributed',2016,143,2,'no program','Default',0,'','','To determine moisture content of grains',1,NULL,'not-completed',74),(22083,27238,21891,1,32628,29599,'Support Services for Quality Production','No. of kilograms of tobacco seeds produced/distributed',2016,103,2,'Technical Support Services, PAP 1: Promotional Advocacy activities provided with funding support','Cumulative',0,'2016-01','2016-12','Quality Tobacco Production',100,NULL,NULL,11),(22102,8515,3,17,20239,1963,'Construction of Academic Building in Bayambang Campus','% of Completion',2016,146,2,'no program','Cumulative',0,'2016-03','2016-12','Provision of classrooms for teacher education students in PSU Bayambang Campus',0,NULL,NULL,4),(22151,8497,5,1,32628,0,'Distribution of Coffee Depulper','no of units distributed',2016,101,2,'no program','Default',0,'','','To reduce breakage of coffee cherries during the depulping process and attain high quality coffee products',6,NULL,'not-completed',75),(22212,8156,5,27,19613,14219,'Agno River Basin and Allied Rivers Flood Control Project-Construction of Bank Protection, Brgy. Mauban, Balungao, Pangasinan 6th LD	','percentage',2016,113,2,'DPWH Infrastructure Program','Cumulative',0,'2016-02','2016-05','',0,NULL,NULL,33),(22233,8156,5,20,19613,14219,'Agno River Basin Flood Control Project-Extension/Construction of Bank Protection, Brgy. Pangapisan Norte, Lingayen, Pangasinan	','percentage',2016,113,2,'DPWH Infrastructure Program','Cumulative',0,'2016-02','2016-07','',0,NULL,NULL,34),(22284,17344,3,7,7904,0,'Conservation Status of Indigeneous Species in Major Rivers in Ilocos Sur','No. of sites surveyed',2016,144,2,'no program','Default',0,'','','Ensure the conservation and protection of natural resource',0,NULL,NULL,11),(22452,30155,3,6,32628,10421,'Documentation, characterization and identification of native chicken and pigs in Ilocos Norte','No. of native chicken and pigs characterized and   identified',2016,115,2,'no program','Default',0,'','','Document, characterize and identify native chicken and pigs in Ilocos Norte',0,NULL,'not-completed',40),(22493,23393,1,23,19613,27977,'Concreting of Manaoag Diversion Road, Manaoag','kilometer',2016,140,2,'no program','Cumulative',0,'2016-01','2016-03','To increase roadline by 5%',5,NULL,'not-completed',19),(22520,23942,5,1,9490,0,'Outreach Program','Nr of medical and dental missions conducted',2016,108,2,'no program','Cumulative',0,'2016-01','2016-12','To contribute in the credibility enhancement of PRO1 by active participation in the community outreach program of Government Units within the area of responsibility.',48,NULL,NULL,8),(22699,8497,5,12,32628,29599,'Distribution of four wheel drive tractor','no of units distributed',2016,101,2,'no program','Default',0,'','','To increase crop yield, productivity of labor and income of farmers\r\n',10,NULL,'not-completed',76),(22700,8497,5,12,32628,29599,'Distribution of reaper','no. of units distributed',2016,143,2,'no program','Default',0,'','','Postproduction systems as mitigation for climate change and able to realize added income for farmers of at least 15% from efficient production activities, drying and milling operations',1,NULL,'not-completed',77),(22829,15959,5,1,32628,23788,'Operation and Maintenance of Mariculture Parks','# of mariculture parks maintained',2016,133,2,'Supply Services for Fishery Productivity','Maintained',0,'2016-01','2016-12','To rationalize the fish-food production program that could  eventually  break persistent  poverty and ensure  stable foods  and prices',0,NULL,NULL,24),(22846,27238,768,1,32628,29599,'Irrigation Support Project for Market-driven Quality Tobacco Production and Food Security','No. of Potential Area',2016,103,2,'Provision of Irrigation Support','Cumulative',0,'2016-01','2016-12','Provision of Irrigation Support for Quality for Quality TobaccoProduction',5238,NULL,NULL,18),(22867,8497,5,27,32628,29599,'Distribution of Tractor for Cassava','no. of units distributed',2016,143,2,'no program','Default',0,'','','To increase corn production by atleast one metric ton per hectare; increase income of farmers of atleast 5-10% per hectare; ensure farmers\' timely cultivation and planting and facilitate cultivation o',1,NULL,'not-completed',78),(22901,8497,5,7,32628,29599,'Distribution of reaper','no. of units distributed',2016,143,2,'no program','Default',0,'','','Postproduction systems as mitigation for climate change and able to realize added income for farmers of at least 15% from efficient production activities, drying and milling operations',1,NULL,'not-completed',79),(22957,16072,10394,15,19613,27977,'Rehabilitation of Casilagan-Bail Road','Percentage of Completion',2016,104,2,'no program','Cumulative',0,'','','',0,NULL,'not-completed',16),(23048,9001,5,17,7904,9725,'Sustainable Management of Coral Reefs and Associated Habitats (Sustainable livelihood interventions)','Numbers',2016,107,2,'no program','Cumulative',0,'','','Sustainable livelihoods for local communities implemented ',100,NULL,NULL,17),(23132,15979,5,1,20239,0,'Merit-Based Scholarship','no. of youth beneficiaries',2016,149,2,'no program','Default',0,'','','6 youth beneficiaries completed first semester SY 2016-2017',6,NULL,'not-completed',8),(23174,9001,5,12,7904,0,'Seedling Production/Procurement CY 2016','Numbers',2016,107,2,'no program','Default',0,'','','Seedlings Produced/Procured',100,NULL,NULL,18),(23213,27238,21891,1,32628,0,'Integrated Farming and Other Income Generating Activities Project- Rice Production','No. of FCs Assisted',2016,103,2,'no program','Cumulative',0,'2016-07','2016-12','Additional Income for tobacco farmers',1638,NULL,NULL,5),(23275,8497,5,5,32628,29599,'Distribution of pump and engine set (Electric Pump)','no. of units distributed',2016,143,2,'no program','Default',0,'','','To increase production and cropping intensity of crops and augment income of farmers',6,NULL,'not-completed',80),(23337,15959,5,1,32628,23788,'Operation and Maintenance of Processing Center','# of processing plant maintained/operated',2016,133,2,'Establishment/Maintenance and Operation of other Fishery Related Infrastructure and Equipment','Maintained',0,'2016-01','2016-12','To provide a fishery facility conducive to process quality products  and improving the marketability  and compliant to fishing  safety  standard.',0,NULL,NULL,17.01),(23396,23393,7,20,19613,0,'Construction of Slope Protection (Gabion Works) of Hanging Bridge Approach at San Francisco, Bugallon','linear meter',2016,140,2,'no program','Cumulative',0,'2016-01','2016-03','To give additional strength to the hanging bridge by 80%',90,NULL,'completed',20),(23410,30155,3,4,19613,0,'Construction of 2 Storey Academic Building, Phase II','percent complete',2016,115,1,'no program','Cumulative',0,'','','The project should be 100 percent complete and ready for occupancy by the end of September 2016',100,NULL,'not-completed',41),(23492,8497,5,2,32628,29599,'Distribution of hand tractor with complete accessories','no. of units distributed',2016,143,2,'no program','Default',0,'','','To increase crop yield, productivity of labor and income of farmers',20,NULL,'not-completed',81),(23553,15959,5,1,32628,23788,'FARMC\'s strengthened','# of FARMC\'s strengthened',2016,133,2,'Strengthening Partnership with Stakeholders','default',0,'2016-01','2016-12','To guide, assist and strengthen the municipality/city FARMCs roles, functions and responsibilities toward protection, conservation, and management of inland/coastal and other fishery resources.',0,NULL,NULL,7.01),(23579,8497,5,7,32628,29599,'Distribution of transplanter with seedling tray','no. of units distributed',2016,143,2,'no program','Default',0,'','','To increase crop yield, productivity of labor and income of farmers',1,NULL,'not-completed',82),(23704,8034,5,1,20239,0,'Dengue Control Program','Number of Schools Provided with Commodities and Services',2016,109,2,'Provision of Insecticide Treated Screens for Schools','Cumulative',0,'2016-01','2016-12','Reduce Morbidity and Mortality from Dengue Infection',50,NULL,NULL,14),(23803,30155,3,2,20239,0,'Oyster Mushroom Production Project','no. of beneficiaries',2016,115,2,'no program','Cumulative',0,'','','To have additional source of income among the households',0,NULL,'not-completed',0),(23903,27463,5,1,20239,25172,'Annual Report','No. of Annual Report developed',2016,117,2,'no program','Default',0,'','','To develop yearly publicaton on the accomplishments of the PPMP in the region. (% of population familiar with population programs and policies)',85,NULL,'not-completed',19),(23936,1,3,1,20239,4082,'Employment Facilitation ','Number of beneficiaries provided with employment facilitation ',2016,131,2,'no program','Cumulative',0,'2016-01','2016-12','Increased the percentage of self-sufficient Pantawid Pamilyang Pilipino Program beneficiaries from 14.62% (28,771 out of 196,804) to 21.67% (43,083 out of 198,807).',21,NULL,NULL,9),(24011,8497,5,8,32628,0,'Distribution of Moisture Meter','no. of units distributed',2016,143,2,'no program','Default',0,'','','To determine moisture content of grains',1,NULL,'not-completed',83),(24040,9001,5,2,7904,13891,'Plantation Establishment including SocMob','hectares',2016,107,2,'National Greening Program','Cumulative',0,'','','',100,NULL,NULL,19),(24060,23393,1,27,19613,0,'Asphalting of Poblacion,Natividad-Salud,Sta. Maria Road, Natividad','kilometer',2016,140,2,'no program','Cumulative',0,'2016-04','2016-06','to increase roadline by .9 kilometer',1,NULL,'not-completed',21),(24119,30155,3,6,32628,10421,'Genetic Improvement,  Conservation and utilization of Native Sheep in Ilocos Norte','No. of improved sheep produced and No of recipes developed ',2016,115,2,'no program','Default',0,'','','Evaluate and improve the reproductive performance of  parent stocks of sheep through progeny testing and;\r\nDevelop a recipes from mutton.',0,NULL,'not-completed',43),(24158,8497,5,3,32628,29599,'Distribution of cassava grater (complete set 150T)','no. of units distributed',2016,101,2,'no program','Default',0,'','','To increase efficiency in cassava granting by at least 200% , improve the quality of cassava and to make cassava grates available for food at the village level in cassava eating areas',2,NULL,'not-completed',84),(24162,15959,5,1,32628,23788,'Cages for Livelihood','# of cages for livelihood distributed',2016,133,2,'Operation and Maintenance of Production and Technology Stations','default',0,'2016-06','2016-12','To create healthy investment  and economic  environment  that  propels  sustainable  economic  activities  in the coastal  area  of the Northern Agribusiness Region.',0,NULL,NULL,24.01),(24181,1,5,1,20239,4082,'Monthly Stipend for Older Person ','Number of older person provided with quarterly stipend ',2016,131,2,'no program','Maintained',0,'2016-01','2016-12','Increase access of older person to Social Welfare and Development programs from 66,658 to 85,185 beneficiaries. ',85185,NULL,NULL,10),(24396,8497,5,13,32628,29599,'Distribution of Moisture Meter','no. of units distributed',2016,143,2,'no program','Default',0,'','','To determine moisture content of grains',1,NULL,'not-completed',85),(24401,8497,5,15,32628,29599,'Distribution of Tractor for Corn','no. of units distributed',2016,143,2,'no program','Default',0,'','','To increase corn production by atleast one metric ton per hectare; increase income of farmers of atleast 5-10 % per hectare; ensure farmers\' timely cultivation and planting and facilitate cultivation ',1,NULL,'not-completed',86),(24412,8497,5,18,32628,29599,'Distribution of Mechanical Corn Sheller (P200T)','no. of units distributed',2016,143,2,'no program','Default',0,'','','To reduce atleast 5% post harvest losses',1,NULL,'not-completed',87),(24525,1,3,24,19613,30548,'Construction of AVRC1 Building Phase I ','Percentage of construction completed ',2016,131,2,'no program','Cumulative',0,'2016-03','2017-03','Provides new building for Area I Vocational Rehabilitation Center for rehabilitation services for persons with disabilities who came from Regions I, II, III, and CAR.',1,NULL,NULL,11),(24541,30155,3,6,19613,0,'Human resource information system','No. of HIS developed',2016,115,2,'no program','Cumulative',0,'','','Develop human resource information system',0,NULL,'not-completed',44),(24655,30155,3,6,32628,10939,'Development of electronic scarecrow by ultrasound ','No. of developed technology',2016,115,2,'no program','Default',0,'','','Development of electronic scarecrow by ultrasound',0,NULL,'not-completed',45),(24903,23393,1,20,7904,0,'Massive Clean-Up Drive and Dredging of Rivers and Tributaries with River Bank Protection at Binmaley, Lingayen and Bugallon','cu. m.',2016,140,2,'no program','Default',0,'2016-01','2016-12','In support to the Climate Change Adaptation.',80,NULL,'not-completed',22),(24911,9001,5,12,7904,0,'Preparation of Ecotourism Management and Business Plan','Ecotourism management plan prepared (no)',2016,107,2,'no program','Maintained',0,'','','Ecotourism Management Plan and Business Plan Prepared',100,NULL,NULL,20),(24927,8156,5,8,19613,14219,'Construction of Flood Control along Sinait River, Jordan, Ilocos Sur','percentage',2016,113,2,'DPWH Infrastructure Program','Cumulative',0,'2016-02','2016-06','',0,NULL,NULL,35),(24929,23393,1,25,19613,30548,'Construction of std. 1 unit, 3 cl school building at Pozorrubio C/S, Pozorrubio','no. of classroom',2016,140,2,'no program','Cumulative',0,'2016-07','2016-09','To increase the no. of classroom by 5%',3,NULL,'not-completed',23),(25000,23393,1,21,19613,0,'Concreting of Tarlac Boundary-Bayambang, Bayambang','kilometer',2016,140,2,'no program','Cumulative',0,'2016-01','2016-06','to increase roadline b7 1.5 kilometers',1,NULL,'not-completed',24),(25032,28499,3,12,19613,0,'Academic Building Rehabilitation, CCS - SLUC','% of completion',2016,122,2,'no program','Cumulative',0,'','','',0,NULL,NULL,6),(25175,8497,5,7,32628,29599,'Distribution of Thresher','no. of units distributed',2016,143,2,'no program','Default',0,'','','Postproduction systems as mitigation for climate change and able to realize added income for farmers of at least 15% from efficient production activities, drying and milling operations',8,NULL,'not-completed',88),(25277,8497,5,27,32628,29599,'Distribution of cassava pulvorizer','no of units distributed',2016,101,2,'no program','Default',0,'','','To make pulverized cassava available at all time for processing',1,NULL,'not-completed',89),(25365,8497,5,17,32628,29599,'Distribution of transplanter with seedling tray','no. of units distributed',2016,143,2,'no program','Default',0,'','','To increase crop yield, productivity of labor and income of farmers',2,NULL,'not-completed',90),(25499,8156,5,27,19613,14219,'Agno River Basin and Allied Rivers Flood Control Project-Construction of Bank Protection, Brgy. Nining, San Nicolas, Pangasinan 6th LD	','percentage',2016,113,2,'DPWH Infrastructure Program','Cumulative',0,'2016-02','2016-05','',0,NULL,NULL,36),(25513,8515,3,17,32628,23788,'Conduct of various research studies related to fisheries','No. of research studies completed',2016,146,1,'no program','Cumulative',0,'2015-10','2016-06','Creation of new knowledge and technology for sustainable development',0,NULL,NULL,9),(25516,27463,5,1,20239,25172,'RP/FP, AHYD Promotional Materials','No. of promotional materials developed (type)',2016,117,2,'no program','Default',0,'','','To develop and reproduce promotional materials for the component programs (% of population familiar with population programs and policies)',85,NULL,'not-completed',20),(25542,8497,5,18,32628,29599,'Distribution of Vacuum Sealer','no. of units distributed',2016,143,2,'no program','Default',0,'','','To seal packaging materials of processed cassava products and by products',1,NULL,'not-completed',91),(25670,8497,5,7,32628,29599,'Distribution of four wheel drive tractor','no of units distributed',2016,101,2,'no program','Default',0,'','','To increase crop yield, productivity of labor and income of farmers\r\n',10,NULL,'not-completed',92),(25743,8497,5,1,32628,10421,'Establishment of Multiplier Farm','no of facilities established',2016,101,2,'no program','Cumulative',0,'','','To provide quality animal stocks and provide additional income of farmers',4,NULL,'not-completed',NULL),(25780,9001,5,2,7904,13891,'Maintenance and Protection of Established Plantation CY 2015 Established','hectares',2016,107,2,'National Greening Program','Maintained',0,'','','Established Plantation Maintained and Protected',100,NULL,NULL,21),(25803,8156,5,2,19613,14219,'Laoag River Basin Flood Control and Sabo Project (LRBFCSP) Rehabilitation of Dike System along Madongan River (Breached and Eroded Dike), Left and Right Bank, Dingras, Ilocos Norte	','percentage',2016,113,2,'DPWH Infrastructure Program','Cumulative',0,'2016-01','2016-09','',0,NULL,NULL,37),(26059,23393,1,21,19613,0,'Concreting of Malasiqui-Catablan Road, Malasiqui','kilometers',2016,140,2,'no program','Cumulative',0,'2016-03','2016-06','to increase roadline by 1 kilometer',1,NULL,'not-completed',25),(26084,16072,14,15,19613,30548,'Repair and Improvement of School Building, Elpidio Quirino National High School','Percentage of Completion',2016,104,1,'no program','Cumulative',0,'','','',0,NULL,'not-completed',17),(26175,8156,5,13,19613,14219,'Rehabilitation and Improvement of Amburayan River Control, Brgy. Namaltugan	','percentage',2016,113,2,'DPWH Infrastructure Program','Cumulative',0,'2016-03','2016-05','',0,NULL,NULL,38),(26297,8515,3,17,20239,1963,'Conduct of various research studies related to education and manpower development','No. of research studies completed',2016,146,2,'no program','Cumulative',0,'2016-04','2016-12','Creation of new knowledge and technology for sustainable development',0,NULL,NULL,7),(26475,17089,3,10,20239,0,'construction of one three-storey academic building with complete furniture and fixture-Phase I','percentage completed',2016,132,2,'no program','Cumulative',0,'2016-03','2017-04','to construct the first phase of the three-storey academic building with complete furniture and fixture',15,NULL,NULL,1),(26497,28499,3,12,19613,0,'Installation of Rubberized Oval, NLUC','% of completion',2016,122,2,'no program','Cumulative',0,'','','',0,NULL,NULL,7),(26691,16072,10394,15,19613,27977,'Improvement of Caba-Naguilian Road','Percentage of Completion',2016,104,2,'no program','Cumulative',0,'','','',0,NULL,'not-completed',18),(26709,17344,3,7,7904,0,'Trainings/Seminar on Disaster Risk Reduction Management/ Information Dissemination','No. of beneficiaries',2016,144,2,'no program','Default',0,'','','Take urgent action to combat climate change and its impact',0,NULL,NULL,12),(26742,30155,3,1,0,0,'Coral reef ecosystems assessment, monitoring and management in Ilocos Norte','No. of information generated',2016,115,2,'no program','Default',0,'','','Assess, monitor and manage coral reef ecosystem',0,NULL,'not-completed',46),(26791,30155,15,2,20239,0,'FoodSSend','no. of beneficiaries',2016,115,2,'no program','Cumulative',0,'','','To assist the potential entrepreneurs along their interest',0,NULL,'not-completed',0),(26807,8497,5,10,32628,0,'Distribution of Tractor for Corn','no. of units distributed',2016,143,2,'no program','Default',0,'','','To increase corn production by atleast one metric ton per hectare; increase income of farmers of atleast 5-10 % per hectare; ensure farmers\' timely cultivation and planting and facilitate cultivation ',3,NULL,'not-completed',93),(26896,8034,5,12,20239,0,'Bottom Up Budgeting','Number of Barangay Health Station Kits Provided to LGUs',2016,109,2,'Provision of Barangay health Station Kits','Cumulative',0,'January 2016','December 2016','Improved access and availability of essential drugs and medicines in governments health facilities in all levels in the region.',20,NULL,NULL,15),(26933,16072,13753,13,19613,27977,'Improvement of Bangar-Castro Road','Percentage of Completion',2016,104,2,'no program','Cumulative',0,'','','',0,NULL,'not-completed',19),(26935,9001,5,7,7904,0,'Maintenance and Protection of Established Plantation CY 2015 Established','hectares',2016,107,2,'National Greening Program','Maintained',0,'','','Established Plantation Maintained and Protected',100,NULL,NULL,22),(26947,27238,1,1,32628,0,'Renewable Fuelwood Energy Farm Development and Restoration of Ecological Integrity','No. of tree seedlings distributed for STP',2016,103,2,'no program','default',0,'','','',1170000,NULL,NULL,16),(27144,8497,5,18,32628,0,'Distribution of pump and engine set (Diesel Engine)','no. of units distributed',2016,143,2,'no program','Default',0,'','','To increase production and cropping intensity of crops and augment income of farmers',5,NULL,'not-completed',94),(27273,30155,3,6,32628,0,'Assessment of climate change impacts and adaptation strategies in aid of local adaptation plan on rice-based production in Ilocos Norte ','No. of policy formulated',2016,115,2,'no program','Default',0,'','','Validate survey results through stakeholders forum',0,NULL,'not-completed',48),(27364,30155,3,2,32628,23788,'Sea urchin research and development','No. of POT developed',2016,115,2,'no program','Cumulative',0,'','','Evaluate in-situ and ex-situ culture of sea urchin and  ',0,NULL,'not-completed',49),(27378,8497,5,10,32628,29599,'Distribution of cassava pulvorizer','no of units distributed',2016,101,2,'no program','Default',0,'','','To make pulverized cassava available at all time for processing',1,NULL,'not-completed',95),(27404,30155,3,2,20239,0,'Ginger Project','no. of farmer cooperators',2016,115,2,'no program','Cumulative',0,'','','To have additional income for the farmers',0,NULL,'not-completed',0),(27468,30155,3,6,32628,29599,'Documentation and analysis of the climate-related health impacts in the province of Ilocos Norte ','No. of alternative indigenous health practices identified',2016,115,2,'no program','Default',0,'','','Document of indigenous knowledge practices on health in relation to weather extremes ',0,NULL,'not-completed',51),(27607,17344,3,7,20239,0,'Disaster Preparedness Training Program','No. of beneficiaries',2016,144,2,'no program','Default',0,'','','Strength resilience and adaptive capacity to climate-related hazards and natural disasters',0,NULL,NULL,13),(27718,8156,5,10,19613,14219,'Construction of Flood Mitigation Structures and Drainage System-Paras-Oaig Daya Flood Control (Nagbaudan Bridge) Candon City, Ilocos Sur 2nd LD	','percentage',2016,113,2,'DPWH Infrastructure Program','Cumulative',0,'2016-01','2016-05','',0,NULL,NULL,39),(27733,16072,13753,15,19613,27977,'Improvement of Rosario-Tubao Road (Rosario Section)','Percentage of Completion',2016,104,2,'no program','Cumulative',0,'','','',0,NULL,'not-completed',20),(27790,30155,2,2,20239,0,'Sex Disaggregated Database','profile of employee (% accomplished)',2016,115,2,'no program','Cumulative',0,'','','To establish, manage, and maintain GAD database and information ',0,NULL,'not-completed',52),(27818,30155,3,6,32628,0,'Increase profitability of Native chicken pigs through improved production management practices','No. of production practices improved',2016,115,2,'no program','Cumulative',0,'','','Document and evaluate production management practices on native pigs in Ilocos Norte',0,NULL,'not-completed',53),(27824,8034,5,1,20239,0,'Malaria Control and Prevention Program','Number of Commodities Provided to LGUs',2016,109,2,'Provision of Mosquito Net Treatment Commodities','Cumulative',0,'2016-01','2016-12','Reduce Morbidity and Mortality from Malaria Infection',7000,NULL,NULL,16),(27879,15959,5,1,32628,23788,'Fingerlings/Seed stocks Production ','# of fingerlings/seed stock produced (pcs)',2016,133,2,'Fish Seed Production and Distribution','default',0,'2016-01','2016-12','',0,NULL,NULL,15.02),(27889,8034,5,1,20239,0,'Malaria Control and Prevention Program','Number of LGUs/Stakeholders Provided with Malaria Microscopy Supplies',2016,109,2,'Provision of Supplies for Malaria Microscopy','Cumulative',0,'2016-01','2016-12','Reduce Morbidity and Mortality from Malaria Infection',4,NULL,NULL,17),(27914,8497,3,2,32628,29599,'Distribution of reaper','no. of units distributed',2016,143,2,'no program','Default',0,'','','Postproduction systems as mitigation for climate change and able to realize added income for farmers of at least 15% from efficient production activities, drying and milling operations',2,NULL,'not-completed',96),(28062,23942,5,1,9490,0,'Implementation of Anti-Criminality Action Plan','Nr of Localized Anti-Criminality Action Plan (LACAP) updated and implemented',2016,108,2,'no program','Cumulative',0,'2016-01','2016-12','To strengthen linkages and partnership with the community to facilitate a concerted approach towards the attainment of various crime prevention programs.',125,NULL,NULL,9),(28089,27238,1,1,32628,0,'Farmers Organization Development','No. of participants',2016,103,2,'no program','default',0,'','','',1185,NULL,NULL,6),(28158,28499,3,12,19613,0,'Rehabilitation of Dormitory, SLUC','% of completion',2016,122,2,'no program','Cumulative',0,'','','Housing facilities for female students coming from far places; reduction of student expenses. (% of completion)',100,NULL,NULL,8),(28192,15959,5,1,32628,0,'Establishment of Municipal Seaweed Nurseries','# of seaweed nurseries established',2016,133,2,'Seaweed Production and Distribution','default',0,'2016-08','2016-08','To provide, enhance and sustain good  quality and healthy seaweed propagules needed.',0,NULL,NULL,1.03),(28204,8156,5,8,19613,14219,'Construction of Flood Control along Parsua River	','percentage',2016,113,2,'DPWH Infrastructure Program','Cumulative',0,'2016-02','2016-07','',0,NULL,NULL,40),(28275,17344,15,7,0,0,'Commercialization of the Candle-Type Ceramic Water Purifier','No. of units produced',2016,144,2,'no program','Default',0,'','','Ensure Availability of sustainable management of water and sanitation for all',0,NULL,NULL,14),(28569,8156,5,10,19613,14219,'Deepening of Oaig Daya River, Paypayad, Candon City, Ilocos Sur	','percentage',2016,113,2,'DPWH Infrastructure Program','Cumulative',0,'2016-01','2016-06','',0,NULL,NULL,41),(28624,8497,5,25,32628,29599,'Distribution of pump and engine set (Diesel Engine)','no. of units distributed',2016,143,2,'no program','Default',0,'','','To increase production and cropping intensity of crops and augment income of farmers',7,NULL,'not-completed',97),(28633,17344,3,7,20239,0,'Medical/ Dental Mission','No. of medical/dental mission conducted ',2016,144,2,'no program','default',0,'','','Ensure healthy lives and promote wellbeing for all at all ages',0,NULL,NULL,15),(28670,8034,5,1,20239,0,'Bottom Up Budgeting','Number of Commodities and Vaccines Provided to Children (0-11 months) and Senior Citizens',2016,109,2,'Provision of Vaccines and Commodities for 0-11 months and Senior Citizens','Cumulative',0,'January 2016','December 2016','Improved access and availability of essential drugs and medicines in government health facilities in all levels in the region',200611,NULL,NULL,18),(28682,27463,5,1,20239,25172,'Women\'s Month','No. of event/s conducted',2016,117,2,'Technical Support Services, PAP 1: Promotional Advocacy activities provided with funding support','Default',0,'','','To conduct integration of RPFP in the celebration of Women\'s Month (% of population familiar with population programs and policies)',85,100,'completed',21),(28728,30155,3,6,32628,0,'R&D on Alukon','No. of information developed',2016,115,2,'no program','Cumulative',0,'','','Establish the growth and development stages, morphological and reproductive characteristics of alokon\r\nDetermine the phenological events and accompanying changes in the plant at each efent in the pheno',0,NULL,'not-completed',54),(28756,9001,5,7,7904,0,'Maintenance and Protection of Established Plantation CY 2014 Established','hectares',2016,107,2,'National Greening Program','Maintained',0,'','','Established Plantation Maintained and Protected',100,NULL,NULL,23),(28787,30155,3,6,32628,0,'Collection, characterization and identification of promising fruit cultivars adaptable in Ilocos Norte','No. of fruit cultivars collected, characterized and identified',2016,115,2,'no program','Cumulative',0,'','','Collect, characterize and identify promising fruit cultivars adaptable in Ilocos Norte',0,NULL,'not-completed',55),(28795,27463,5,1,20239,25172,'Senior Citizens & PWDs','No. of event/s conducted',2016,117,2,'Technical Support Services, PAP 1: Promotional Advocacy activities provided with funding support','Default',0,'','','To conduct special activity for the elderly and PWDs integrating laws and programs for Senior Citizens (% of population familiar with population programs and policies)',85,NULL,'not-completed',22),(28801,30155,3,6,32628,0,'Varietal improvement of Glutinous corn and seed production and maintenance of MMSU Glut1','No. of promising lines identified No. of kg seeds of MMSU Glut 1 produced ',2016,115,2,'no program','Cumulative',0,'','','Evaluate and identify promising Glutinous corn entries for recommendation to the NSIC and seed production and maintenance of MMSU Glut 1',0,NULL,'not-completed',56),(28802,8497,5,21,32628,29599,'Distribution of pump and engine set (Diesel Engine)','no. of units distributed',2016,143,2,'no program','Default',0,'','','To increase production and cropping intensity of crops and augment income of farmers',6,NULL,'not-completed',98),(28893,25988,3,1,32628,29599,'KAANIB Enterprise Development Project','Number of sites maintained',2016,142,2,'no program','Cumulative',0,'2016-01','2016-12','To intercropped coconut farms as additional source of income for coconut farmers.',1,NULL,'not-completed',3),(28976,30155,3,1,19613,0,'Communication Arts Building, Phase II','percent complete',2016,115,1,'no program','Cumulative',0,'','','The project should be 100 percent complete by the end of December 2016',100,NULL,'not-completed',57),(29216,8497,5,8,32628,0,'Distribution of Mechanical Corn Sheller (P200T)','no. of units distributed',2016,143,2,'no program','Default',0,'','','To reduce atleast 5% post harvest losses',1,NULL,'not-completed',99),(29298,15959,5,1,32628,23788,'Artificial Reef Module Deployed','# of Artificial Reef deployed',2016,133,2,'Coastal and Inland Fisheries Resource Rehabilitation  and Development','default',0,'2016-06','2016-06','To increase  biodiversity of fishes, invertebrates, shells and other marine  life, protect  and improve status of fish habitat',0,NULL,NULL,30),(29565,15959,5,1,32628,23788,'Fish Sanctuaries monitored/assisted','# of sanctuaries monitored/assisted',2016,133,2,'Coastal and Inland Fisheries Resource Rehabilitation  and Development','default',0,'2016-01','2016-09','To gather data on the established fish  sanctuaries  and present to the stakeholders for their  information  of the actual situation of fish habitat.',12,NULL,NULL,30.01),(29622,8497,5,8,32628,29599,'Distribution of Tractor for Corn','no. of units distributed',2016,143,2,'no program','Default',0,'','','To increase corn production by atleast one metric ton per hectare; increase income of farmers of atleast 5-10 % per hectare; ensure farmers\' timely cultivation and planting and facilitate cultivation ',3,NULL,'not-completed',100),(29671,8497,5,1,32628,0,'Package of Technology Training','no of trainings',2016,101,2,'no program','default',0,'','','To increase productivity at the farm level in an eco-friendly and sustainable manner',12,NULL,'not-completed',1),(29717,17344,2,7,0,0,'GAD Sensitivity Training and other Gad related advocacy training','No. of Gender Sensitivity Training and other related training',2016,144,2,'no program','Default',0,'','','Reduce inequality within and among places and individuals',0,NULL,NULL,16),(29800,30155,3,6,32628,29599,'Varietal evaluation of promising mungbean lines and varieties at MMSU','No. of promising lines/variety identified',2016,115,2,'no program','Default',0,'','','Evaluate and identify promising mungbean entries for recommendation to the NSIC',0,NULL,'not-completed',58),(29864,8156,5,2,19613,27977,'Earth and Trail Road leading to Napidad Viewdeck and Waterfalls of Takulao Mataltala and Pao, Dumalneg, Ilocos Norte 1st LD	','percentage',2016,113,2,'DPWH Infrastructure Program','Cumulative',0,'2016-02','2016-11','',0,NULL,NULL,42),(29888,9001,5,2,7904,13891,'Maintenance and Protection of Established Plantation CY 2016','hectares',2016,107,2,'National Greening Program','Cumulative',0,'','','Established Plantation Maintained and Protected',100,NULL,NULL,24),(29889,23393,7,25,19613,0,'Improvement/Widening/Concreting of Amagbagan Road, Sison','kilometer',2016,140,2,'no program','Cumulative',0,'2016-01','2016-06','To increase roadline by 644 sq. m.',1,NULL,'not-completed',26),(29964,8497,5,2,32628,29599,'Distribution of four wheel drive tractor','no of units distributed',2016,101,2,'no program','Default',0,'','','To increase crop yield, productivity of labor and income of farmers\r\n',20,NULL,'not-completed',101),(29997,30155,3,6,19613,3495,'Development of an upscale technology in the production of hydrous ethanol','No. of developed technologies',2016,115,2,'no program','Cumulative',0,'','','Develop and upscale technology in the production of hydrous ethanol',0,NULL,'not-completed',59),(30019,27238,21891,1,32628,29599,'Farmers Organization Development','No. of Education and training/workshop conducted',2016,103,2,'Provision of Training','Cumulative',0,'2016-01','2016-12','Provision of training of tobacco farmers and their dependents',5,NULL,NULL,7),(30027,27463,5,1,20239,25172,'PopDev Planning, Coaching & Mentoring of LGU Planners','No. of coaching/mentoring conducted',2016,117,2,'Technical Support Services, PAP 2: Technical Service arrangements undertaken','Default',0,'','','To provide one-on-one assistance to LGU needing integration of POPDEV dimensions in their plans and programs. (% of  population workers, Lgus, clients and other stakeholders provided with TS)',85,NULL,'not-completed',23),(30113,9001,5,12,7904,9725,'Sustainable Management of Coral Reefs and Associated Habitats (Sustainable livelihood interventions)','Numbers',2016,107,2,'no program','Cumulative',0,'','','Sustainable livelihoods for local communities implemented',100,NULL,NULL,25),(30191,8497,5,15,32628,29599,'Distribution of pump and engine set (Diesel Engine)','no. of units distributed',2016,143,2,'no program','Default',0,'','','To increase production and cropping intensity of crops and augment income of farmers',1,NULL,'not-completed',102),(30290,8497,5,21,32628,29599,'Distribution of Mechanical Corn Sheller (P200T)','no. of units distributed',2016,143,2,'no program','Default',0,'','','To reduce atleast 5% post harvest losses',1,NULL,'not-completed',103),(30296,16072,10394,13,19613,27977,'Rehabilitation of Balaoan-Santol Road','Percentage of Completion',2016,104,2,'no program','Cumulative',0,'','','',0,NULL,'not-completed',21),(30521,27463,5,1,20239,25172,'RP-FP Classes','No. of classess conducted',2016,117,2,'Technical Support Services, PAP 2: Technical Service arrangements undertaken','Cumulative',0,'','','To conduct RP-FP classes during FDS and referral of couples to service delivery networks for FP counseling (% of couples reached)',100,NULL,'not-completed',24),(30929,8497,5,1,32628,29599,'Distribution of plastic crates','no of units distributed',2016,101,2,'no program','Default',0,'','','To provide protection of produce high value crops and to avoid damage of crops produced',4000,NULL,'not-completed',104),(30973,8156,5,10,19613,14219,'Construction of Upper Diversion Dam, Suyo, Ilocos Sur	','percentage',2016,113,2,'DPWH Infrastructure Program','Cumulative',0,'2016-03','2016-10','',0,NULL,NULL,43),(31011,8034,5,2,20239,0,'Bottom Up Budgeting','Number of Barangay Health Station Kits Provided to LGUs',2016,109,2,'no program','Cumulative',0,'2016-01','2016-12','Ensure availability of essential drugs and medicines in all levels of Government health facilities in the region',60,NULL,NULL,19),(31058,30155,3,6,20239,25172,'Modulary role of indigenous medicinal plants identified in Ilocos Norte in acute and chronic inflammatory disease ','No. of plant species evaluated',2016,115,2,'no program','Default',0,'','','Screen the phytochemical components and antimicrobial activities of selected indigenous food plants',0,NULL,'not-completed',60),(31091,8497,5,3,32628,29599,'Distribution of pump and engine set (Electric Pump)','no. of units distributed',2016,143,2,'no program','Default',0,'','','To increase production and cropping intensity of crops and augment income of farmers',9,NULL,'not-completed',105),(31144,8497,5,10,32628,29599,'Distribution of Moisture Meter','no. of units distributed',2016,143,2,'no program','Default',0,'','','To determine moisture content of grains',1,NULL,'not-completed',106),(31278,17089,3,10,20239,0,'Completion of NLPSC e-Library Building','percentage completed',2016,132,2,'no program','default',0,'2016-01','2015-06','to complete the construction of the two-storey e-Library building of NLPSC',1,NULL,NULL,2),(31289,30155,2,6,20239,0,'Gender Sensitivity Seminar for Faculty Members (4 campuses)','no. of seminar conducted',2016,115,2,'no program','Cumulative',0,'','','To heighten awareness and appreciation of GAD concepts and programs among MMSU faculty members',1,NULL,'not-completed',61),(31387,27238,1,1,32628,0,'AGRIPINOY Tobacco Trading and Food Processing Center and Milling Complex','No. of products processed',2016,103,2,'no program','default',0,'','','Increase in Tobacco Farmers Income',7,NULL,NULL,8),(31405,8497,5,15,32628,29599,'Distribution of pump and engine set (Electric Pump)','no. of units distributed',2016,143,2,'no program','Default',0,'','','To increase production and cropping intensity of crops and augment income of farmers',1,NULL,'not-completed',107),(31449,8497,5,3,32628,29599,'Distribution of Hammer Mill','no. of units distributed',2016,143,2,'no program','Default',0,'','','Increase income of farmers by at least 10% and prolong the shelf life of quality while waiting for better corn price by at least three months',1,NULL,'not-completed',108),(31528,27463,5,1,20239,25172,'POPDEVED Module Writeshop','No. of trainings/workshop conducted',2016,117,2,'Technical Support Services, PAP 2: Technical Service arrangements undertaken','Default',0,'','','To develop a standard evaluation tool to monitor and assess the POPDEVED integration in all school divisions (% of  population workers, Lgus, clients and other stakeholders provided with TS)',85,100,'completed',25),(31570,28499,3,12,19613,0,'Research & Extension Building Rehabilitation, SLUC','% of completion',2016,122,2,'Research and Extension ','Cumulative',0,'','','',0,NULL,NULL,9),(31577,8515,3,17,20239,0,'Construction of 4-Storey Engineering Building','% of Completion',2016,146,2,'no program','Cumulative',0,'2016-03','2016-12','Provision of classrooms for Engineering students',0,NULL,NULL,5),(31798,9001,5,12,7904,13891,'Maintenance and Protection of Established Plantation CY 2016','hectares',2016,107,2,'National Greening Program','Cumulative',0,'','','Established Plantation Maintained and Protected',100,NULL,NULL,26),(31824,30155,3,6,32628,29599,'Germplasm collection, evaluation and characterization, management practices and utilization of sweet potato in the Ilocos ','No. of promising cultivars collected and identified',2016,115,2,'no program','Cumulative',0,'','','Collect and evaluate performance of different sweet potato cultivars in the Ilocos',0,NULL,'not-completed',62),(31879,8156,5,17,19613,27977,'Construction/Improvement of Poblacion-Sabangan Road leading to Umbrella Rocks and Abagatanen White Beach, Agno, Pangasinan, 1st LD	','percentage',2016,113,2,'DPWH Infrastructure Program','Cumulative',0,'2016-02','2016-07','',0,NULL,NULL,44),(31973,27238,21891,1,32628,0,'Integrated Farming and Other Income Generating Activities Project- Tobacco Componenet','No. of farmers provided with production assistance',2016,103,2,'Technical Support Services, PAP 1: Promotional Advocacy activities provided with funding support','Cumulative',0,'2016-09','2016-12',' Market-driven Quality Tobacco Production',3084,NULL,NULL,14),(32082,8497,5,3,32628,29599,'Distribution of Combine Harvester for Corn Farmers','no. of units distributed',2016,143,2,'no program','Default',0,'','','To reduce crop postproduction losses and increase productivity of labor',1,NULL,'not-completed',109),(32171,8156,5,18,19613,27977,'Alaminos-Lucap Rd - K0321+894-K0322+446, 	','percentage',2016,113,2,'DPWH Infrastructure Program','Cumulative',0,'2016-01','2016-02','',0,NULL,NULL,45),(32176,8497,5,12,32628,0,'Construction of Multi-Purpose Drying Pavement','no. of units distributed',2016,143,2,'no program','Default',0,'','','To reduce drying losses of the palay harvest of the farmers; improve the quality of grains and increase the income of farmers',2,NULL,'not-completed',110),(32253,8497,5,15,32628,29599,'Distribution of cassava pulvorizer','no of units distributed',2016,101,2,'no program','Default',0,'','','To make pulverized cassava available at all time for processing ',1,NULL,'not-completed',111),(32329,30155,3,6,32628,29599,'Growth and yield performance and grain quality assessment of new rice varieties/lines for rainfed lowland in Ilocos Norte','No. of promising  rice lines/ varieties  identified',2016,115,2,'no program','Default',0,'','','Evaluate agronomic characteristics and grain quality of new rice lines/varieties',0,NULL,'not-completed',63),(32339,27238,1,1,0,0,'AGRIPINOY Tobacco Trading and Food Processing Center and Milling Complex','No. of farmer-cooperators/beneficiaries',2016,103,2,'no program','Cumulative',0,'2016-01','2016-12','Increase Income of Tobacco Farmers',1000,NULL,NULL,10),(32370,27463,5,1,20239,25172,'GAD Assembly and Workshop','No. of trainings/workshop conducted',2016,117,2,'Technical Support Services, PAP 2: Technical Service arrangements undertaken','Default',0,'','','To conduct forum, orientations to disseminate various population & gender issues among different sectors (% of population familiar with various population & gender issues)',85,NULL,'not-completed',26),(32448,30155,3,6,32628,0,'Documentation on the phenology and pests occurrence of major crops grown in Ilocos Norte','No. of decision support system developed',2016,115,2,'no program','Cumulative',0,'','','Document penology and pests occurrence of major crops grown in Ilocos Norte',0,NULL,'not-completed',64),(32544,23393,1,21,19613,27977,'Asphalting of Mapandan-Urdaneta Road, Mapandan','kilometer',2016,140,2,'no program','Cumulative',0,'2016-04','2016-06','To increase roadline',1,NULL,'not-completed',27),(32614,30155,3,6,32628,29599,'Varietal improvement and cultural management of corn','No. of promising lines identified',2016,115,2,'no program','Cumulative',0,'','','Evaluate and identify promising corn entries for recommendation to the NSIC',0,NULL,'not-completed',65),(32647,8497,5,15,32628,29599,'Distribution of Vacuum Sealer','no. of units distributed',2016,143,2,'no program','Default',0,'','','To seal packaging materials of processed cassava products and by products',1,NULL,'not-completed',112),(32673,8156,5,23,19613,14219,'Construction of Bank Protection, Brgy. Bolo, San Jacinto, Pangasinan	','percentage',2016,113,2,'DPWH Infrastructure Program','Cumulative',0,'2016-01','2016-05','',0,NULL,NULL,46),(32697,8034,5,7,20239,0,'Bottom Up Budgeting','Number of barangay Health Station Kits Provided to LGUs',2016,109,2,'no program','Cumulative',0,'January 2016','December 2016','Improved access and availability of essential drugs and medicines in all government facilities in all levels in the region',80,NULL,NULL,20),(32706,30155,3,6,19613,0,'Expansion of CAFSD Building, Phase I','percent complete',2016,115,2,'no program','Cumulative',0,'','','The project should be 100 percent complete by the end of December 2016',100,NULL,'not-completed',66);

UNLOCK TABLES;

/*Table structure for table `tblprojsector` */

DROP TABLE IF EXISTS `tblprojsector`;

CREATE TABLE `tblprojsector` (
  `secid` int(11) NOT NULL auto_increment,
  `secname` varchar(50) default NULL,
  PRIMARY KEY  (`secid`)
) ENGINE=InnoDB AUTO_INCREMENT=32629 DEFAULT CHARSET=latin1;

/*Data for the table `tblprojsector` */

LOCK TABLES `tblprojsector` WRITE;

insert  into `tblprojsector`(`secid`,`secname`) values (0,'Select Sector'),(7904,'Environment'),(9490,'Governance'),(19613,'Infrastructure and Utilities'),(20239,'Social Development '),(29923,'Trade Industry and Tourism'),(32628,'Agribusiness');

UNLOCK TABLES;

/*Table structure for table `tblprojsubsector` */

DROP TABLE IF EXISTS `tblprojsubsector`;

CREATE TABLE `tblprojsubsector` (
  `subsecid` int(11) NOT NULL,
  `secid` int(11) default NULL,
  `subsecname` varchar(100) default NULL,
  PRIMARY KEY  (`subsecid`),
  KEY `secid` (`secid`),
  CONSTRAINT `tblprojsubsector_ibfk_1` FOREIGN KEY (`secid`) REFERENCES `tblprojsector` (`secid`)
) ENGINE=InnoDB DEFAULT CHARSET=latin1;

/*Data for the table `tblprojsubsector` */

LOCK TABLES `tblprojsubsector` WRITE;

insert  into `tblprojsubsector`(`subsecid`,`secid`,`subsecname`) values (0,NULL,'No Subsector'),(1963,20239,'Education and Manpower Development'),(2172,19613,'Communications'),(3495,19613,'Others'),(4082,20239,'Social Services and Community Development'),(5381,19613,'Power Energy and Electrification'),(5885,20239,'Housing'),(9725,7904,'Brown Environment'),(10421,32628,'Livestock'),(10586,19613,'Irrigation'),(10939,32628,'Science and Technology'),(11082,32628,'Support Services'),(11825,19613,'Water Supply, Harvesting, Sewerage  & Sanitation'),(13504,7904,'Blue Environment'),(13891,7904,'Green Environment'),(14219,19613,'Flood Control'),(14654,32628,'Agrarian Reform'),(21359,19613,'Airport and Air Navigation'),(23496,NULL,'Health, Nutrition and Population'),(23788,32628,'Fisheries'),(24385,9490,'Development Finance'),(25172,20239,'Health, Population and Nutrition'),(26152,9490,'Development Administration'),(27607,NULL,'Airports And Air Navigation'),(27977,19613,'Roads and Bridges'),(29599,32628,'Crops'),(30286,19613,'Ports'),(30548,19613,'Social Infra'),(31002,NULL,'Water Supply, Harvesting, Sewerage & Sanitation');

UNLOCK TABLES;

/*Table structure for table `tblprojtargets` */

DROP TABLE IF EXISTS `tblprojtargets`;

CREATE TABLE `tblprojtargets` (
  `projid` int(11) default NULL,
  `agencyid` int(11) default NULL,
  `q1Ptarget` double NOT NULL,
  `q1Ftarget` double NOT NULL,
  `q1Mtarget` double NOT NULL,
  `q2Ptarget` double NOT NULL,
  `q2Ftarget` double NOT NULL,
  `q2Mtarget` double NOT NULL,
  `q3Ptarget` double NOT NULL,
  `q3Ftarget` double NOT NULL,
  `q3Mtarget` double NOT NULL,
  `q4Ptarget` double NOT NULL,
  `q4Ftarget` double NOT NULL,
  `q4Mtarget` double NOT NULL,
  `datesub` datetime NOT NULL default '0000-00-00 00:00:00',
  `isApproved` tinyint(1) NOT NULL default '0',
  `submittor` varchar(64) default NULL,
  KEY `projid` (`projid`),
  KEY `agencyid` (`agencyid`),
  CONSTRAINT `tblprojtargets_ibfk_1` FOREIGN KEY (`projid`) REFERENCES `tblprojects` (`projid`),
  CONSTRAINT `tblprojtargets_ibfk_2` FOREIGN KEY (`agencyid`) REFERENCES `tblagency` (`agencyid`)
) ENGINE=InnoDB DEFAULT CHARSET=latin1 CHECKSUM=1 DELAY_KEY_WRITE=1 ROW_FORMAT=DYNAMIC;

/*Data for the table `tblprojtargets` */

LOCK TABLES `tblprojtargets` WRITE;

insert  into `tblprojtargets`(`projid`,`agencyid`,`q1Ptarget`,`q1Ftarget`,`q1Mtarget`,`q2Ptarget`,`q2Ftarget`,`q2Mtarget`,`q3Ptarget`,`q3Ftarget`,`q3Mtarget`,`q4Ptarget`,`q4Ftarget`,`q4Mtarget`,`datesub`,`isApproved`,`submittor`) values (20352,27463,2,5000,0,2,5000,0,0,0,0,0,0,0,'2016-03-31 02:52:00',1,'  , PEO 1'),(2489,27463,13,89000,0,13,89000,0,13,89000,0,13,89000,0,'2016-03-31 02:55:00',1,'  , PEO 1'),(12798,27463,2,10000,0,2,10000,0,8,35000,0,4,20000,0,'2016-03-31 02:56:00',1,'  , PEO 1'),(23903,27463,0,0,0,1,35000,0,0,0,0,0,0,0,'2016-03-31 02:58:00',1,'  , PEO 1'),(25516,27463,1,18750,0,1,18750,0,1,18750,0,1,18750,0,'2016-03-31 02:59:00',1,'  , PEO 1'),(18190,27463,1,150000,0,0,0,0,0,0,0,0,0,0,'2016-03-31 03:00:00',1,'  , PEO 1'),(2165,27463,0,0,0,0,0,0,0,0,0,1,30000,0,'2016-03-31 03:04:00',1,'  , PEO 1'),(28682,27463,1,10000,0,0,0,0,0,0,0,0,0,0,'2016-03-31 03:05:00',1,'  , PEO 1'),(28795,27463,0,0,0,0,0,0,0,0,0,1,30000,0,'2016-03-31 03:06:00',1,'  , PEO 1'),(3736,27463,0,0,0,2,8000,0,3,12000,0,1,5000,0,'2016-03-31 03:16:00',1,'  , PEO 1'),(14065,27463,0,0,0,0,0,0,1,25000,0,0,0,0,'2016-03-31 03:17:00',1,'  , PEO 1'),(726,27463,0,0,0,1,25000,0,0,0,0,0,0,0,'2016-03-31 03:18:00',1,'  , PEO 1'),(6487,27463,1,50000,0,0,0,0,0,0,0,0,0,0,'2016-03-31 03:20:00',1,'  , PEO 1'),(13615,27463,0,0,0,0,0,0,1,25000,0,0,0,0,'2016-03-31 03:20:00',1,'  , PEO 1'),(10044,27463,1,175000,0,0,0,0,0,0,0,0,0,0,'2016-03-31 03:26:00',1,'  , PEO 1'),(11461,27463,125,100000,0,0,0,0,0,0,0,0,0,0,'2016-03-31 03:28:00',1,'  , PEO 1'),(30027,27463,0,0,0,1,65000,0,1,65000,0,0,0,0,'2016-03-31 03:30:00',1,'  , PEO 1'),(31528,27463,1,127000,0,0,0,0,0,0,0,0,0,0,'2016-03-31 03:31:00',1,'  , PEO 1'),(20545,27463,0,0,0,1,150000,0,0,0,0,0,0,0,'2016-03-31 03:31:00',1,'  , PEO 1'),(10726,27463,0,0,0,1,300000,0,0,0,0,0,0,0,'2016-03-31 03:32:00',1,'  , PEO 1'),(6951,27463,0,0,0,1,100000,0,0,0,0,0,0,0,'2016-03-31 03:37:00',1,'  , PEO 1'),(8660,27463,0,0,0,0,0,0,1,100000,0,0,0,0,'2016-03-31 03:39:00',1,'  , PEO 1'),(12157,27463,0,0,0,1,60000,0,0,0,0,0,0,0,'2016-03-31 03:39:00',1,'  , PEO 1'),(32370,27463,0,0,0,0,0,0,0,0,0,1,80000,0,'2016-03-31 03:40:00',1,'  , PEO 1'),(30521,27463,325,195000,0,650,390000,0,975,585000,0,1300,780000,0,'2016-03-31 05:38:00',1,'  , PEO 1'),(20862,27463,1150,225000,0,2300,450000,0,3450,675000,0,4600,900000,0,'2016-03-31 05:40:00',1,'  , PEO 1'),(19125,25988,0,0,0,400,0,400,1400,2840000,1400,1420,5680000,1420,'2016-04-01 00:54:00',1,'Chricept T. Viloria, PDO IV'),(19203,25988,0,0,0,482,0,482,713,617000,713,713,913000,713,'2016-04-01 01:01:00',1,'Chricept T. Viloria, PDO IV'),(28893,25988,1,0,0,1,188000,25,1,188000,25,1,313000,50,'2016-04-01 01:11:00',1,'Chricept T. Viloria, PDO IV'),(18725,23393,0,0,0,0.113,891000,202,0.113,891000,203,0,0,0,'2016-04-01 05:44:00',1,'  , '),(22493,23393,0.8,5984000,1275,0,0,0,0,0,0,0,0,0,'2016-04-01 06:03:00',1,'  , '),(6906,23393,0.54,3997000,1074,0.135,999500,269,0,0,0,0,0,0,'2016-04-01 06:08:00',1,'  , '),(4358,8497,0,0,0,224000,7616000,0,56000,1904000,0,0,0,0,'2016-04-01 06:29:00',1,'Jinnefer Buenafe Pulmano, PEO II'),(2734,8497,0,0,0,40000,1360000,0,10000,340000,0,0,0,0,'2016-04-01 07:03:00',1,'Jinnefer Buenafe Pulmano, PEO II'),(16463,8497,0,0,0,40000,1360000,0,10000,340000,0,0,0,0,'2016-04-01 07:06:00',1,'Jinnefer Buenafe Pulmano, PEO II'),(9180,8497,0,0,0,80000,2720000,0,20000,680000,0,0,0,0,'2016-04-01 07:08:00',1,'Jinnefer Buenafe Pulmano, PEO II'),(31973,27238,0,0,0,0,0,0,775,12114999.999,0,3084,222409000,0,'2016-04-01 07:08:00',1,'Manuel Caluza Ramiscal, Economist IV'),(2688,8497,0,0,0,30,24300000,0,0,0,0,0,0,0,'2016-04-01 07:43:00',1,'Jinnefer Buenafe Pulmano, PEO II'),(22699,8497,0,0,0,10,8100000,0,0,0,0,0,0,0,'2016-04-01 08:09:00',1,'Jinnefer Buenafe Pulmano, PEO II'),(25670,8497,0,0,0,10,8100000,0,0,0,0,0,0,0,'2016-04-01 08:18:00',1,'Jinnefer Buenafe Pulmano, PEO II'),(29964,8497,0,0,0,20,16200000,0,0,0,0,0,0,0,'2016-04-01 08:25:00',1,'Jinnefer Buenafe Pulmano, PEO II'),(10650,28499,0,0,0,0,0,0,0,0,0,0,0,0,'2016-04-02 00:11:00',1,'  , '),(25032,28499,0,0,0,0,0,0,0,0,0,0,0,0,'2016-04-02 00:12:00',1,'  , '),(31570,28499,0,0,0,0,0,0,0,0,0,0,0,0,'2016-04-02 00:13:00',1,'  , '),(353,28499,0,0,0,0,0,0,0,0,0,0,0,0,'2016-04-02 00:13:00',1,'  , '),(21638,28499,0,0,0,0,0,0,0,0,0,0,0,0,'2016-04-02 00:14:00',1,'  , '),(12117,28499,0,0,0,0,0,0,0,0,0,0,0,0,'2016-04-02 00:14:00',1,'  , '),(15722,28499,0,0,0,0,0,0,0,0,0,0,0,0,'2016-04-02 00:17:00',1,'  , '),(28158,28499,0,0,0,0,0,0,0,0,0,0,0,0,'2016-04-02 00:18:00',1,'  , '),(26497,28499,0,0,0,0,0,0,0,0,0,0,0,0,'2016-04-02 00:19:00',1,'  , '),(26059,23393,0,0,0,0.625,4496500,1602,0.625,4496500,1602,0,0,0,'2016-04-02 01:33:00',1,'  , '),(25000,23393,0,0,0,0.725,4497000,1460,0.725,4497000,1460,0,0,0,'2016-04-02 01:37:00',1,'  , '),(20488,23393,0.256,2113200,396,0.299,2465400,462,0.299,2465400,462,0,0,0,'2016-04-02 01:40:00',1,'  , '),(3823,23393,0,0,0,1.5,4000000,90,0,0,0,0,0,0,'2016-04-02 01:43:00',1,'  , '),(9956,15959,1,125000,0,1,125000,0,1,125000,0,1,125000,0,'2016-04-02 01:44:00',0,NULL),(24060,23393,0,0,0,0.9,2478000,45,0,0,0,0,0,0,'2016-04-02 01:47:00',1,'  , '),(29889,23393,386,3569400,1620,258,2379600,1080,0,0,0,0,0,0,'2016-04-02 01:51:00',1,'  , '),(13414,23393,0,0,0,0,0,0,0.15,1160000,330,0,0,0,'2016-04-02 01:59:00',1,'  , '),(5031,23393,7.2,5175000,1080,4.8,3450000,720,0,0,0,0,0,0,'2016-04-02 02:02:00',1,'  , '),(4134,23393,48,4625600,7200,12,1156400,1800,0,0,0,0,0,0,'2016-04-02 02:09:00',1,'  , '),(11811,23393,0.5,530500,15,0.5,530500,15,0,0,0,0,0,0,'2016-04-02 02:13:00',1,'  , '),(32544,23393,0,0,0,1.168,4932000,135,0,0,0,0,0,0,'2016-04-02 02:19:00',1,'  , '),(21195,23393,0,0,0,2.45,10000000,70,0,0,0,0,0,0,'2016-04-02 02:22:00',1,'  , '),(16993,23393,0,0,0,0,0,0,1.6,6763000,242,0,0,0,'2016-04-02 02:25:00',1,'  , '),(390,23393,0,0,0,0,0,0,0,0,0,2.1,5917000,207,'2016-04-02 02:27:00',1,'  , '),(15066,15959,1,30000,0,3,90000,0,4,120000,0,2,60000,0,'2016-04-02 02:46:00',0,NULL),(11019,15959,5,102000,0,10,656000,0,6,760000,0,0,0,0,'2016-04-02 02:54:00',0,NULL),(10823,15959,2,4205000,0,43,174000,0,57,3100000,0,0,0,0,'2016-04-02 03:08:00',0,NULL),(13217,9001,5513,11026000,0,5513,0,0,5513,0,0,5513,0,0,'2016-04-02 04:19:00',1,'Armand Ruel Llarenas Estigoy, AA 1'),(28756,9001,2165,4330000,0,2165,0,0,2165,0,0,2165,0,0,'2016-04-02 04:21:00',1,'Armand Ruel Llarenas Estigoy, AA 1'),(14790,9001,737,1474000,0,737,0,0,737,0,0,737,0,0,'2016-04-02 04:23:00',1,'Armand Ruel Llarenas Estigoy, AA 1'),(7559,9001,6106,12212000,0,6106,0,0,6106,0,0,6106,0,0,'2016-04-02 04:24:00',1,'Armand Ruel Llarenas Estigoy, AA 1'),(25780,9001,7429,22287000,0,7429,0,0,7429,0,0,7429,0,0,'2016-04-02 04:37:00',1,'Armand Ruel Llarenas Estigoy, AA 1'),(26935,9001,2830,8490000,0,2830,0,0,2830,0,0,2830,0,0,'2016-04-02 04:38:00',1,'Armand Ruel Llarenas Estigoy, AA 1'),(21108,9001,5672,17016000,0,5672,0,0,5672,0,0,5672,0,0,'2016-04-02 04:39:00',1,'Armand Ruel Llarenas Estigoy, AA 1'),(14157,9001,0,26552000,0,2323300,0,0,995700,0,0,0,0,0,'2016-04-02 04:45:00',1,'Armand Ruel Llarenas Estigoy, AA 1'),(19112,9001,0,20432000,0,1787800,0,0,766200,0,0,0,0,0,'2016-04-02 04:48:00',1,'Armand Ruel Llarenas Estigoy, AA 1'),(23174,9001,0,2800000,0,245000,0,0,105000,0,0,0,0,0,'2016-04-02 04:49:00',1,'Armand Ruel Llarenas Estigoy, AA 1'),(3911,9001,0,20680000,0,1809500,0,0,775500,0,0,0,0,0,'2016-04-02 04:51:00',1,'Armand Ruel Llarenas Estigoy, AA 1'),(24040,9001,0,12832000,0,0,0,0,1992,0,0,0,0,0,'2016-04-02 04:52:00',1,'Armand Ruel Llarenas Estigoy, AA 1'),(9117,9001,0,9875000,0,0,0,0,1533,0,0,0,0,0,'2016-04-02 04:53:00',1,'Armand Ruel Llarenas Estigoy, AA 1'),(21364,9001,0,1351000,0,0,0,0,210,0,0,0,0,0,'2016-04-02 04:59:00',1,'Armand Ruel Llarenas Estigoy, AA 1'),(12802,9001,0,9996000,0,0,0,0,1552,0,0,0,0,0,'2016-04-02 05:01:00',1,'Armand Ruel Llarenas Estigoy, AA 1'),(29888,9001,0,1992000,0,0,0,0,0,0,0,1992,0,0,'2016-04-02 05:02:00',1,'Armand Ruel Llarenas Estigoy, AA 1'),(10689,15959,1400,638000,0,2362,45000,0,1400,28000,0,2853,69000,0,'2016-04-02 05:16:00',0,NULL),(7165,15959,1,129000,0,1,168000,0,1,169000,0,1,94000,0,'2016-04-02 05:27:00',0,NULL),(23553,15959,2,37000,0,2,37000,0,11,201400,0,2,119000,0,'2016-04-02 05:57:00',0,NULL),(4628,15959,60,3655000,0,60,3417000,0,60,3417000,0,60,2230000,0,'2016-04-02 06:14:00',0,NULL),(10918,15959,21800,757000,0,21800,1435000,0,21800,392000,0,21800,705000,0,'2016-04-02 06:39:00',0,NULL),(15232,15959,1650000,112000,0,2020000,115000,0,1970000,115000,0,1640000,99000,0,'2016-04-02 06:44:00',0,NULL),(27879,15959,2190000,1350000,0,2660000,337000,0,2640000,62000,0,2250000,58000,0,'2016-04-02 07:08:00',0,NULL),(7509,23393,1.2,1033200,540,0.8,688800,360,0,0,0,0,0,0,'2016-04-05 00:37:00',1,'  , '),(4970,23393,0,0,0,0,0,0,3,2400000,1955,0,0,0,'2016-04-05 00:41:00',1,'  , '),(16475,23393,0,0,0,540,3635000,1250,0,0,0,0,0,0,'2016-04-05 00:46:00',1,'  , '),(20728,23393,0,0,0,3,2418000,1755,0,0,0,0,0,0,'2016-04-05 00:52:00',1,'  , '),(7368,23393,0,0,0,0,0,0,3,2400000,1755,0,0,0,'2016-04-05 00:56:00',1,'  , '),(24929,23393,0,0,0,0,0,0,3,2400000,1755,0,0,0,'2016-04-05 01:02:00',1,'  , '),(13446,23393,56,600000,360,82.4,900000,540,0,0,0,0,0,0,'2016-04-05 01:06:00',1,'  , '),(24903,23393,20,1500,0,20,1500,0,20,1500,0,20,1500,0,'2016-04-05 01:14:00',1,'  , '),(15732,23393,30,8160000,0,100,23500000,0,30,7050000,0,23,5290000,0,'2016-04-05 01:23:00',1,'  , '),(23396,23393,90,3800000,720,0,0,0,0,0,0,0,0,0,'2016-04-05 01:43:00',1,'  , '),(14801,9001,0,1533000,0,0,0,0,0,0,0,1533,0,0,'2016-04-04 13:26:00',1,'Armand Ruel Llarenas Estigoy, AA 1'),(31798,9001,0,210000,0,0,0,0,0,0,0,210,0,0,'2016-04-04 13:29:00',1,'Armand Ruel Llarenas Estigoy, AA 1'),(1847,9001,0,1552000,0,0,0,0,0,0,0,1552,0,0,'2016-04-04 13:31:00',1,'Armand Ruel Llarenas Estigoy, AA 1'),(1188,9001,62,68000,0,124,136000,0,560,616000,0,496,546000,0,'2016-04-04 13:35:00',1,'Armand Ruel Llarenas Estigoy, AA 1'),(8717,9001,1,100000,0,1,150000,0,1,150000,0,1,100000,0,'2016-04-04 13:37:00',1,'Armand Ruel Llarenas Estigoy, AA 1'),(24911,9001,1,0,0,1,125000,0,1,125000,0,1,50000,0,'2016-04-04 13:39:00',1,'Armand Ruel Llarenas Estigoy, AA 1'),(9666,9001,0,0,0,1,150000,0,1,150000,0,1,150000,0,'2016-04-04 13:42:00',1,'Armand Ruel Llarenas Estigoy, AA 1'),(23048,9001,0,0,0,0,0,0,1,28000,0,0,0,0,'2016-04-04 14:38:00',1,'Armand Ruel Llarenas Estigoy, AA 1'),(12508,9001,5,75000,0,5,160000,0,5,165000,0,5,100000,0,'2016-04-04 15:31:00',1,'Armand Ruel Llarenas Estigoy, AA 1'),(30113,9001,0,0,0,0,0,0,0,0,0,1,28000,0,'2016-04-04 15:33:00',1,'Armand Ruel Llarenas Estigoy, AA 1'),(13017,8034,23,75000000,0,23,104600000,0,23,97646000,0,0,0,0,'2016-04-04 15:41:00',0,NULL),(1509,15959,3,1094000,0,3,1366000,0,3,1366000,0,3,730000,0,'2016-04-04 15:44:00',0,NULL),(9284,15959,3,988000,0,3,1237000,0,3,1237000,0,3,658000,0,'2016-04-04 15:46:00',0,NULL),(21446,8034,0,0,0,0,0,0,0,0,0,46,92523500,0,'2016-04-04 15:47:00',0,NULL),(12167,8034,0,0,0,0,0,0,5,4000000,0,0,0,0,'2016-04-04 15:54:00',0,NULL),(9949,8034,0,0,0,0,0,0,5,2610000,0,0,0,0,'2016-04-04 16:04:00',0,NULL),(4690,15959,0,0,0,0,0,0,60,1800000,0,0,0,0,'2016-04-04 16:07:00',0,NULL),(31011,8034,0,0,0,0,0,0,0,0,0,60,1500000,0,'2016-04-04 16:10:00',0,NULL),(28192,15959,0,0,0,0,0,0,30,2037000,0,0,0,0,'2016-04-04 16:11:00',0,NULL),(21465,15959,3,468000,0,3,0,0,3,0,0,3,0,0,'2016-04-04 16:14:00',0,NULL),(414,15959,1,400000,0,1,403000,0,1,402000,0,1,400000,0,'2016-04-04 16:19:00',0,NULL),(4557,15959,240,1020000,0,598,1250000,0,295,13475000,1656,0,0,0,'2016-04-04 16:38:00',0,NULL),(22829,15959,5,572000,0,5,572000,0,5,571000,0,5,571000,0,'2016-04-04 16:50:00',0,NULL),(24162,15959,0,0,0,0,0,0,6,1787000,540,0,0,0,'2016-04-04 16:52:00',0,NULL),(15347,15959,15,180000,2,15,180000,2,15,180000,2,15,180000,2,'2016-04-04 16:55:00',0,NULL),(14978,15959,0,0,0,0,0,0,70,900000,0,0,0,0,'2016-04-04 17:02:00',0,NULL),(23337,15959,1,250000,0,1,0,0,1,250000,0,1,0,0,'2016-04-04 17:06:00',0,NULL),(29565,15959,5,179200,0,16,573440,0,24,860160,0,5,179200,0,'2016-04-05 09:39:00',0,NULL),(29298,15959,0,0,0,0,0,0,12,576000,126,0,0,0,'2016-04-05 09:42:00',0,NULL),(9923,15959,0,0,0,185000,1850000,0,215000,2150000,0,0,0,0,'2016-04-05 09:44:00',0,NULL),(18899,1,2211,35000130,0,0,0,0,6487,102689210,0,4184,66232720,0,'2016-04-05 09:49:00',1,'David Milo Rabelas, statistician 1'),(23936,1,2811,72325625,2811,0,0,0,7362,189420579,7362,5570,143313315,5570,'2016-04-05 10:05:00',1,'David Milo Rabelas, statistician 1'),(32697,8034,0,0,0,0,0,0,80,2000000,0,0,0,0,'2016-04-05 10:59:00',0,NULL),(26896,8034,0,0,0,0,0,0,20,500000,0,0,0,0,'2016-04-05 11:06:00',0,NULL),(19465,8034,0,0,0,0,0,0,40,1000000,0,0,0,0,'2016-04-05 11:08:00',0,NULL),(19982,1,205059,478470990,0,205059,956941999,0,205059,478470990,0,205059,956941999,0,'2016-04-05 11:11:00',1,'David Milo Rabelas, statistician 1'),(12335,8034,0,0,0,0,0,0,500,637500,0,0,0,0,'2016-04-05 11:12:00',0,NULL),(28670,8034,0,0,0,0,0,0,200611,191830000,0,0,0,0,'2016-04-05 11:18:00',0,NULL),(17247,1,2701,7562800,0,2701,15125600,0,2701,7562800,0,2701,15125600,0,'2016-04-05 11:18:00',1,'David Milo Rabelas, statistician 1'),(12761,8034,2,500000,0,6,1750000,0,0,0,0,0,0,0,'2016-04-05 11:24:00',0,NULL),(1596,8034,0,0,0,0,0,0,0,0,0,100,1000000,0,'2016-04-05 11:31:00',0,NULL),(1950,8034,2,1021400,0,2,1021400,0,3,1532100,0,3,1532100,0,'2016-04-05 11:53:00',0,NULL),(24181,1,85185,127777500,0,85185,127777500,0,85185,127777500,0,85185,127777500,0,'2016-04-05 12:47:00',1,'David Milo Rabelas, statistician 1'),(3594,8034,575,3127500,0,75,127500,0,75,127500,0,75,127500,0,'2016-04-05 12:51:00',0,NULL),(13947,8034,0,0,0,10,2118250,0,10,2118250,0,20,4236500,0,'2016-04-05 13:01:00',0,NULL),(23704,8034,0,0,0,0,0,0,50,6532000,0,0,0,0,'2016-04-05 13:05:00',0,NULL),(27889,8034,0,0,0,4,549500,0,0,0,0,0,0,0,'2016-04-05 13:13:00',0,NULL),(6131,8034,0,0,0,7500,5089500,0,0,0,0,0,0,0,'2016-04-05 13:18:00',0,NULL),(27824,8034,0,0,0,7000,1259000,0,0,0,0,0,0,0,'2016-04-05 13:23:00',0,NULL),(14136,8034,0,0,0,400,3266000,0,0,0,0,0,0,0,'2016-04-05 13:27:00',0,NULL),(8133,15979,0,0,0,0,0,0,0,0,0,39,385000,0,'2016-04-05 16:00:00',1,'rosemary madriaga abenes, Planning Officer II'),(15642,15979,0,0,0,0,0,0,0,0,0,1045,6255000,0,'2016-04-05 16:03:00',1,'rosemary madriaga abenes, Planning Officer II'),(8267,15979,0,0,0,0,0,0,0,0,0,38,375000,0,'2016-04-05 16:05:00',1,'rosemary madriaga abenes, Planning Officer II'),(16591,15979,0,0,0,0,0,0,0,0,0,75,745000,0,'2016-04-05 16:07:00',1,'rosemary madriaga abenes, Planning Officer II'),(23132,15979,0,0,0,0,0,0,0,0,0,6,300000,0,'2016-04-05 16:08:00',1,'rosemary madriaga abenes, Planning Officer II'),(12645,15979,0,0,0,4,469000,0,1,120000,0,0,0,0,'2016-04-05 16:12:00',1,'rosemary madriaga abenes, Planning Officer II'),(214,15979,0,0,0,0,0,0,3,216000,0,0,0,0,'2016-04-05 16:16:00',1,'rosemary madriaga abenes, Planning Officer II'),(10512,15979,0,0,0,2,404000,0,2,309000,0,0,0,0,'2016-04-05 16:19:00',1,'rosemary madriaga abenes, Planning Officer II'),(4842,8497,0,0,0,50,6500000,0,3,390000,0,0,0,0,'2016-04-06 09:18:00',1,'Jinnefer Buenafe Pulmano, PEO II'),(15930,8497,0,0,0,15,1950000,0,0,0,0,0,0,0,'2016-04-06 09:20:00',1,'Jinnefer Buenafe Pulmano, PEO II'),(19358,8497,0,0,0,15,1950000,0,0,0,0,0,0,0,'2016-04-06 09:21:00',1,'Jinnefer Buenafe Pulmano, PEO II'),(23492,8497,0,0,0,20,2600000,0,0,0,0,0,0,0,'2016-04-06 09:23:00',1,'Jinnefer Buenafe Pulmano, PEO II'),(25365,8497,0,0,0,2,600000,0,0,0,0,0,0,0,'2016-04-06 09:26:00',1,'Jinnefer Buenafe Pulmano, PEO II'),(17962,8497,0,0,0,1,300000,0,0,0,0,0,0,0,'2016-04-06 09:30:00',1,'Jinnefer Buenafe Pulmano, PEO II'),(23579,8497,0,0,0,1,300000,0,0,0,0,0,0,0,'2016-04-06 09:31:00',1,'Jinnefer Buenafe Pulmano, PEO II'),(8632,8497,0,0,0,1,300000,0,0,0,0,0,0,0,'2016-04-06 09:32:00',1,'Jinnefer Buenafe Pulmano, PEO II'),(7057,7044,3,6369,0,11,11938,0,5,4798,0,1,1107,2220,'2016-04-06 09:34:00',1,'Ismael Diaz Gurtiza, SRS'),(1631,8497,0,0,0,6,900000,0,0,0,0,0,0,0,'2016-04-06 09:36:00',1,'Jinnefer Buenafe Pulmano, PEO II'),(22700,8497,0,0,0,1,150000,0,0,0,0,0,0,0,'2016-04-06 09:37:00',1,'Jinnefer Buenafe Pulmano, PEO II'),(22901,8497,0,0,0,1,150000,0,0,0,0,0,0,0,'2016-04-06 09:38:00',1,'Jinnefer Buenafe Pulmano, PEO II'),(27914,8497,0,0,0,2,300000,0,0,0,0,0,0,0,'2016-04-06 09:40:00',1,'Jinnefer Buenafe Pulmano, PEO II'),(10619,1,0,0,0,0,0,0,24875,24626250,0,74625,94027500,0,'2016-04-06 09:40:00',1,'David Milo Rabelas, statistician 1'),(21400,8497,0,0,0,2,3600000,0,0,0,0,0,0,0,'2016-04-06 09:41:00',1,'Jinnefer Buenafe Pulmano, PEO II'),(6129,8497,0,0,0,1,1800000,0,0,0,0,0,0,0,'2016-04-06 09:42:00',1,'Jinnefer Buenafe Pulmano, PEO II'),(6902,8497,0,0,0,1,1800000,0,0,0,0,0,0,0,'2016-04-06 09:43:00',1,'Jinnefer Buenafe Pulmano, PEO II'),(20438,8497,0,0,0,1,1800000,0,0,0,0,0,0,0,'2016-04-06 09:44:00',1,'Jinnefer Buenafe Pulmano, PEO II'),(7927,8497,0,0,0,30,3900000,0,0,0,0,0,0,0,'2016-04-06 09:45:00',1,'Jinnefer Buenafe Pulmano, PEO II'),(8548,8497,0,0,0,8,1040000,0,0,0,0,0,0,0,'2016-04-06 09:46:00',1,'Jinnefer Buenafe Pulmano, PEO II'),(25175,8497,0,0,0,8,1040000,0,0,0,0,0,0,0,'2016-04-06 09:47:00',1,'Jinnefer Buenafe Pulmano, PEO II'),(4420,8497,0,0,0,14,1820000,0,0,0,0,0,0,0,'2016-04-06 09:48:00',1,'Jinnefer Buenafe Pulmano, PEO II'),(16941,8497,0,0,0,0,0,0,0,0,0,1,4687000,6562,'2016-04-06 09:50:00',1,'Jinnefer Buenafe Pulmano, PEO II'),(4962,8497,0,0,0,0,0,0,0,0,0,1,4688000,6562,'2016-04-06 09:51:00',1,'Jinnefer Buenafe Pulmano, PEO II'),(19699,8497,0,0,0,0,0,0,0,0,0,8,1600000,2240,'2016-04-06 09:52:00',1,'Jinnefer Buenafe Pulmano, PEO II'),(32176,8497,0,0,0,0,0,0,0,0,0,2,400000,560,'2016-04-06 09:53:00',1,'Jinnefer Buenafe Pulmano, PEO II'),(21545,8497,0,0,0,0,0,0,2,400000,560,0,0,0,'2016-04-06 09:54:00',1,'Jinnefer Buenafe Pulmano, PEO II'),(942,8497,0,0,0,0,0,0,3,600000,840,0,0,0,'2016-04-06 09:56:00',1,'Jinnefer Buenafe Pulmano, PEO II'),(24525,1,0,0,0,19.23,3824633,24,46.92,9331866,26,74.24,14765510,21,'2016-04-06 10:08:00',1,'David Milo Rabelas, statistician 1'),(19471,8497,0,0,0,4,60000,0,0,0,0,0,0,0,'2016-04-06 10:12:00',1,'Jinnefer Buenafe Pulmano, PEO II'),(31405,8497,0,0,0,1,15000,0,0,0,0,0,0,0,'2016-04-06 10:13:00',1,'Jinnefer Buenafe Pulmano, PEO II'),(21419,8497,0,0,0,9,135000,0,0,0,0,0,0,0,'2016-04-06 10:14:00',1,'Jinnefer Buenafe Pulmano, PEO II'),(8674,8497,0,0,0,6,90000,0,0,0,0,0,0,0,'2016-04-06 10:15:00',1,'Jinnefer Buenafe Pulmano, PEO II'),(31091,8497,0,0,0,9,135000,0,0,0,0,0,0,0,'2016-04-06 10:16:00',1,'Jinnefer Buenafe Pulmano, PEO II'),(23275,8497,0,0,0,6,90000,0,0,0,0,0,0,0,'2016-04-06 10:17:00',1,'Jinnefer Buenafe Pulmano, PEO II'),(27144,8497,0,0,0,5,350000,0,0,0,0,0,0,0,'2016-04-06 10:21:00',1,'Jinnefer Buenafe Pulmano, PEO II'),(17743,8497,0,0,0,6,420000,0,0,0,0,0,0,0,'2016-04-06 10:26:00',1,'Jinnefer Buenafe Pulmano, PEO II'),(28802,8497,0,0,0,6,420000,0,0,0,0,0,0,0,'2016-04-06 10:27:00',1,'Jinnefer Buenafe Pulmano, PEO II'),(13203,8497,0,0,0,4,280000,0,0,0,0,0,0,0,'2016-04-06 10:28:00',1,'Jinnefer Buenafe Pulmano, PEO II'),(28624,8497,0,0,0,7,490000,0,0,0,0,0,0,0,'2016-04-06 10:29:00',1,'Jinnefer Buenafe Pulmano, PEO II'),(11209,8497,0,0,0,7,490000,0,0,0,0,0,0,0,'2016-04-06 10:30:00',1,'Jinnefer Buenafe Pulmano, PEO II'),(4814,8497,0,0,0,1,70000,0,0,0,0,0,0,0,'2016-04-06 10:31:00',1,'Jinnefer Buenafe Pulmano, PEO II'),(30191,8497,0,0,0,1,70000,0,0,0,0,0,0,0,'2016-04-06 10:35:00',1,'Jinnefer Buenafe Pulmano, PEO II'),(14588,8497,0,0,0,3,210000,0,0,0,0,0,0,0,'2016-04-06 10:36:00',1,'Jinnefer Buenafe Pulmano, PEO II'),(15237,8497,0,0,0,3,210000,0,0,0,0,0,0,0,'2016-04-06 10:37:00',1,'Jinnefer Buenafe Pulmano, PEO II'),(17628,8497,0,0,0,2,140000,0,0,0,0,0,0,0,'2016-04-06 10:40:00',1,'Jinnefer Buenafe Pulmano, PEO II'),(2533,8497,0,0,0,3,210000,0,0,0,0,0,0,0,'2016-04-06 10:41:00',1,'Jinnefer Buenafe Pulmano, PEO II'),(11450,8497,0,0,0,0,0,0,1,797000,0,0,0,0,'2016-04-06 10:44:00',1,'Jinnefer Buenafe Pulmano, PEO II'),(2523,8497,0,0,0,0,0,0,2,1593000,0,0,0,0,'2016-04-06 10:45:00',1,'Jinnefer Buenafe Pulmano, PEO II'),(7288,8497,0,0,0,0,0,0,4,3186000,0,0,0,0,'2016-04-06 10:47:00',1,'Jinnefer Buenafe Pulmano, PEO II'),(24401,8497,0,0,0,0,0,0,1,797000,0,0,0,0,'2016-04-06 10:49:00',1,'Jinnefer Buenafe Pulmano, PEO II'),(29622,8497,0,0,0,0,0,0,3,2390000,0,0,0,0,'2016-04-06 10:50:00',1,'Jinnefer Buenafe Pulmano, PEO II'),(26807,8497,0,0,0,0,0,0,3,2390000,0,0,0,0,'2016-04-06 10:52:00',1,'Jinnefer Buenafe Pulmano, PEO II'),(17825,1,0,0,0,9632,27451200,9632,38529,108097650,38529,96324,272813400,96324,'2016-04-06 10:52:00',1,'David Milo Rabelas, statistician 1'),(2084,8497,0,0,0,0,0,0,2,1593000,0,0,0,0,'2016-04-06 10:53:00',1,'Jinnefer Buenafe Pulmano, PEO II'),(8077,8497,0,0,0,0,0,0,4,3186000,0,0,0,0,'2016-04-06 10:53:00',1,'Jinnefer Buenafe Pulmano, PEO II'),(5442,8497,0,0,0,1,2300000,0,0,0,0,0,0,0,'2016-04-06 10:55:00',1,'Jinnefer Buenafe Pulmano, PEO II'),(22867,8497,0,0,0,1,2300000,0,0,0,0,0,0,0,'2016-04-06 10:56:00',1,'Jinnefer Buenafe Pulmano, PEO II'),(656,8497,0,0,0,1,2300000,0,0,0,0,0,0,0,'2016-04-06 10:57:00',1,'Jinnefer Buenafe Pulmano, PEO II'),(10121,8497,0,0,0,0,0,0,1,300000,0,0,0,0,'2016-04-06 11:00:00',1,'Jinnefer Buenafe Pulmano, PEO II'),(17294,8497,0,0,0,0,0,0,1,300000,0,0,0,0,'2016-04-06 11:01:00',1,'Jinnefer Buenafe Pulmano, PEO II'),(14255,8497,0,0,0,0,0,0,1,300000,0,0,0,0,'2016-04-06 11:02:00',1,'Jinnefer Buenafe Pulmano, PEO II'),(14268,8497,0,0,0,0,0,0,0,0,0,2,7000000,0,'2016-04-06 11:20:00',1,'Jinnefer Buenafe Pulmano, PEO II'),(13125,8497,0,0,0,0,0,0,0,0,0,1,3500000,0,'2016-04-06 11:21:00',1,'Jinnefer Buenafe Pulmano, PEO II'),(32082,8497,0,0,0,0,0,0,0,0,0,1,3500000,0,'2016-04-06 11:22:00',1,'Jinnefer Buenafe Pulmano, PEO II'),(154,8497,0,0,0,1,87000,0,0,0,0,0,0,0,'2016-04-06 11:23:00',1,'Jinnefer Buenafe Pulmano, PEO II'),(504,8497,0,0,0,1,87000,0,0,0,0,0,0,0,'2016-04-06 11:25:00',1,'Jinnefer Buenafe Pulmano, PEO II'),(2083,8497,0,0,0,1,87000,0,0,0,0,0,0,0,'2016-04-06 11:25:00',1,'Jinnefer Buenafe Pulmano, PEO II'),(20768,8497,0,0,0,2,174000,0,0,0,0,0,0,0,'2016-04-06 11:27:00',1,'Jinnefer Buenafe Pulmano, PEO II'),(31449,8497,0,0,0,1,87000,0,0,0,0,0,0,0,'2016-04-06 11:27:00',1,'Jinnefer Buenafe Pulmano, PEO II'),(5841,8497,0,0,0,2,300000,0,0,0,0,0,0,0,'2016-04-06 11:34:00',1,'Jinnefer Buenafe Pulmano, PEO II'),(7326,8497,0,0,0,1,3500000,0,0,0,0,0,0,0,'2016-04-06 11:37:00',1,'Jinnefer Buenafe Pulmano, PEO II'),(5430,1,0,0,0,4291,42910000,0,12874,128740000,0,42916,554340000,0,'2016-04-06 11:37:00',1,'David Milo Rabelas, statistician 1'),(11319,8497,0,0,0,1,150000,0,0,0,0,0,0,0,'2016-04-06 11:38:00',1,'Jinnefer Buenafe Pulmano, PEO II'),(895,8497,0,0,0,1,3500000,0,0,0,0,0,0,0,'2016-04-06 11:38:00',1,'Jinnefer Buenafe Pulmano, PEO II'),(17828,8497,0,0,0,1,3500000,0,0,0,0,0,0,0,'2016-04-06 11:39:00',1,'Jinnefer Buenafe Pulmano, PEO II'),(20237,8497,0,0,0,2,280000,0,0,0,0,0,0,0,'2016-04-06 11:40:00',1,'Jinnefer Buenafe Pulmano, PEO II'),(20162,8497,0,0,0,1,140000,0,0,0,0,0,0,0,'2016-04-06 11:41:00',1,'Jinnefer Buenafe Pulmano, PEO II'),(24396,8497,0,0,0,1,140000,0,0,0,0,0,0,0,'2016-04-06 11:43:00',1,'Jinnefer Buenafe Pulmano, PEO II'),(24011,8497,0,0,0,1,140000,0,0,0,0,0,0,0,'2016-04-06 11:44:00',1,'Jinnefer Buenafe Pulmano, PEO II'),(31144,8497,0,0,0,1,140000,0,0,0,0,0,0,0,'2016-04-06 11:45:00',1,'Jinnefer Buenafe Pulmano, PEO II'),(11457,8497,0,0,0,1,140000,0,0,0,0,0,0,0,'2016-04-06 11:46:00',1,'Jinnefer Buenafe Pulmano, PEO II'),(21715,8497,0,0,0,1,140000,0,0,0,0,0,0,0,'2016-04-06 11:47:00',1,'Jinnefer Buenafe Pulmano, PEO II'),(6160,8497,0,0,0,0,0,0,0,0,0,1,175000,0,'2016-04-06 11:51:00',1,'Jinnefer Buenafe Pulmano, PEO II'),(3174,8497,0,0,0,0,0,0,1,2000000,0,0,0,0,'2016-04-06 11:54:00',1,'Jinnefer Buenafe Pulmano, PEO II'),(20233,8497,0,0,0,0,0,0,1,2000000,0,0,0,0,'2016-04-06 11:55:00',1,'Jinnefer Buenafe Pulmano, PEO II'),(25542,8497,0,0,0,1,60000,0,0,0,0,0,0,0,'2016-04-06 11:58:00',1,'Jinnefer Buenafe Pulmano, PEO II'),(3546,8497,0,0,0,1,60000,0,0,0,0,0,0,0,'2016-04-06 11:59:00',1,'Jinnefer Buenafe Pulmano, PEO II'),(5390,8497,0,0,0,0,0,0,1,150000,0,0,0,0,'2016-04-06 11:59:00',1,'Jinnefer Buenafe Pulmano, PEO II'),(32647,8497,0,0,0,1,60000,0,0,0,0,0,0,0,'2016-04-06 12:00:00',1,'Jinnefer Buenafe Pulmano, PEO II'),(7860,8497,0,0,0,1,60000,0,0,0,0,0,0,0,'2016-04-06 12:01:00',1,'Jinnefer Buenafe Pulmano, PEO II'),(6877,8497,0,0,0,2,120000,0,0,0,0,0,0,0,'2016-04-06 12:02:00',1,'Jinnefer Buenafe Pulmano, PEO II'),(2983,1,0,0,0,49,47100000,0,0,0,0,0,0,0,'2016-04-06 13:16:00',1,'David Milo Rabelas, statistician 1'),(9372,1,0,0,0,0,0,0,0,0,0,11,58569534,0,'2016-04-06 14:18:00',1,'David Milo Rabelas, statistician 1'),(31278,17089,0.26,1461,1950,0.53,1573,2975,0.21,1405,0,0,0,0,'2016-04-06 14:24:00',1,'  , Planning'),(24412,8497,0,0,0,1,120000,0,0,0,0,0,0,0,'2016-04-06 14:47:00',1,'Jinnefer Buenafe Pulmano, PEO II'),(30290,8497,0,0,0,1,120000,0,0,0,0,0,0,0,'2016-04-06 14:48:00',1,'Jinnefer Buenafe Pulmano, PEO II'),(3363,8497,0,0,0,1,120000,0,0,0,0,0,0,0,'2016-04-06 14:50:00',1,'Jinnefer Buenafe Pulmano, PEO II'),(29216,8497,0,0,0,1,120000,0,0,0,0,0,0,0,'2016-04-06 14:51:00',1,'Jinnefer Buenafe Pulmano, PEO II'),(2009,8497,0,0,0,1,120000,0,0,0,0,0,0,0,'2016-04-06 14:52:00',1,'Jinnefer Buenafe Pulmano, PEO II'),(20132,8497,0,0,0,1,120000,0,0,0,0,0,0,0,'2016-04-06 14:53:00',1,'Jinnefer Buenafe Pulmano, PEO II'),(9229,8497,0,0,0,1,120000,0,0,0,0,0,0,0,'2016-04-06 14:54:00',1,'Jinnefer Buenafe Pulmano, PEO II'),(7665,30155,75,8759428,6075,100,11679237,8100,0,0,0,0,0,0,'2016-04-06 15:04:00',1,'Aris Reynold V. Cajigal, Extension Director'),(23410,30155,60,11234529,6156,85,15915584,8721,0,18724216.64,10260,0,0,0,'2016-04-06 15:26:00',1,'Aris Reynold V. Cajigal, Extension Director'),(28976,30155,0,0,0,5,942934.5,252,55,10372279.5,2779,100,18858690,5052,'2016-04-06 15:29:00',1,'Aris Reynold V. Cajigal, Extension Director'),(425,30155,1.5,362130,104,26.5,6397590,1441,76.5,18468520,4312,100,24141856,6868,'2016-04-06 15:32:00',1,'Aris Reynold V. Cajigal, Extension Director'),(26475,17089,0,0,837,0.265,4888,3276,0.305,5626,2576,0.21,3872.999,3312,'2016-04-06 15:33:00',1,'  , Planning'),(32706,30155,0,0,0,5,500000,192,45,4500000,1728,100,10000000,3841,'2016-04-06 15:39:00',1,'Aris Reynold V. Cajigal, Extension Director'),(16094,30155,0,0,0,0,0,0,30,394000,150,100,1315000,500,'2016-04-06 15:42:00',1,'Aris Reynold V. Cajigal, Extension Director'),(24158,8497,0,0,0,0,0,0,0,0,0,2,300000,0,'2016-04-07 10:37:00',1,'Jinnefer Buenafe Pulmano, PEO II'),(3622,17344,1,5000,45,0,0,0,1,5000,15,1,5000,15,'2016-04-07 10:52:00',1,'Mariano  Romano, jr., Admin Art II'),(31577,8515,25,10218875,60,50,20437750,120,75,30656625,180,100,40875500,240,'2016-04-07 11:00:00',1,'  , Planning Director'),(21278,8497,0,0,0,1,75000,0,0,0,0,0,0,0,'2016-04-07 11:08:00',1,'Jinnefer Buenafe Pulmano, PEO II'),(22284,17344,15,10000,120,15,15000,120,15,5000,120,15,0,0,'2016-04-07 11:14:00',1,'Mariano  Romano, jr., Admin Art II'),(26709,17344,40,112100,10,40,112100,10,40,112100,10,40,112100,10,'2016-04-07 11:20:00',1,'Mariano  Romano, jr., Admin Art II'),(22102,8515,17,2773550,61,50,8157500,180,76,12399400,274,100,16315000,360,'2016-04-07 11:25:00',1,'  , Planning Director'),(9943,17344,0,0,0,0,0,0,14,800000,10,0,0,0,'2016-04-07 11:49:00',1,'Mariano  Romano, jr., Admin Art II'),(27607,17344,0,0,0,80,56000,128,180,126000,160,0,0,0,'2016-04-07 11:58:00',1,'Mariano  Romano, jr., Admin Art II'),(7364,17344,0,0,0,2,5000,8,3,15000,13,3,15000,13,'2016-04-07 13:24:00',1,'Mariano  Romano, jr., Admin Art II'),(10157,17344,20,10000,30,60,15000,90,20,5000,15,0,0,0,'2016-04-07 13:26:00',1,'Mariano  Romano, jr., Admin Art II'),(19170,17344,0,0,0,50,5000,16,0,0,0,0,0,0,'2016-04-07 13:31:00',1,'Mariano  Romano, jr., Admin Art II'),(28275,17344,350,80000,720,360,83000,720,380,87000,720,400,92000,720,'2016-04-07 13:34:00',1,'Mariano  Romano, jr., Admin Art II'),(16688,17344,2,9875,36,0,0,0,6,71035,108,4,23200,40.5,'2016-04-07 13:37:00',1,'Mariano  Romano, jr., Admin Art II'),(4521,17344,9,23500,45,9,23500,45,9,3000,60,0,0,0,'2016-04-07 13:39:00',1,'Mariano  Romano, jr., Admin Art II'),(15300,17344,5,425900,25,3,425900,15,5,425900,25,3,425900,15,'2016-04-07 13:41:00',1,'Mariano  Romano, jr., Admin Art II'),(28633,17344,3,157770,15,2,157770,10,2,157770,10,9,157770,10,'2016-04-07 13:44:00',1,'Mariano  Romano, jr., Admin Art II'),(14335,17344,0,0,0,50,2500,6,100,5000,12,100,5000,12,'2016-04-07 13:46:00',1,'Mariano  Romano, jr., Admin Art II'),(14796,17344,0,0,0,860000,800000,4320,2924000,1928000,17280,5504000,3128000,30240,'2016-04-07 13:50:00',1,'Mariano  Romano, jr., Admin Art II'),(29717,17344,6,386500,90,11,1264135,165,8,1036380,120,4,621680,60,'2016-04-07 13:53:00',1,'Mariano  Romano, jr., Admin Art II'),(19047,27238,0,0,0,0,0,0,465,0,0,1850,0,0,'2016-04-07 14:49:00',1,'Manuel Caluza Ramiscal, Economist IV'),(23213,27238,0,0,0,0,0,0,1638,0,0,1638,0,0,'2016-04-07 15:58:00',1,'Manuel Caluza Ramiscal, Economist IV'),(28062,23942,32,12,270,31,11.6,270,31,11.6,270,31,11.6,270,'2016-04-07 16:17:00',1,'  , Planning Officer 01'),(482,23942,125,19.3,180,125,19.3,180,125,19.3,180,125,19.3,180,'2016-04-07 16:40:00',1,'  , Planning Officer 01'),(618,23942,136647,2195.9,180,136647,2195.9,180,123203,1979.8,180,123219,1980.1,180,'2016-04-07 16:43:00',1,'  , Planning Officer 01'),(859,23942,390,28.9,4680,390,28.1,4560,390,28.1,4560,390,29.6,4800,'2016-04-07 16:52:00',1,'  , Planning Officer 01'),(22520,23942,12,20,96,12,20,96,12,20,96,12,20,96,'2016-04-07 16:56:00',1,'  , Planning Officer 01'),(171,9902,0,0,0,10,7559260.46,4537,30,18898151.11,11340,55,11338890.65,6804,'2016-04-08 09:46:00',1,'Corazon Quintal Luquingan, EPS'),(25277,8497,0,0,0,1,75000,0,0,0,0,0,0,0,'2016-04-08 10:14:00',1,'Jinnefer Buenafe Pulmano, PEO II'),(6740,27238,2,27834500,0,2,27834500,0,2,27834500,0,2,27834500,0,'2016-04-08 10:24:00',1,'Manuel Caluza Ramiscal, Economist IV'),(32253,8497,0,0,0,1,75000,0,0,0,0,0,0,0,'2016-04-08 10:26:00',1,'Jinnefer Buenafe Pulmano, PEO II'),(32339,27238,250,0,0,250,0,0,250,0,0,250,0,0,'2016-04-08 10:31:00',1,'Manuel Caluza Ramiscal, Economist IV'),(15718,27238,2,0,0,2,0,0,2,0,0,2,0,0,'2016-04-08 10:33:00',1,'Manuel Caluza Ramiscal, Economist IV'),(31387,27238,7,0,0,7,0,0,7,0,0,7,0,0,'2016-04-08 10:35:00',1,'Manuel Caluza Ramiscal, Economist IV'),(27378,8497,0,0,0,0,0,0,1,75000,0,0,0,0,'2016-04-08 10:49:00',1,'Jinnefer Buenafe Pulmano, PEO II'),(30019,27238,1,160000,0,1,320000,0,1,480000,0,2,800000,0,'2016-04-08 10:50:00',1,'Manuel Caluza Ramiscal, Economist IV'),(7736,27238,75,0,0,150,0,0,225,0,0,300,0,0,'2016-04-08 10:52:00',1,'Manuel Caluza Ramiscal, Economist IV'),(20658,27238,3,0,0,6,0,0,9,0,0,11,0,0,'2016-04-08 10:55:00',1,'Manuel Caluza Ramiscal, Economist IV'),(18435,30155,0,0,0,1,25000,0,0,0,0,0,0,0,'2016-04-08 10:57:00',1,'Aris Reynold V. Cajigal, Extension Director'),(17280,23942,15529,20,124232,15530,20,124240,15529,20,124232,15530,20,124240,'2016-04-08 10:59:00',1,'  , Planning Officer 01'),(28089,27238,295,0,0,590,0,0,885,0,0,1185,0,0,'2016-04-08 10:59:00',1,'Manuel Caluza Ramiscal, Economist IV'),(31289,30155,0,0,0,0,0,0,2,50000,0,4,100000,0,'2016-04-08 11:04:00',1,'Aris Reynold V. Cajigal, Extension Director'),(6270,23942,51619,179,412952,51623,179,412984,51620,179,412960,51622,179,412976,'2016-04-08 11:05:00',1,'  , Planning Officer 01'),(17918,30155,0,0,0,0,0,0,1,25000,0,0,0,0,'2016-04-08 11:06:00',1,'Aris Reynold V. Cajigal, Extension Director'),(4872,23942,46877,25,375,46878,25,375,46877,25,375,46878,25,375,'2016-04-08 11:10:00',1,'  , Planning Officer 01'),(479,30155,0,0,0,2,50000,0,4,100000,0,6,150000,0,'2016-04-08 11:11:00',1,'Aris Reynold V. Cajigal, Extension Director'),(17296,8497,0,0,0,0,0,0,0,0,0,2,150000,0,'2016-04-08 11:11:00',1,'Jinnefer Buenafe Pulmano, PEO II'),(21641,23942,3265,12.5,3265,3265,12.5,3265,3265,12.5,3265,3265,12.5,3265,'2016-04-08 11:13:00',1,'  , Planning Officer 01'),(27790,30155,0,0,0,25,125,0,50,250,198,75,500,381,'2016-04-08 11:17:00',1,'Aris Reynold V. Cajigal, Extension Director'),(24927,8156,35,5250000,901,100,15000000,3598,0,0,0,0,0,0,'2016-04-08 11:19:00',1,'Alvin Joseph  del Rosario Eguilos, ENGR. I'),(11439,8156,1,150000,10,82,12300000,3468,100,15000000,3819,0,0,0,'2016-04-08 11:29:00',1,'Alvin Joseph  del Rosario Eguilos, ENGR. I'),(6060,30155,6000,1000,296,10500,1830,558,14500,2580,822,21500,3880,1118,'2016-04-08 11:31:00',1,'Aris Reynold V. Cajigal, Extension Director'),(2236,8156,34,5100000,400,93,13950000,2948,100,15000000,3044,0,0,0,'2016-04-08 11:31:00',1,'Alvin Joseph  del Rosario Eguilos, ENGR. I'),(28204,8156,15,2250000,245,98,14700000,3794,100,15000000,3808,0,0,0,'2016-04-08 11:36:00',1,'Alvin Joseph  del Rosario Eguilos, ENGR. I'),(245,8497,0,0,0,0,0,0,2,240000,0,0,0,0,'2016-04-08 11:39:00',1,'Jinnefer Buenafe Pulmano, PEO II'),(11381,8156,10.17,1415867.4,90,99.58,13863527.6,3639,100,13922000,3651,0,0,0,'2016-04-08 11:41:00',1,'Alvin Joseph  del Rosario Eguilos, ENGR. I'),(26791,30155,2,150000,0,2,0,0,3,225000,0,3,0,0,'2016-04-08 11:47:00',1,'Aris Reynold V. Cajigal, Extension Director'),(8532,30155,13,1250,0,13,2500,0,13,3750,0,13,5000,0,'2016-04-08 11:50:00',1,'Aris Reynold V. Cajigal, Extension Director'),(30973,8156,0,0,0,36.89,14756000,4186,93.48,37392000,10718,100,40000000,10961,'2016-04-08 11:55:00',1,'Alvin Joseph  del Rosario Eguilos, ENGR. I'),(17418,8156,23.17,3475500,429,100,15000000,3417,0,0,0,0,0,0,'2016-04-08 12:09:00',1,'Alvin Joseph  del Rosario Eguilos, ENGR. I'),(7816,8156,29.92,5984000,1197,97.58,19516000,5019,100,20000000,5053,0,0,0,'2016-04-08 12:24:00',1,'Alvin Joseph  del Rosario Eguilos, ENGR. I'),(8225,8156,42.75,6412500,1260,100,15000000,2853,0,0,0,0,0,0,'2016-04-08 12:26:00',1,'Alvin Joseph  del Rosario Eguilos, ENGR. I'),(27718,8156,56.42,5642000,1134,100,10000000,1722,0,0,0,0,0,0,'2016-04-08 12:28:00',1,'Alvin Joseph  del Rosario Eguilos, ENGR. I'),(7687,8156,67.55,5499245.5,1080,100,8141000,1620,0,0,0,0,0,0,'2016-04-08 12:30:00',1,'Alvin Joseph  del Rosario Eguilos, ENGR. I'),(6964,8156,0.84,168000,9,64.05,12810000,3649,100,20000000,5282,0,0,0,'2016-04-08 12:32:00',1,'Alvin Joseph  del Rosario Eguilos, ENGR. I'),(9299,8156,0.84,168000,9,64.05,12810000,3649,100,20000000,5282,0,0,0,'2016-04-08 13:29:00',1,'Alvin Joseph  del Rosario Eguilos, ENGR. I'),(16010,30155,0,0,0,90,500000,0,0,0,0,0,0,0,'2016-04-08 13:32:00',1,'Aris Reynold V. Cajigal, Extension Director'),(28569,8156,62.79,8136328.2,1742,100,12958000,3092,0,0,0,0,0,0,'2016-04-08 13:33:00',1,'Alvin Joseph  del Rosario Eguilos, ENGR. I'),(12357,30155,0,0,0,0,0,0,0,0,0,20,270000,0,'2016-04-08 13:34:00',1,'Aris Reynold V. Cajigal, Extension Director'),(21086,8156,54,4941000,496,100,9150000,888,0,0,0,0,0,0,'2016-04-08 13:34:00',1,'Alvin Joseph  del Rosario Eguilos, ENGR. I'),(26175,8156,7,700000,30,100,10000000,1422,0,0,0,0,0,0,'2016-04-08 13:35:00',1,'Alvin Joseph  del Rosario Eguilos, ENGR. I'),(27404,30155,0,0,0,8,100000,0,0,0,0,0,0,0,'2016-04-08 13:36:00',1,'Aris Reynold V. Cajigal, Extension Director'),(27733,16072,0,0,0,100,2500000,833,0,0,0,0,0,0,'2016-04-08 13:37:00',1,'Ronald Parnaso Cabrillos, PEO-I'),(23803,30155,3,2500,0,3,5000,0,4,7500,0,4,10000,0,'2016-04-08 13:38:00',1,'Aris Reynold V. Cajigal, Extension Director'),(7517,8156,7,700000,30,100,10000000,1422,0,0,0,0,0,0,'2016-04-08 13:39:00',1,'Alvin Joseph  del Rosario Eguilos, ENGR. I'),(16664,16072,0,0,0,100,2500000,833,0,0,0,0,0,0,'2016-04-08 13:39:00',1,'Ronald Parnaso Cabrillos, PEO-I'),(8748,16072,0,0,0,100,4000000,1326,0,0,0,0,0,0,'2016-04-08 13:40:00',1,'Ronald Parnaso Cabrillos, PEO-I'),(1746,16072,0,0,0,100,1892682,629,0,0,0,0,0,0,'2016-04-08 13:41:00',1,'Ronald Parnaso Cabrillos, PEO-I'),(26933,16072,0,0,0,100,2000000,663,0,0,0,0,0,0,'2016-04-08 13:43:00',1,'Ronald Parnaso Cabrillos, PEO-I'),(14193,8156,0,0,0,69,3450000,1001,100,5000000,1281,0,0,0,'2016-04-08 13:43:00',1,'Alvin Joseph  del Rosario Eguilos, ENGR. I'),(8650,16072,0,0,0,100,2500000,833,0,0,0,0,0,0,'2016-04-08 13:45:00',1,'Ronald Parnaso Cabrillos, PEO-I'),(14678,8156,33.33,5000000,1072,67,10050000,2528,100,15000000,2752,0,0,0,'2016-04-08 13:45:00',1,'Alvin Joseph  del Rosario Eguilos, ENGR. I'),(32171,8156,100,6031000,380,0,0,0,0,0,0,0,0,0,'2016-04-08 13:50:00',1,'Alvin Joseph  del Rosario Eguilos, ENGR. I'),(13435,8156,19,950000,75,86,4300000,1076,100,5000000,1133,0,0,0,'2016-04-08 13:52:00',1,'Alvin Joseph  del Rosario Eguilos, ENGR. I'),(664,16072,0,0,0,100,5000000,1666,0,0,0,0,0,0,'2016-04-08 13:52:00',1,'Ronald Parnaso Cabrillos, PEO-I'),(19464,8156,11,550000,50,55,2750000,687,99,4950000,1331,100,5000000,1333,'2016-04-08 13:53:00',1,'Alvin Joseph  del Rosario Eguilos, ENGR. I'),(9461,8156,50,6500000,1386,100,13000000,2520,0,0,0,0,0,0,'2016-04-08 13:56:00',1,'Alvin Joseph  del Rosario Eguilos, ENGR. I'),(18930,8156,50,7000000,1452,100,14000000,2640,0,0,0,0,0,0,'2016-04-08 13:58:00',1,'Alvin Joseph  del Rosario Eguilos, ENGR. I'),(6897,30155,0,310,330,3,620,660,0,930,990,0,1240,1320,'2016-04-08 13:58:00',1,'Aris Reynold V. Cajigal, Extension Director'),(26691,16072,5,755238.45,252,100,15104769,5032,0,0,0,0,0,0,'2016-04-08 13:58:00',1,'Ronald Parnaso Cabrillos, PEO-I'),(22233,8156,20.61,3709800,540,97.87,17616600,4544,100,18000000,4572,0,0,0,'2016-04-08 14:00:00',1,'Alvin Joseph  del Rosario Eguilos, ENGR. I'),(18590,16072,15,3000000,1000,95,19000000,6331,100,20000000,6664,0,0,0,'2016-04-08 14:00:00',1,'Ronald Parnaso Cabrillos, PEO-I'),(7697,30155,0,310,330,2,620,660,0,930,990,0,1240,1320,'2016-04-08 14:01:00',1,'Aris Reynold V. Cajigal, Extension Director'),(32673,8156,50,4000000,858,100,8000000,1560,0,0,0,0,0,0,'2016-04-08 14:02:00',1,'Alvin Joseph  del Rosario Eguilos, ENGR. I'),(5574,16072,15,3750000,1250,75,18750000,6248,95,23750000,7914,100,25000000,8330,'2016-04-08 14:04:00',1,'Ronald Parnaso Cabrillos, PEO-I'),(16255,8156,29.66,5932000,1273,96.03,19206000,5095,100,20000000,5164,0,0,0,'2016-04-08 14:04:00',1,'Alvin Joseph  del Rosario Eguilos, ENGR. I'),(27468,30155,0,250000,264,0,500000,528,0,750000,792,4,1000000,1056,'2016-04-08 14:05:00',1,'Aris Reynold V. Cajigal, Extension Director'),(1941,16072,5,1250000,416,100,25000000,8330,0,0,0,0,0,0,'2016-04-08 14:06:00',1,'Ronald Parnaso Cabrillos, PEO-I'),(7995,8156,1.25,536062.5,64,34.73,14893960.5,4159,100,42885000,10423,0,0,0,'2016-04-08 14:08:00',1,'Alvin Joseph  del Rosario Eguilos, ENGR. I'),(30296,16072,15,3750000,1250,100,25000000,8330,0,0,0,0,0,0,'2016-04-08 14:10:00',1,'Ronald Parnaso Cabrillos, PEO-I'),(27273,30155,0,300000,198,0,600000,396,0,900000,594,1,1200000,792,'2016-04-08 14:10:00',1,'Aris Reynold V. Cajigal, Extension Director'),(19927,8156,37.14,5571000,702,100,15000000,2682,0,0,0,0,0,0,'2016-04-08 14:11:00',1,'Alvin Joseph  del Rosario Eguilos, ENGR. I'),(22212,8156,37.25,3725000,636,100,10000000,1376,0,0,0,0,0,0,'2016-04-08 14:12:00',1,'Alvin Joseph  del Rosario Eguilos, ENGR. I'),(18823,30155,0,0,0,5,0,0,0,0,0,0,0,0,'2016-04-08 14:12:00',1,'Aris Reynold V. Cajigal, Extension Director'),(22957,16072,15,3750000,1250,75,18750000,6248,95,23750000,7914,100,25000000,8330,'2016-04-08 14:12:00',1,'Ronald Parnaso Cabrillos, PEO-I'),(4746,8156,46.1,4610000,585,100,10000000,1452,0,0,0,0,0,0,'2016-04-08 14:13:00',1,'Alvin Joseph  del Rosario Eguilos, ENGR. I'),(11126,8156,85,4250000,714,100,5000000,741,0,0,0,0,0,0,'2016-04-08 14:14:00',1,'Alvin Joseph  del Rosario Eguilos, ENGR. I'),(9591,16072,0,0,0,15,13780500,4593,40,36748000,12247,75,68902500,22963,'2016-04-08 14:15:00',1,'Ronald Parnaso Cabrillos, PEO-I'),(19086,8156,37.14,5571000,702,100,15000000,2682,0,0,0,0,0,0,'2016-04-08 14:16:00',1,'Alvin Joseph  del Rosario Eguilos, ENGR. I'),(32448,30155,0,250000,330,0,500000,660,0,750000,990,1,1000000,1320,'2016-04-08 14:17:00',1,'Aris Reynold V. Cajigal, Extension Director'),(26084,16072,100,1025000,340,0,0,0,0,0,0,0,0,0,'2016-04-08 14:17:00',1,'Ronald Parnaso Cabrillos, PEO-I'),(13510,30155,0,250000,330,0,500000,660,0,750000,990,1,1000000,1320,'2016-04-08 14:19:00',1,'Aris Reynold V. Cajigal, Extension Director'),(5346,16072,100,1000000,340,0,0,0,0,0,0,0,0,0,'2016-04-08 14:20:00',1,'Ronald Parnaso Cabrillos, PEO-I'),(13930,8156,16.87,1687000,216,100,10000000,1620,0,0,0,0,0,0,'2016-04-08 14:20:00',1,'Alvin Joseph  del Rosario Eguilos, ENGR. I'),(2637,30155,0,250000,330,0,500000,660,0,750000,990,1,1000000,1320,'2016-04-08 14:21:00',1,'Aris Reynold V. Cajigal, Extension Director'),(2306,16072,100,2763232,918,0,0,0,0,0,0,0,0,0,'2016-04-08 14:22:00',1,'Ronald Parnaso Cabrillos, PEO-I'),(25499,8156,41.11,4111000,468,100,10000000,1494,0,0,0,0,0,0,'2016-04-08 14:22:00',1,'Alvin Joseph  del Rosario Eguilos, ENGR. I'),(20650,8156,35,14000000,3696,100,40000000,11067,0,0,0,0,0,0,'2016-04-08 14:24:00',1,'Alvin Joseph  del Rosario Eguilos, ENGR. I'),(21659,16072,100,3600000,1207,0,0,0,0,0,0,0,0,0,'2016-04-08 14:24:00',1,'Ronald Parnaso Cabrillos, PEO-I'),(17658,30155,0,100000,330,0,200000,660,0,300000,990,3,400000,1320,'2016-04-08 14:26:00',1,'Aris Reynold V. Cajigal, Extension Director'),(15019,8156,35,9800000,2232,100,28000000,7419,0,0,0,0,0,0,'2016-04-08 14:26:00',1,'Alvin Joseph  del Rosario Eguilos, ENGR. I'),(21304,16072,15,1500000,500,55,5500000,1832,85,8500000,2832,100,10000000,3332,'2016-04-08 14:27:00',1,'Ronald Parnaso Cabrillos, PEO-I'),(13984,8156,50,10000000,1860,100,20000000,3596,0,0,0,0,0,0,'2016-04-08 14:27:00',1,'Alvin Joseph  del Rosario Eguilos, ENGR. I'),(12889,8156,50,10000000,1953,100,20000000,3596,0,0,0,0,0,0,'2016-04-08 14:28:00',1,'Alvin Joseph  del Rosario Eguilos, ENGR. I'),(17672,16072,100,3171892,1054,0,0,0,0,0,0,0,0,0,'2016-04-08 14:30:00',1,'Ronald Parnaso Cabrillos, PEO-I'),(1185,30155,0,100000,330,0,200000,660,0,300000,990,1,400000,1320,'2016-04-08 14:30:00',1,'Aris Reynold V. Cajigal, Extension Director'),(14022,16072,30,1148432.4,383,100,3828108,1275,0,0,0,0,0,0,'2016-04-08 14:32:00',1,'Ronald Parnaso Cabrillos, PEO-I'),(15902,30155,0,100000,330,0,200000,660,0,300000,990,1,400000,1320,'2016-04-08 14:32:00',1,'Aris Reynold V. Cajigal, Extension Director'),(5846,30155,0,200000,264,0,400000,528,0,600000,792,3,800000,1056,'2016-04-08 14:34:00',1,'Aris Reynold V. Cajigal, Extension Director'),(7511,30155,0,200000,264,0,400000,528,0,600000,792,2,800000,1056,'2016-04-08 14:36:00',1,'Aris Reynold V. Cajigal, Extension Director'),(12356,8156,50,10000000,1798,100,20000000,4154,0,0,0,0,0,0,'2016-04-08 14:37:00',1,'Alvin Joseph  del Rosario Eguilos, ENGR. I'),(10075,30155,0,100000,198,0,200000,396,0,300000,594,10,400000,792,'2016-04-08 14:39:00',1,'Aris Reynold V. Cajigal, Extension Director'),(17306,8156,5,1500000,85,85,25500000,6910,100,30000000,7806,0,0,0,'2016-04-08 14:39:00',1,'Alvin Joseph  del Rosario Eguilos, ENGR. I'),(25803,8156,21.2,31716943.2,6435,82.83,123894122.4,32461,100,149580000,37581,0,0,0,'2016-04-08 14:40:00',1,'Alvin Joseph  del Rosario Eguilos, ENGR. I'),(28728,30155,0,300000,330,0,600000,660,0,900000,990,2,1200000,1320,'2016-04-08 14:40:00',1,'Aris Reynold V. Cajigal, Extension Director'),(2065,8156,4.5,6744000,777,47.32,70978500,18977,92.66,138985500,38389,100,150000000,40139,'2016-04-08 14:41:00',1,'Alvin Joseph  del Rosario Eguilos, ENGR. I'),(19830,30155,0,150000,396,0,300000,792,0,450000,1188,5,600000,1584,'2016-04-08 14:43:00',1,'Aris Reynold V. Cajigal, Extension Director'),(29864,8156,4.84,7260300,851,49.53,74294250,19779,94.61,141915000,39099,100,150000000,40399,'2016-04-08 14:43:00',1,'Alvin Joseph  del Rosario Eguilos, ENGR. I'),(3009,8156,0.3,596000,8,17.04,34076000,9472,51.73,103458000,29344,86.73,173454000,49308,'2016-04-08 14:44:00',1,'Alvin Joseph  del Rosario Eguilos, ENGR. I'),(12049,30155,0,150000,396,0,300000,792,0,450000,1188,5,600000,1584,'2016-04-08 14:45:00',1,'Aris Reynold V. Cajigal, Extension Director'),(31879,8156,17.3,17295000,2052,93.47,93468000,23619,100,100000000,24165,0,0,0,'2016-04-08 14:46:00',1,'Alvin Joseph  del Rosario Eguilos, ENGR. I'),(26742,30155,0,125000,264,0,250000,528,0,375000,792,1,500000,1056,'2016-04-08 14:47:00',1,'Aris Reynold V. Cajigal, Extension Director'),(7799,30155,0,125000,264,0,250000,528,0,375000,792,2,500000,1056,'2016-04-08 14:51:00',1,'Aris Reynold V. Cajigal, Extension Director'),(27364,30155,0,125000,264,0,250000,528,0,375000,792,2,500000,1056,'2016-04-08 14:53:00',1,'Aris Reynold V. Cajigal, Extension Director'),(6933,30155,0,125000,264,0,250000,528,0,375000,792,3,500000,1056,'2016-04-08 15:00:00',1,'Aris Reynold V. Cajigal, Extension Director'),(22151,8497,0,0,0,0,0,0,6,600000,0,0,0,0,'2016-04-08 15:06:00',1,'Jinnefer Buenafe Pulmano, PEO II'),(28787,30155,0,150000,198,0,250000,396,0,375000,524,3,500000,792,'2016-04-08 15:06:00',1,'Aris Reynold V. Cajigal, Extension Director'),(10676,30155,0,250000,330,0,500000,660,0,750000,990,2,1000000,1320,'2016-04-08 15:08:00',1,'Aris Reynold V. Cajigal, Extension Director'),(7722,30155,0,200000,198,0,400000,396,0,600000,594,3,800000,792,'2016-04-08 15:11:00',1,'Aris Reynold V. Cajigal, Extension Director'),(8723,8497,0,0,0,0,0,0,6,300000,0,0,0,0,'2016-04-08 15:12:00',1,'Jinnefer Buenafe Pulmano, PEO II'),(8055,30155,0,200000,198,0,400000,396,0,600000,594,2,800000,792,'2016-04-08 15:13:00',1,'Aris Reynold V. Cajigal, Extension Director'),(11256,30155,0,200000,198,0,400000,396,0,600000,594,3,800000,792,'2016-04-08 15:20:00',1,'Aris Reynold V. Cajigal, Extension Director'),(30929,8497,0,0,0,4000,2000000,0,0,0,0,0,0,0,'2016-04-08 15:21:00',1,'Jinnefer Buenafe Pulmano, PEO II'),(20278,30155,0,150000,132,0,300000,264,0,450000,396,2,600000,528,'2016-04-08 15:23:00',1,'Aris Reynold V. Cajigal, Extension Director'),(29800,30155,0,150000,132,0,300000,264,0,450000,396,2,600000,528,'2016-04-08 15:25:00',1,'Aris Reynold V. Cajigal, Extension Director'),(31824,30155,0,150000,132,0,300000,264,0,450000,396,3,600000,528,'2016-04-08 15:28:00',1,'Aris Reynold V. Cajigal, Extension Director'),(32614,30155,0,150000,132,0,300000,264,0,450000,396,2,600000,528,'2016-04-08 15:30:00',1,'Aris Reynold V. Cajigal, Extension Director'),(6960,242,20000,2800000,0,69000,5600000,0,118000,8400000,0,136752,11200000,0,'2016-04-08 15:39:00',1,'Crescencia B. Boac, Supervising TESDS'),(28801,30155,0,100000,132,0,200000,264,0,300000,396,2,400000,528,'2016-04-08 15:40:00',1,'Aris Reynold V. Cajigal, Extension Director'),(32329,30155,0,180000,132,0,360000,264,0,540000,396,3,720000,528,'2016-04-08 15:44:00',1,'Aris Reynold V. Cajigal, Extension Director'),(22452,30155,0,150000,330,0,300000,660,0,450000,990,4,600000,1320,'2016-04-08 15:46:00',1,'Aris Reynold V. Cajigal, Extension Director'),(29671,8497,0,0,0,3,300000,0,6,600000,0,3,300000,0,'2016-04-08 15:47:00',1,'Jinnefer Buenafe Pulmano, PEO II'),(27818,30155,0,150000,330,0,300000,660,0,450000,990,2,600000,1320,'2016-04-08 15:47:00',1,'Aris Reynold V. Cajigal, Extension Director'),(679,242,1900,8008000,0,4169,31399500,0,5459,54791000,0,6744,62166500,0,'2016-04-08 15:51:00',1,'Crescencia B. Boac, Supervising TESDS'),(24119,30155,0,200000,330,0,400000,660,0,600000,990,2,800000,1320,'2016-04-08 15:55:00',1,'Aris Reynold V. Cajigal, Extension Director'),(29997,30155,0,150000,264,0,300000,528,0,450000,792,1,600000,1056,'2016-04-08 15:58:00',1,'Aris Reynold V. Cajigal, Extension Director'),(13140,242,0,0,0,0,0,0,400,4221000,0,889,8442000,0,'2016-04-08 15:59:00',1,'Crescencia B. Boac, Supervising TESDS'),(128,8497,0,0,0,0,0,0,2,6000000,0,0,0,0,'2016-04-08 16:05:00',1,'Jinnefer Buenafe Pulmano, PEO II'),(4004,30155,0,150000,264,0,300000,528,0,450000,792,1,600000,1056,'2016-04-08 16:05:00',1,'Aris Reynold V. Cajigal, Extension Director'),(8957,242,0,0,0,1000,632500,0,2500,1265000,0,3025,1897500,0,'2016-04-08 16:06:00',1,'Crescencia B. Boac, Supervising TESDS'),(18909,30155,0,75000,132,0,150000,264,0,225000,396,2,300000,528,'2016-04-08 16:10:00',1,'Aris Reynold V. Cajigal, Extension Director'),(31058,30155,0,200000,264,0,400000,528,0,600000,792,4,800000,1056,'2016-04-08 16:12:00',1,'Aris Reynold V. Cajigal, Extension Director'),(19042,30155,0,125000,198,0,250000,396,0,375000,524,2,500000,792,'2016-04-08 16:15:00',1,'Aris Reynold V. Cajigal, Extension Director'),(14323,30155,0,150000,198,0,300000,396,0,450000,594,1,600000,792,'2016-04-08 16:17:00',1,'Aris Reynold V. Cajigal, Extension Director'),(3248,8497,0,0,0,10000,462000,0,0,0,0,0,0,0,'2016-04-08 16:18:00',1,'Jinnefer Buenafe Pulmano, PEO II'),(14121,30155,0,300000,264,0,600000,528,0,900000,792,2,1200000,1056,'2016-04-08 16:19:00',1,'Aris Reynold V. Cajigal, Extension Director'),(5341,30155,0,125000,264,0,250000,528,0,375000,792,20,500000,1056,'2016-04-08 16:22:00',1,'Aris Reynold V. Cajigal, Extension Director'),(10926,8497,1,1075000,0,0,0,0,0,0,0,0,0,0,'2016-04-08 16:26:00',1,'Jinnefer Buenafe Pulmano, PEO II'),(24655,30155,0,300000,264,0,600000,528,0,900000,792,1,1200000,1056,'2016-04-08 16:26:00',1,'Aris Reynold V. Cajigal, Extension Director'),(6126,30155,0,125000,264,0,250000,528,0,375000,792,1,500000,1056,'2016-04-08 16:28:00',1,'Aris Reynold V. Cajigal, Extension Director'),(17372,8497,0,0,0,65,440000,0,0,0,0,0,0,0,'2016-04-08 16:29:00',1,'Jinnefer Buenafe Pulmano, PEO II'),(11085,30155,0,125000,264,0,250000,528,0,375000,792,1,500000,1056,'2016-04-08 16:30:00',1,'Aris Reynold V. Cajigal, Extension Director'),(24541,30155,0,125000,264,0,250000,528,0,375000,792,1,500000,1056,'2016-04-08 16:32:00',1,'Aris Reynold V. Cajigal, Extension Director'),(25743,8497,4,2464000,0,4,2464000,0,4,2464000,0,4,2464000,0,'2016-04-08 16:33:00',1,'Jinnefer Buenafe Pulmano, PEO II'),(4892,30155,0,125000,264,0,250000,528,0,375000,792,1,500000,1056,'2016-04-08 16:35:00',1,'Aris Reynold V. Cajigal, Extension Director'),(11250,15959,0,0,0,10,128000,0,0,0,0,0,0,0,'2016-04-08 17:28:00',0,NULL),(26297,8515,0,0,0,0,235750,0,0,565800,0,15,943000,0,'2016-04-08 20:10:00',1,'Ma. Odessa Mapanao Pacaul, Planning Director'),(11552,8515,0,0,0,0,229275,0,0,550260,0,13,917100,0,'2016-04-08 20:13:00',1,'Ma. Odessa Mapanao Pacaul, Planning Director'),(25513,8515,0,0,0,1,30000,0,0,0,0,0,0,0,'2016-04-08 21:17:00',1,'Ma. Odessa Mapanao Pacaul, Planning Director'),(22083,27238,25,55000,0,25,55000,0,25,55000,0,25,55000,0,'2016-04-11 09:13:00',1,'Manuel Caluza Ramiscal, Economist IV'),(20417,27238,2500,0,0,2500,0,0,2500,0,0,2500,0,0,'2016-04-11 09:17:00',1,'Manuel Caluza Ramiscal, Economist IV'),(3842,27238,750000,21645000,0,1500000,43290000,0,2250000,64935000,0,0,0,0,'2016-04-11 10:10:00',1,'Manuel Caluza Ramiscal, Economist IV'),(13716,27238,2857518,0,0,5918905,0,0,7280350,0,0,0,0,0,'2016-04-11 13:50:00',1,'Manuel Caluza Ramiscal, Economist IV'),(21696,27238,1240,0,0,2569,0,0,3160,0,0,-0.004,0,0,'2016-04-11 14:13:00',1,'Manuel Caluza Ramiscal, Economist IV'),(26947,27238,1170000,0,0,0,0,0,0,0,0,0,0,0,'2016-04-11 14:17:00',1,'Manuel Caluza Ramiscal, Economist IV'),(17052,27238,1240,0,0,2569,0,0,3160,0,0,0,0,0,'2016-04-11 14:20:00',1,'Manuel Caluza Ramiscal, Economist IV'),(22846,27238,1310,112500000,0,2620,225000000,0,3930,337500000,0,5238,450000000,0,'2016-04-11 14:46:00',1,'Manuel Caluza Ramiscal, Economist IV'),(15880,27238,21,0,0,21,0,0,21,0,0,22,0,0,'2016-04-11 14:57:00',1,'Manuel Caluza Ramiscal, Economist IV'),(6205,27238,2016,0,0,4032,0,0,6048,0,0,8066,0,0,'2016-04-11 15:00:00',1,'Manuel Caluza Ramiscal, Economist IV');

UNLOCK TABLES;

/*Table structure for table `tbluser` */

DROP TABLE IF EXISTS `tbluser`;

CREATE TABLE `tbluser` (
  `userid` int(64) NOT NULL,
  `agencyid` int(64) default NULL,
  `uname` varchar(20) NOT NULL,
  `pword` varchar(64) default NULL,
  `rightid` int(11) default NULL,
  `email` varchar(64) default NULL,
  `position` varchar(64) default NULL,
  `lastname` varchar(64) default NULL,
  `firstname` varchar(64) default NULL,
  `middlename` varchar(64) default NULL,
  `division` varchar(64) default NULL,
  `title` varchar(64) default NULL,
  PRIMARY KEY  (`userid`,`uname`),
  UNIQUE KEY `tbluser` (`userid`,`uname`),
  KEY `agencyid` (`agencyid`),
  KEY `rightid` (`rightid`),
  CONSTRAINT `tbluser_ibfk_1` FOREIGN KEY (`agencyid`) REFERENCES `tblagency` (`agencyid`),
  CONSTRAINT `tbluser_ibfk_2` FOREIGN KEY (`rightid`) REFERENCES `tbluserrights` (`rightid`)
) ENGINE=InnoDB DEFAULT CHARSET=latin1;

/*Data for the table `tbluser` */

LOCK TABLES `tbluser` WRITE;

insert  into `tbluser`(`userid`,`agencyid`,`uname`,`pword`,`rightid`,`email`,`position`,`lastname`,`firstname`,`middlename`,`division`,`title`) values (101,8497,'jennifer01','e2ad27448450222fff6e996d4a942b931ae14abc',2,'jinnefer_pulmano@yahoo.com','PEO II','Pulmano','Jinnefer','Buenafe','',''),(102,11657,'monique1','146f1f7c05ec7bd056344e9468039e5a7a574b15',2,'nicprep@ymail.com','CMT II','Prepose','Monique','','',''),(103,27238,'manuel01','34b70591e298c58424d7971304c4a4655b8a5138',2,'ramiscalmanuel@yahoo.com','Economist IV','Ramiscal','Manuel','Caluza','',''),(104,16072,'ronald01','6fb0f2e41596affae3fdb3dea0765da4add8bd8c',2,'lu_ppdo@yahoo.com','PEO-I','Cabrillos','Ronald','Parnaso','',''),(105,9902,'corazon01','f3612cd52627a05f07dc297c183032947e10e794',2,'luquingan_cor@yahoo.com','EPS','Luquingan','Corazon','Quintal','',''),(107,9001,'armand01','6a109a020d46d717aa8a1e393f8c02f2fc3e857d',2,'armhe2004@yahoo.com','AA 1','Estigoy','Armand Ruel','Llarenas','',''),(108,23942,'judith01','72744f36da59a8446a13a9f502b9f545b3839058',2,'judithlamparan@yahoo.com','Planning Officer 01','','','','',''),(109,8034,'elvira1','8e5ee5bfa43eede2eac47bde6cb95463a161b04d',2,'elvirapoplonot@yahoo.com','Statistician II','Paplonot','Elvira ','D.','',''),(110,8034,'jay1','3e4b1420d0f468b77ba9d61ba56b3dc3680f8ee3',2,'dulayjay@gmail.com','SHPO','Dulay','Jay','V.','',''),(111,9001,'edwin1','851b360930f4e54f89146e317dfe41cb67391130',2,'edwindilim@gmail.com','PEO 1','Dilim','Edwin','M.','',''),(112,7044,'sheryl01','aa57ca11c582cd8fe51858b3524ff8ddee1e333d',2,'shyre.eslao@gmail.com','PA III','','','','',''),(113,8156,'alvin1','a5b8d8aa387ed8ec5f42f33bca64e2ea2a68f5a5',2,'alvin.eguilos@gmail.com','ENGR. I','Eguilos','Alvin Joseph','del Rosario','',''),(114,15684,'bimbo01','2ee4be340a94b56a192b0620c4cf8047846cad27',2,'arzadonbimbo@yahoo.com.ph','Engr. II','','','','',''),(115,30155,'aris1','3589822a0cbfa134ad01ac64feb13dd8a90ef8a4',2,'pmis@mmsu.edu.ph','Extension Director','Cajigal','Aris Reynold','V.','',''),(116,7044,'mel01','9afba48ba5af789be87cc0b6eb3fc6100eb59860',2,'smilegurtiza24@yahoo.com','SRS','Gurtiza','Ismael','Diaz','',''),(117,27463,'gerson01','7771360f076742a9af8245ba704a243e44288ae9',2,'popcomro1.imcu@gmail.com','PEO 1','Torres','Roy Gerson','Balcita','',''),(118,11671,'allen01','56e6a404f8200f42486926ff8b7d3beed7de7056',2,'tssd.dole1@yahoo.com','PO III','','','','',''),(119,9862,'mancielito01','8bbb9fcde3cb451286c7d98df60efb2be220d68b',2,'ppdo_isur@yahoo.com','Admin Assistant II','','','','',''),(120,32301,'angelica01','df8385a3d661dbeb3348fd0b4ca14d3b709f2d0b',2,'angel@yahoo.com','ES II','','','','',''),(121,2,'freynon','1dd6a1292b8adea82433fd48679a58f4370bf540',1,'freynon@gmail.com','Sr. EDS','Perez','Ednore Freynon','Nuval','PMED',''),(122,28499,'remelyn01','c78b7439f6267a557be6533a9778ea79534651bc',2,'dmmmsucarris@yahoo.com','','Almodovar','Remelyn','Viste','',''),(123,16072,'rainier01','cc74af6e97c7cdd814f8fdb83313333acaf642c3',2,'lu_ppdo@yahoo.com','PEO II','De Guzman','Rainier','','',''),(124,8156,'ethel1','9a6d863ff419aa459257dd41f7e12af5c6006847',2,'esquejo.ethel_jane@dpwh.gov.ph','ENGR. II','Esquejo','Ethel Jane','C.','',''),(126,32301,'catherine01','6d5c5a1a3c2fd063c8728ffa8327d7ae7fdf1468',2,'cchan@ched.gov.ph','ES II','CHan','Catherin','','`',''),(127,242,'crescencia1','7d28964ee79046241c4c34e33485836251d5fc53',2,'cbboac@tesda.gov.ph','Supervising TESDS','Boac','Crescencia','B.','',''),(128,2,'chester01','07555cf4474a9a1189b4f804879283efc6a3cc0a',1,'chester.erestingcol@yahoo.com','EDS I','Erestingcol','Chester','Evangelista','PMED',''),(129,12712,'katherine01','853f83af25e7596f0ebab4c1ab2767a04cd6e523',2,'katine_65@yahoo.com','Sr. Engineer A.','','','','',''),(130,11343,'loryna01','9e83ac46ad306581ffa9e3c09c1ac9a7b8ed1677',2,'dotregion1@pldtdsl.net','STOO','Fonacier','Loryna','','',''),(131,1,'david01','97d5587e2795825682defdcc183d41a6fbd39b05',2,'planning.fo1@dswd.gov.ph','statistician 1','Rabelas','David','Milo','',''),(132,17089,'rodolfo01','6934f5be54a4b46c3d56c65ecd5375e46de3d243',2,'rcmoreno3@yahoo.com','Planning','','','','',''),(133,15959,'jeizel01','6938448804c07bcd9329bbb88d032e2ba812403c',2,'pmedbfar1@yahoo.com','Aqua I','Lachica','Remely','Basi','',''),(134,28499,'zaldy01','3ce99572e51c7b27ee9a69106f6b483478f51b47',2,'zrdelmendo@dmmmsu.edu.ph','Planning Staff','','','','',''),(135,8156,'angelito1','b8a7635b28f6b6ff6513f5858c296b0b3d6d9df5',2,'dianangelito@yahoo.com','ENGR. III','Dian','Angelito','A.','','ENGR.'),(136,15979,'helen01','f6851ee67a43048ccbc5474dcfd6dd1bb056cdcf',2,'lhentistino@yahoo.com','TAA 1','','','','',''),(137,27056,'cherrie1','824204a7be8ee9b1aad94b688e6cf1829b62683e',2,'cherriemaymd@yahoo.com.ph','MS-IV','','Cherrie May','','',''),(138,2,'ryanne','3eb455b673c01e2da6dee6e1123022f928748d38',1,'ryanne.narvaez@gmail.com','SrEDS','Narvaez','Ryanne','Nieveras','PMED',''),(139,11671,'allen01','56e6a404f8200f42486926ff8b7d3beed7de7056',2,'tssd.dole1@yahoo.com','PO III','Navarro','Allen','','',''),(140,23393,'brigida01','aa0733457379bb55f8eb9d6665bceda8d02a11c7',2,'bergiecaoile@yahoo.com','','','','','',''),(141,9902,'celso01','960414b31786cf545a117769d8370aaf07158d76',2,'ceaman777@yahoo.com','Engineer III','','','','',''),(142,25988,'chricept1','21915da11777ef2feb5732c1d2e62768957e95e6',2,'chrisviloria@rocketmail.com','PDO IV','Viloria','Chricept','T.','',''),(143,8497,'glenda01','8728b8b273d232b857a9a2789296beca9e02e934',2,'glenvillaga@yahoo.com','CMT II','Villaga','Glenda','Munar','',''),(144,17344,'mariano01','ffe1623e85b2b7d35bead8f0ffa0db306bb0dfd8',2,'op@unp.edu.ph','Admin Art II','Romano, Jr.','Mariano','Tabangin','',''),(145,8515,'merlita01','2ee1f014f3ff060a3d410ab0f25d15f24ea2f330',2,'merlita@yahoo.com','GAD Director','','','','',''),(146,8515,'odessa01','7b798abc47111e3f51d089039a1c0f909ad4ad79',2,'dess_psu@yahoo.comDireco','Planning Director','Pacaul','Ma. Odessa','Mapanao','',''),(147,26867,'reagan1','3c907475620184a5839e9f699d974d14afe00e7f',2,'reaganlouie-funtanilla@yahoo.com','Admin Officer 1','Funtanilla','Reagan Louie','C.','',''),(149,15979,'ncipr1','935fccab1a76915c4c79dea0d97994092c2cab37',2,'rmabenes@yahoo.com','Planning Officer II','abenes','rosemary','madriaga','TMSD','Focal Person'),(18559,2,'marissa','a8ead8ba39cb506aeaab8fbde0f60ec43be45e66',2,'m_gorospe@yahoo.com','CEDS','Gorospe','Marissa','Mabutas','PMED','Ms'),(30658,2,'Bernardo7','3abfab76f9facdd5572017b7545d407b8cf3be49',1,'bernardbiay@yahoo.com','Sr. EDS','Biay','Bernardo','Ferrer','PMED','Mr.'),(361716966,2,'donnie09','10a1338886d2258dc21ec0b23e3e498c428ca70e',1,'dgallocanta@gmail.com','Programmer','Gallocanta','Donnie','Rocapor','PMED','');

UNLOCK TABLES;

/*Table structure for table `tbluserrights` */

DROP TABLE IF EXISTS `tbluserrights`;

CREATE TABLE `tbluserrights` (
  `rightid` int(11) NOT NULL default '0',
  `rightdesc` varchar(20) default NULL,
  PRIMARY KEY  (`rightid`)
) ENGINE=InnoDB DEFAULT CHARSET=latin1;

/*Data for the table `tbluserrights` */

LOCK TABLES `tbluserrights` WRITE;

insert  into `tbluserrights`(`rightid`,`rightdesc`) values (1,'Admin'),(2,'Program User');

UNLOCK TABLES;

/*Table structure for table `typhoon` */

DROP TABLE IF EXISTS `typhoon`;

CREATE TABLE `typhoon` (
  `typhoonid` int(11) NOT NULL,
  `typhoonName` varchar(64) default NULL,
  `year` year(4) default NULL,
  PRIMARY KEY  (`typhoonid`)
) ENGINE=InnoDB DEFAULT CHARSET=latin1;

/*Data for the table `typhoon` */

LOCK TABLES `typhoon` WRITE;

insert  into `typhoon`(`typhoonid`,`typhoonName`,`year`) values (0,'no typhoon',NULL),(4341,'lando',2011),(12779,'undoy',2016);

UNLOCK TABLES;

/*!40101 SET SQL_MODE=@OLD_SQL_MODE */;
/*!40014 SET FOREIGN_KEY_CHECKS=@OLD_FOREIGN_KEY_CHECKS */;
